2026/08/08 23:46:30 - mmengine - INFO - 
------------------------------------------------------------
System environment:
    sys.platform: linux
    Python: 3.10.20 (main, Jun 11 2026, 15:17:37) [GCC 14.3.0]
    CUDA available: True
    MUSA available: False
    numpy_random_seed: 1229477703
    GPU 0: NVIDIA RTX A5000
    CUDA_HOME: /usr
    NVCC: Cuda compilation tools, release 11.5, V11.5.119
    GCC: gcc (Ubuntu 9.5.0-1ubuntu1~22.04.1) 9.5.0
    PyTorch: 2.1.0+cu121
    PyTorch compiling details: PyTorch built with:
  - GCC 9.3
  - C++ Version: 201703
  - Intel(R) oneAPI Math Kernel Library Version 2022.2-Product Build 20220804 for Intel(R) 64 architecture applications
  - Intel(R) MKL-DNN v3.1.1 (Git Hash 64f6bcbcbab628e96f33a62c3e975f8535a7bde4)
  - OpenMP 201511 (a.k.a. OpenMP 4.5)
  - LAPACK is enabled (usually provided by MKL)
  - NNPACK is enabled
  - CPU capability usage: AVX2
  - CUDA Runtime 12.1
  - NVCC architecture flags: -gencode;arch=compute_50,code=sm_50;-gencode;arch=compute_60,code=sm_60;-gencode;arch=compute_70,code=sm_70;-gencode;arch=compute_75,code=sm_75;-gencode;arch=compute_80,code=sm_80;-gencode;arch=compute_86,code=sm_86;-gencode;arch=compute_90,code=sm_90
  - CuDNN 8.9.2
  - Magma 2.6.1
  - Build settings: BLAS_INFO=mkl, BUILD_TYPE=Release, CUDA_VERSION=12.1, CUDNN_VERSION=8.9.2, CXX_COMPILER=/opt/rh/devtoolset-9/root/usr/bin/c++, CXX_FLAGS= -D_GLIBCXX_USE_CXX11_ABI=0 -fabi-version=11 -fvisibility-inlines-hidden -DUSE_PTHREADPOOL -DNDEBUG -DUSE_KINETO -DLIBKINETO_NOROCTRACER -DUSE_FBGEMM -DUSE_QNNPACK -DUSE_PYTORCH_QNNPACK -DUSE_XNNPACK -DSYMBOLICATE_MOBILE_DEBUG_HANDLE -O2 -fPIC -Wall -Wextra -Werror=return-type -Werror=non-virtual-dtor -Werror=bool-operation -Wnarrowing -Wno-missing-field-initializers -Wno-type-limits -Wno-array-bounds -Wno-unknown-pragmas -Wno-unused-parameter -Wno-unused-function -Wno-unused-result -Wno-strict-overflow -Wno-strict-aliasing -Wno-stringop-overflow -Wno-psabi -Wno-error=pedantic -Wno-error=old-style-cast -Wno-invalid-partial-specialization -Wno-unused-private-field -Wno-aligned-allocation-unavailable -Wno-missing-braces -fdiagnostics-color=always -faligned-new -Wno-unused-but-set-variable -Wno-maybe-uninitialized -fno-math-errno -fno-trapping-math -Werror=format -Werror=cast-function-type -Wno-stringop-overflow, LAPACK_INFO=mkl, PERF_WITH_AVX=1, PERF_WITH_AVX2=1, PERF_WITH_AVX512=1, TORCH_DISABLE_GPU_ASSERTS=ON, TORCH_VERSION=2.1.0, USE_CUDA=ON, USE_CUDNN=ON, USE_EXCEPTION_PTR=1, USE_GFLAGS=OFF, USE_GLOG=OFF, USE_MKL=ON, USE_MKLDNN=ON, USE_MPI=OFF, USE_NCCL=1, USE_NNPACK=ON, USE_OPENMP=ON, USE_ROCM=OFF, 

    TorchVision: 0.16.0+cu121
    OpenCV: 4.13.0
    MMEngine: 0.10.5

Runtime environment:
    cudnn_benchmark: True
    mp_cfg: {'mp_start_method': 'fork', 'opencv_num_threads': 0}
    dist_cfg: {'backend': 'nccl'}
    seed: 1229477703
    Distributed launcher: none
    Distributed training: False
    GPU number: 1
------------------------------------------------------------

2026/08/08 23:46:31 - mmengine - INFO - Config:
METAINFO = dict(
    classes=(
        'A1',
        'A2',
        'A3',
        'B4',
        'B5',
        'C6',
        'C7',
        'C8',
        'C9',
        'C10',
        'C11',
        'C12',
        'D13',
        'D14',
        'D15',
        'E16',
        'E17',
        'E18',
        'F19',
        'F20',
        'G21',
        'G22',
        'X',
        'Y',
    ),
    palette=[
        (
            220,
            20,
            60,
        ),
        (
            119,
            11,
            32,
        ),
        (
            0,
            0,
            142,
        ),
        (
            0,
            0,
            230,
        ),
        (
            106,
            0,
            228,
        ),
        (
            0,
            60,
            100,
        ),
        (
            0,
            80,
            100,
        ),
        (
            0,
            0,
            70,
        ),
        (
            0,
            0,
            192,
        ),
        (
            250,
            170,
            30,
        ),
        (
            100,
            170,
            30,
        ),
        (
            220,
            220,
            0,
        ),
        (
            175,
            116,
            175,
        ),
        (
            250,
            0,
            30,
        ),
        (
            165,
            42,
            42,
        ),
        (
            255,
            77,
            255,
        ),
        (
            0,
            226,
            252,
        ),
        (
            182,
            182,
            255,
        ),
        (
            0,
            82,
            0,
        ),
        (
            120,
            166,
            157,
        ),
        (
            110,
            76,
            0,
        ),
        (
            174,
            57,
            255,
        ),
        (
            199,
            100,
            0,
        ),
        (
            72,
            0,
            118,
        ),
    ])
auto_scale_lr = dict(base_batch_size=16, enable=False)
backend = 'pillow'
backend_args = None
batch_size = 4
classes = (
    'A1',
    'A2',
    'A3',
    'B4',
    'B5',
    'C6',
    'C7',
    'C8',
    'C9',
    'C10',
    'C11',
    'C12',
    'D13',
    'D14',
    'D15',
    'E16',
    'E17',
    'E18',
    'F19',
    'F20',
    'G21',
    'G22',
    'X',
    'Y',
)
custom_hooks = [
    dict(
        min_delta=0.001,
        monitor='coco/bbox_mAP',
        patience=30,
        priority=50,
        rule='greater',
        type='EarlyStoppingHook'),
    dict(priority='VERY_LOW', type='CopyProjectHook'),
]
custom_imports = dict(
    allow_failed_imports=False,
    imports=[
        'experiments.mmdet_bridge.registry',
        'experiments.mmdet_bridge.detector',
        'experiments.mmdet_bridge.hooks',
        'experiments.mmdet_bridge.transforms',
        'swanlab.integration.mmengine',
    ])
data_root = 'data/24_chromosomes_object/coco/'
dataset_type = 'CocoDataset'
default_hooks = dict(
    checkpoint=dict(
        interval=1,
        max_keep_ckpts=1,
        rule='greater',
        save_best='coco/bbox_mAP',
        save_last=True,
        type='CheckpointHook'),
    logger=dict(interval=50, type='LoggerHook'),
    param_scheduler=dict(type='ParamSchedulerHook'),
    sampler_seed=dict(type='DistSamplerSeedHook'),
    timer=dict(type='IterTimerHook'),
    visualization=dict(type='DetVisualizationHook'))
default_scope = 'mmdet'
env_cfg = dict(
    cudnn_benchmark=True,
    dist_cfg=dict(backend='nccl'),
    mp_cfg=dict(mp_start_method='fork', opencv_num_threads=0))
load_from = 'work_dirs/a4_dpm_pp_24obj/best_coco_bbox_mAP_epoch_117.pth'
log_level = 'INFO'
log_processor = dict(by_epoch=True, type='LogProcessor', window_size=50)
max_epoch = 150
model = dict(
    backbone=dict(
        depth=50,
        frozen_stages=1,
        init_cfg=dict(checkpoint='torchvision://resnet50', type='Pretrained'),
        norm_cfg=dict(requires_grad=True, type='BN'),
        norm_eval=True,
        num_stages=4,
        out_indices=(
            0,
            1,
            2,
            3,
        ),
        style='pytorch',
        type='ResNet'),
    bbox_head=dict(
        coupling=dict(
            coupling_mode='multinomial',
            epsilon=5.0,
            num_iters=20,
            type='ot_flow'),
        criterion=dict(
            assigner=dict(
                candidate_topk=5,
                center_radius=2.5,
                match_costs=[
                    dict(type='PurePyTorchFocalLossCost', weight=2.0),
                    dict(type='PurePyTorchBBoxL1Cost', weight=5.0),
                    dict(
                        iou_mode='giou', type='PurePyTorchIoUCost',
                        weight=2.0),
                ],
                type='PurePyTorchDiffusionDetMatcher'),
            loss_bbox=dict(loss_weight=5.0, type='PurePyTorchL1Loss'),
            loss_cls=dict(loss_weight=2.0, type='PurePyTorchFocalLoss'),
            loss_giou=dict(loss_weight=2.0, type='PurePyTorchGIoULoss'),
            num_classes=24,
            quality_focal_alpha=0.75,
            quality_focal_gamma=2.0,
            quality_loss_weight=0.25,
            type='PurePyTorchDiffusionDetCriterion'),
        ddim_sampling_eta=1.0,
        deep_supervision=True,
        diffusion_type='rectified_flow',
        feat_channels=256,
        num_classes=24,
        num_heads=6,
        num_proposals=500,
        prior_prob=0.01,
        quality_calibration_mode='final_only',
        quality_only_training=True,
        quality_score_beta=2.0,
        rf_schedule='shifted',
        rf_shift=3.0,
        roi_extractor=dict(
            featmap_strides=[
                4,
                8,
                16,
                32,
            ],
            out_channels=256,
            roi_layer=dict(output_size=7, sampling_ratio=2, type='RoIAlign'),
            type='PurePyTorchSingleRoIExtractor'),
        sampling_timesteps=4,
        single_head=dict(
            dim_feedforward=2048,
            dropout=0.0,
            feat_channels=256,
            num_classes=24,
            num_cls_convs=1,
            num_heads=8,
            num_reg_convs=3,
            predict_iou_quality=True,
            quality_hidden=128,
            time_conditioning='adaln_zero',
            type='PurePyTorchSingleDiffusionDetHead'),
        snr_scale=2.0,
        solver_type='dpm_solver_pp',
        type='PurePyTorchDiffusionDetHead'),
    data_preprocessor=dict(
        bgr_to_rgb=True,
        mean=[
            123.675,
            116.28,
            103.53,
        ],
        pad_size_divisor=32,
        std=[
            58.395,
            57.12,
            57.375,
        ],
        type='DetDataPreprocessor'),
    neck=dict(
        in_channels=[
            256,
            512,
            1024,
            2048,
        ],
        num_outs=4,
        out_channels=256,
        type='FPN'),
    test_cfg=dict(
        min_bbox_size=0,
        nms=dict(iou_threshold=0.5, type='nms'),
        score_thr=0.5,
        use_nms=True),
    type='LDMDet')
num_classes = 24
num_workers = 4
optim_wrapper = dict(
    clip_grad=dict(max_norm=1.0, norm_type=2),
    optimizer=dict(lr=0.001, type='AdamW', weight_decay=0.0001),
    type='OptimWrapper')
param_scheduler = [
    dict(begin=0, by_epoch=False, end=200, start_factor=0.1, type='LinearLR'),
    dict(
        T_max=12,
        begin=0,
        by_epoch=True,
        end=12,
        eta_min=1e-06,
        type='CosineAnnealingLR'),
]
prefetch_factor = 4
resume = False
test_cfg = dict(type='TestLoop')
test_dataloader = dict(
    batch_size=1,
    dataset=dict(
        ann_file='test/_annotations.coco.json',
        data_prefix=dict(img='test/'),
        data_root='data/24_chromosomes_object/coco/',
        metainfo=dict(
            classes=(
                'A1',
                'A2',
                'A3',
                'B4',
                'B5',
                'C10',
                'C11',
                'C12',
                'C6',
                'C7',
                'C8',
                'C9',
                'D13',
                'D14',
                'D15',
                'E16',
                'E17',
                'E18',
                'F19',
                'F20',
                'G21',
                'G22',
                'X',
                'Y',
            ),
            palette=[
                (
                    220,
                    20,
                    60,
                ),
                (
                    119,
                    11,
                    32,
                ),
                (
                    0,
                    0,
                    142,
                ),
                (
                    0,
                    0,
                    230,
                ),
                (
                    106,
                    0,
                    228,
                ),
                (
                    0,
                    60,
                    100,
                ),
                (
                    0,
                    80,
                    100,
                ),
                (
                    0,
                    0,
                    70,
                ),
                (
                    0,
                    0,
                    192,
                ),
                (
                    250,
                    170,
                    30,
                ),
                (
                    100,
                    170,
                    30,
                ),
                (
                    220,
                    220,
                    0,
                ),
                (
                    175,
                    116,
                    175,
                ),
                (
                    250,
                    0,
                    30,
                ),
                (
                    165,
                    42,
                    42,
                ),
                (
                    255,
                    77,
                    255,
                ),
                (
                    0,
                    226,
                    252,
                ),
                (
                    182,
                    182,
                    255,
                ),
                (
                    0,
                    82,
                    0,
                ),
                (
                    120,
                    166,
                    157,
                ),
                (
                    110,
                    76,
                    0,
                ),
                (
                    174,
                    57,
                    255,
                ),
                (
                    199,
                    100,
                    0,
                ),
                (
                    72,
                    0,
                    118,
                ),
            ]),
        pipeline=[
            dict(
                backend_args=None,
                imdecode_backend='pillow',
                type='LoadImageFromFile'),
            dict(
                backend='pillow',
                keep_ratio=True,
                scale=(
                    1333,
                    800,
                ),
                type='Resize'),
            dict(type='LoadAnnotations', with_bbox=True),
            dict(
                meta_keys=(
                    'img_id',
                    'img_path',
                    'ori_shape',
                    'img_shape',
                    'scale_factor',
                ),
                type='PackDetInputs'),
        ],
        test_mode=True,
        type='CocoDataset'),
    drop_last=False,
    num_workers=2,
    persistent_workers=True,
    sampler=dict(shuffle=False, type='DefaultSampler'))
test_evaluator = dict(
    ann_file='data/24_chromosomes_object/coco/valid/_annotations.coco.json',
    classwise=True,
    format_only=False,
    metric='bbox',
    outfile_prefix='./work_dirs/chromo_coco_detection/test',
    type='CocoMetric')
test_pipeline = [
    dict(
        backend_args=None, imdecode_backend='pillow',
        type='LoadImageFromFile'),
    dict(
        backend='pillow', keep_ratio=True, scale=(
            1333,
            800,
        ), type='Resize'),
    dict(type='LoadAnnotations', with_bbox=True),
    dict(
        meta_keys=(
            'img_id',
            'img_path',
            'ori_shape',
            'img_shape',
            'scale_factor',
        ),
        type='PackDetInputs'),
]
train_cfg = dict(max_epochs=12, type='EpochBasedTrainLoop', val_interval=1)
train_dataloader = dict(
    batch_sampler=dict(type='AspectRatioBatchSampler'),
    batch_size=2,
    dataset=dict(
        ann_file='train/_annotations.coco.json',
        backend_args=None,
        data_prefix=dict(img='train/'),
        data_root='data/24_chromosomes_object/coco/',
        filter_cfg=dict(filter_empty_gt=False, min_size=1e-05),
        metainfo=dict(
            classes=(
                'A1',
                'A2',
                'A3',
                'B4',
                'B5',
                'C10',
                'C11',
                'C12',
                'C6',
                'C7',
                'C8',
                'C9',
                'D13',
                'D14',
                'D15',
                'E16',
                'E17',
                'E18',
                'F19',
                'F20',
                'G21',
                'G22',
                'X',
                'Y',
            ),
            palette=[
                (
                    220,
                    20,
                    60,
                ),
                (
                    119,
                    11,
                    32,
                ),
                (
                    0,
                    0,
                    142,
                ),
                (
                    0,
                    0,
                    230,
                ),
                (
                    106,
                    0,
                    228,
                ),
                (
                    0,
                    60,
                    100,
                ),
                (
                    0,
                    80,
                    100,
                ),
                (
                    0,
                    0,
                    70,
                ),
                (
                    0,
                    0,
                    192,
                ),
                (
                    250,
                    170,
                    30,
                ),
                (
                    100,
                    170,
                    30,
                ),
                (
                    220,
                    220,
                    0,
                ),
                (
                    175,
                    116,
                    175,
                ),
                (
                    250,
                    0,
                    30,
                ),
                (
                    165,
                    42,
                    42,
                ),
                (
                    255,
                    77,
                    255,
                ),
                (
                    0,
                    226,
                    252,
                ),
                (
                    182,
                    182,
                    255,
                ),
                (
                    0,
                    82,
                    0,
                ),
                (
                    120,
                    166,
                    157,
                ),
                (
                    110,
                    76,
                    0,
                ),
                (
                    174,
                    57,
                    255,
                ),
                (
                    199,
                    100,
                    0,
                ),
                (
                    72,
                    0,
                    118,
                ),
            ]),
        pipeline=[
            dict(
                backend_args=None,
                imdecode_backend='pillow',
                type='LoadImageFromFile'),
            dict(type='LoadAnnotations', with_bbox=True),
            dict(prob=0.5, type='RandomFlip'),
            dict(
                transforms=[
                    [
                        dict(
                            backend='pillow',
                            keep_ratio=True,
                            scales=[
                                (
                                    480,
                                    1333,
                                ),
                                (
                                    512,
                                    1333,
                                ),
                                (
                                    544,
                                    1333,
                                ),
                                (
                                    576,
                                    1333,
                                ),
                                (
                                    608,
                                    1333,
                                ),
                                (
                                    640,
                                    1333,
                                ),
                                (
                                    672,
                                    1333,
                                ),
                                (
                                    704,
                                    1333,
                                ),
                                (
                                    736,
                                    1333,
                                ),
                                (
                                    768,
                                    1333,
                                ),
                                (
                                    800,
                                    1333,
                                ),
                            ],
                            type='RandomChoiceResize'),
                    ],
                    [
                        dict(
                            backend='pillow',
                            keep_ratio=True,
                            scales=[
                                (
                                    400,
                                    1333,
                                ),
                                (
                                    500,
                                    1333,
                                ),
                                (
                                    600,
                                    1333,
                                ),
                            ],
                            type='RandomChoiceResize'),
                        dict(
                            allow_negative_crop=True,
                            crop_size=(
                                384,
                                600,
                            ),
                            crop_type='absolute_range',
                            type='RandomCrop'),
                        dict(
                            backend='pillow',
                            keep_ratio=True,
                            scales=[
                                (
                                    480,
                                    1333,
                                ),
                                (
                                    512,
                                    1333,
                                ),
                                (
                                    544,
                                    1333,
                                ),
                                (
                                    576,
                                    1333,
                                ),
                                (
                                    608,
                                    1333,
                                ),
                                (
                                    640,
                                    1333,
                                ),
                                (
                                    672,
                                    1333,
                                ),
                                (
                                    704,
                                    1333,
                                ),
                                (
                                    736,
                                    1333,
                                ),
                                (
                                    768,
                                    1333,
                                ),
                                (
                                    800,
                                    1333,
                                ),
                            ],
                            type='RandomChoiceResize'),
                    ],
                ],
                type='RandomChoice'),
            dict(type='PackDetInputs'),
        ],
        type='CocoDataset'),
    num_workers=4,
    persistent_workers=True,
    pin_memory=True,
    prefetch_factor=4,
    sampler=dict(shuffle=True, type='DefaultSampler'))
train_pipeline = [
    dict(
        backend_args=None, imdecode_backend='pillow',
        type='LoadImageFromFile'),
    dict(type='LoadAnnotations', with_bbox=True),
    dict(prob=0.5, type='RandomFlip'),
    dict(
        transforms=[
            [
                dict(
                    backend='pillow',
                    keep_ratio=True,
                    scales=[
                        (
                            480,
                            1333,
                        ),
                        (
                            512,
                            1333,
                        ),
                        (
                            544,
                            1333,
                        ),
                        (
                            576,
                            1333,
                        ),
                        (
                            608,
                            1333,
                        ),
                        (
                            640,
                            1333,
                        ),
                        (
                            672,
                            1333,
                        ),
                        (
                            704,
                            1333,
                        ),
                        (
                            736,
                            1333,
                        ),
                        (
                            768,
                            1333,
                        ),
                        (
                            800,
                            1333,
                        ),
                    ],
                    type='RandomChoiceResize'),
            ],
            [
                dict(
                    backend='pillow',
                    keep_ratio=True,
                    scales=[
                        (
                            400,
                            1333,
                        ),
                        (
                            500,
                            1333,
                        ),
                        (
                            600,
                            1333,
                        ),
                    ],
                    type='RandomChoiceResize'),
                dict(
                    allow_negative_crop=True,
                    crop_size=(
                        384,
                        600,
                    ),
                    crop_type='absolute_range',
                    type='RandomCrop'),
                dict(
                    backend='pillow',
                    keep_ratio=True,
                    scales=[
                        (
                            480,
                            1333,
                        ),
                        (
                            512,
                            1333,
                        ),
                        (
                            544,
                            1333,
                        ),
                        (
                            576,
                            1333,
                        ),
                        (
                            608,
                            1333,
                        ),
                        (
                            640,
                            1333,
                        ),
                        (
                            672,
                            1333,
                        ),
                        (
                            704,
                            1333,
                        ),
                        (
                            736,
                            1333,
                        ),
                        (
                            768,
                            1333,
                        ),
                        (
                            800,
                            1333,
                        ),
                    ],
                    type='RandomChoiceResize'),
            ],
        ],
        type='RandomChoice'),
    dict(type='PackDetInputs'),
]
val_cfg = dict(type='ValLoop')
val_dataloader = dict(
    batch_size=1,
    dataset=dict(
        ann_file='valid/_annotations.coco.json',
        backend_args=None,
        data_prefix=dict(img='valid/'),
        data_root='data/24_chromosomes_object/coco/',
        metainfo=dict(
            classes=(
                'A1',
                'A2',
                'A3',
                'B4',
                'B5',
                'C10',
                'C11',
                'C12',
                'C6',
                'C7',
                'C8',
                'C9',
                'D13',
                'D14',
                'D15',
                'E16',
                'E17',
                'E18',
                'F19',
                'F20',
                'G21',
                'G22',
                'X',
                'Y',
            ),
            palette=[
                (
                    220,
                    20,
                    60,
                ),
                (
                    119,
                    11,
                    32,
                ),
                (
                    0,
                    0,
                    142,
                ),
                (
                    0,
                    0,
                    230,
                ),
                (
                    106,
                    0,
                    228,
                ),
                (
                    0,
                    60,
                    100,
                ),
                (
                    0,
                    80,
                    100,
                ),
                (
                    0,
                    0,
                    70,
                ),
                (
                    0,
                    0,
                    192,
                ),
                (
                    250,
                    170,
                    30,
                ),
                (
                    100,
                    170,
                    30,
                ),
                (
                    220,
                    220,
                    0,
                ),
                (
                    175,
                    116,
                    175,
                ),
                (
                    250,
                    0,
                    30,
                ),
                (
                    165,
                    42,
                    42,
                ),
                (
                    255,
                    77,
                    255,
                ),
                (
                    0,
                    226,
                    252,
                ),
                (
                    182,
                    182,
                    255,
                ),
                (
                    0,
                    82,
                    0,
                ),
                (
                    120,
                    166,
                    157,
                ),
                (
                    110,
                    76,
                    0,
                ),
                (
                    174,
                    57,
                    255,
                ),
                (
                    199,
                    100,
                    0,
                ),
                (
                    72,
                    0,
                    118,
                ),
            ]),
        pipeline=[
            dict(
                backend_args=None,
                imdecode_backend='pillow',
                type='LoadImageFromFile'),
            dict(
                backend='pillow',
                keep_ratio=True,
                scale=(
                    1333,
                    800,
                ),
                type='Resize'),
            dict(type='LoadAnnotations', with_bbox=True),
            dict(
                meta_keys=(
                    'img_id',
                    'img_path',
                    'ori_shape',
                    'img_shape',
                    'scale_factor',
                ),
                type='PackDetInputs'),
        ],
        test_mode=True,
        type='CocoDataset'),
    drop_last=False,
    num_workers=2,
    persistent_workers=True,
    pin_memory=True,
    sampler=dict(shuffle=False, type='DefaultSampler'))
val_evaluator = dict(
    ann_file='data/24_chromosomes_object/coco/valid/_annotations.coco.json',
    backend_args=None,
    classwise=True,
    format_only=False,
    metric='bbox',
    type='CocoMetric')
vis_backends = [
    dict(type='LocalVisBackend'),
    dict(type='TensorboardVisBackend'),
    dict(
        init_kwargs=dict(
            api_key='Huzvq1fnDeqOwgQo2AMAI',
            description=
            '24obj 主路线消融 +DPM-Solver++ 4步 (vs +Stoch. Coupling Heun 4步) | bs=8, 150ep',
            experiment_name='a4_dpm_pp',
            project='ldmdet-mainline-ablation-24obj',
            resume='allow'),
        type='SwanlabVisBackend'),
]
visualizer = dict(
    name='visualizer',
    type='DetLocalVisualizer',
    vis_backends=[
        dict(type='LocalVisBackend'),
        dict(type='TensorboardVisBackend'),
    ])
work_dir = 'work_dirs/capr_quality_final_only_24obj_seed789'

2026/08/08 23:46:34 - mmengine - INFO - Distributed training is not used, all SyncBatchNorm (SyncBN) layers in the model will be automatically reverted to BatchNormXd layers if they are used.
2026/08/08 23:46:34 - mmengine - INFO - Hooks will be executed in the following order:
before_run:
(VERY_HIGH   ) RuntimeInfoHook                    
(NORMAL      ) EarlyStoppingHook                  
(BELOW_NORMAL) LoggerHook                         
(VERY_LOW    ) CopyProjectHook                    
 -------------------- 
before_train:
(VERY_HIGH   ) RuntimeInfoHook                    
(NORMAL      ) IterTimerHook                      
(VERY_LOW    ) CheckpointHook                     
 -------------------- 
before_train_epoch:
(VERY_HIGH   ) RuntimeInfoHook                    
(NORMAL      ) IterTimerHook                      
(NORMAL      ) DistSamplerSeedHook                
 -------------------- 
before_train_iter:
(VERY_HIGH   ) RuntimeInfoHook                    
(NORMAL      ) IterTimerHook                      
 -------------------- 
after_train_iter:
(VERY_HIGH   ) RuntimeInfoHook                    
(NORMAL      ) IterTimerHook                      
(BELOW_NORMAL) LoggerHook                         
(LOW         ) ParamSchedulerHook                 
(VERY_LOW    ) CheckpointHook                     
 -------------------- 
after_train_epoch:
(NORMAL      ) IterTimerHook                      
(LOW         ) ParamSchedulerHook                 
(VERY_LOW    ) CheckpointHook                     
 -------------------- 
before_val:
(VERY_HIGH   ) RuntimeInfoHook                    
 -------------------- 
before_val_epoch:
(NORMAL      ) IterTimerHook                      
 -------------------- 
before_val_iter:
(NORMAL      ) IterTimerHook                      
 -------------------- 
after_val_iter:
(NORMAL      ) IterTimerHook                      
(NORMAL      ) DetVisualizationHook               
(BELOW_NORMAL) LoggerHook                         
 -------------------- 
after_val_epoch:
(VERY_HIGH   ) RuntimeInfoHook                    
(NORMAL      ) IterTimerHook                      
(NORMAL      ) EarlyStoppingHook                  
(BELOW_NORMAL) LoggerHook                         
(LOW         ) ParamSchedulerHook                 
(VERY_LOW    ) CheckpointHook                     
 -------------------- 
after_val:
(VERY_HIGH   ) RuntimeInfoHook                    
 -------------------- 
after_train:
(VERY_HIGH   ) RuntimeInfoHook                    
(VERY_LOW    ) CheckpointHook                     
 -------------------- 
before_test:
(VERY_HIGH   ) RuntimeInfoHook                    
 -------------------- 
before_test_epoch:
(NORMAL      ) IterTimerHook                      
 -------------------- 
before_test_iter:
(NORMAL      ) IterTimerHook                      
 -------------------- 
after_test_iter:
(NORMAL      ) IterTimerHook                      
(NORMAL      ) DetVisualizationHook               
(BELOW_NORMAL) LoggerHook                         
 -------------------- 
after_test_epoch:
(VERY_HIGH   ) RuntimeInfoHook                    
(NORMAL      ) IterTimerHook                      
(BELOW_NORMAL) LoggerHook                         
 -------------------- 
after_test:
(VERY_HIGH   ) RuntimeInfoHook                    
 -------------------- 
after_run:
(BELOW_NORMAL) LoggerHook                         
 -------------------- 
2026/08/08 23:46:38 - mmengine - INFO - Backing up ldmdet from /home/linkst/workplace/chromo/chromosome-kd/ldmdet to /home/linkst/workplace/chromo/chromosome-kd/work_dirs/capr_quality_final_only_24obj_seed789/20260808_234630/ldmdet_backup
2026/08/08 23:46:38 - mmengine - INFO - Backup ldmdet complete.
2026/08/08 23:46:38 - mmengine - INFO - Backing up experiments from /home/linkst/workplace/chromo/chromosome-kd/experiments to /home/linkst/workplace/chromo/chromosome-kd/work_dirs/capr_quality_final_only_24obj_seed789/20260808_234630/experiments_backup
2026/08/08 23:46:38 - mmengine - INFO - Backup experiments complete.
2026/08/08 23:46:38 - mmengine - INFO - load model from: torchvision://resnet50
2026/08/08 23:46:38 - mmengine - INFO - Loads checkpoint by torchvision backend from path: torchvision://resnet50
2026/08/08 23:46:38 - mmengine - WARNING - The model and loaded state dict do not match exactly

unexpected key in source state_dict: fc.weight, fc.bias

Name of parameter - Initialization information

backbone.conv1.weight - torch.Size([64, 3, 7, 7]): 
PretrainedInit: load from torchvision://resnet50 

backbone.bn1.weight - torch.Size([64]): 
PretrainedInit: load from torchvision://resnet50 

backbone.bn1.bias - torch.Size([64]): 
PretrainedInit: load from torchvision://resnet50 

backbone.layer1.0.conv1.weight - torch.Size([64, 64, 1, 1]): 
PretrainedInit: load from torchvision://resnet50 

backbone.layer1.0.bn1.weight - torch.Size([64]): 
PretrainedInit: load from torchvision://resnet50 

backbone.layer1.0.bn1.bias - torch.Size([64]): 
PretrainedInit: load from torchvision://resnet50 

backbone.layer1.0.conv2.weight - torch.Size([64, 64, 3, 3]): 
PretrainedInit: load from torchvision://resnet50 

backbone.layer1.0.bn2.weight - torch.Size([64]): 
PretrainedInit: load from torchvision://resnet50 

backbone.layer1.0.bn2.bias - torch.Size([64]): 
PretrainedInit: load from torchvision://resnet50 

backbone.layer1.0.conv3.weight - torch.Size([256, 64, 1, 1]): 
PretrainedInit: load from torchvision://resnet50 

backbone.layer1.0.bn3.weight - torch.Size([256]): 
PretrainedInit: load from torchvision://resnet50 

backbone.layer1.0.bn3.bias - torch.Size([256]): 
PretrainedInit: load from torchvision://resnet50 

backbone.layer1.0.downsample.0.weight - torch.Size([256, 64, 1, 1]): 
PretrainedInit: load from torchvision://resnet50 

backbone.layer1.0.downsample.1.weight - torch.Size([256]): 
PretrainedInit: load from torchvision://resnet50 

backbone.layer1.0.downsample.1.bias - torch.Size([256]): 
PretrainedInit: load from torchvision://resnet50 

backbone.layer1.1.conv1.weight - torch.Size([64, 256, 1, 1]): 
PretrainedInit: load from torchvision://resnet50 

backbone.layer1.1.bn1.weight - torch.Size([64]): 
PretrainedInit: load from torchvision://resnet50 

backbone.layer1.1.bn1.bias - torch.Size([64]): 
PretrainedInit: load from torchvision://resnet50 

backbone.layer1.1.conv2.weight - torch.Size([64, 64, 3, 3]): 
PretrainedInit: load from torchvision://resnet50 

backbone.layer1.1.bn2.weight - torch.Size([64]): 
PretrainedInit: load from torchvision://resnet50 

backbone.layer1.1.bn2.bias - torch.Size([64]): 
PretrainedInit: load from torchvision://resnet50 

backbone.layer1.1.conv3.weight - torch.Size([256, 64, 1, 1]): 
PretrainedInit: load from torchvision://resnet50 

backbone.layer1.1.bn3.weight - torch.Size([256]): 
PretrainedInit: load from torchvision://resnet50 

backbone.layer1.1.bn3.bias - torch.Size([256]): 
PretrainedInit: load from torchvision://resnet50 

backbone.layer1.2.conv1.weight - torch.Size([64, 256, 1, 1]): 
PretrainedInit: load from torchvision://resnet50 

backbone.layer1.2.bn1.weight - torch.Size([64]): 
PretrainedInit: load from torchvision://resnet50 

backbone.layer1.2.bn1.bias - torch.Size([64]): 
PretrainedInit: load from torchvision://resnet50 

backbone.layer1.2.conv2.weight - torch.Size([64, 64, 3, 3]): 
PretrainedInit: load from torchvision://resnet50 

backbone.layer1.2.bn2.weight - torch.Size([64]): 
PretrainedInit: load from torchvision://resnet50 

backbone.layer1.2.bn2.bias - torch.Size([64]): 
PretrainedInit: load from torchvision://resnet50 

backbone.layer1.2.conv3.weight - torch.Size([256, 64, 1, 1]): 
PretrainedInit: load from torchvision://resnet50 

backbone.layer1.2.bn3.weight - torch.Size([256]): 
PretrainedInit: load from torchvision://resnet50 

backbone.layer1.2.bn3.bias - torch.Size([256]): 
PretrainedInit: load from torchvision://resnet50 

backbone.layer2.0.conv1.weight - torch.Size([128, 256, 1, 1]): 
PretrainedInit: load from torchvision://resnet50 

backbone.layer2.0.bn1.weight - torch.Size([128]): 
PretrainedInit: load from torchvision://resnet50 

backbone.layer2.0.bn1.bias - torch.Size([128]): 
PretrainedInit: load from torchvision://resnet50 

backbone.layer2.0.conv2.weight - torch.Size([128, 128, 3, 3]): 
PretrainedInit: load from torchvision://resnet50 

backbone.layer2.0.bn2.weight - torch.Size([128]): 
PretrainedInit: load from torchvision://resnet50 

backbone.layer2.0.bn2.bias - torch.Size([128]): 
PretrainedInit: load from torchvision://resnet50 

backbone.layer2.0.conv3.weight - torch.Size([512, 128, 1, 1]): 
PretrainedInit: load from torchvision://resnet50 

backbone.layer2.0.bn3.weight - torch.Size([512]): 
PretrainedInit: load from torchvision://resnet50 

backbone.layer2.0.bn3.bias - torch.Size([512]): 
PretrainedInit: load from torchvision://resnet50 

backbone.layer2.0.downsample.0.weight - torch.Size([512, 256, 1, 1]): 
PretrainedInit: load from torchvision://resnet50 

backbone.layer2.0.downsample.1.weight - torch.Size([512]): 
PretrainedInit: load from torchvision://resnet50 

backbone.layer2.0.downsample.1.bias - torch.Size([512]): 
PretrainedInit: load from torchvision://resnet50 

backbone.layer2.1.conv1.weight - torch.Size([128, 512, 1, 1]): 
PretrainedInit: load from torchvision://resnet50 

backbone.layer2.1.bn1.weight - torch.Size([128]): 
PretrainedInit: load from torchvision://resnet50 

backbone.layer2.1.bn1.bias - torch.Size([128]): 
PretrainedInit: load from torchvision://resnet50 

backbone.layer2.1.conv2.weight - torch.Size([128, 128, 3, 3]): 
PretrainedInit: load from torchvision://resnet50 

backbone.layer2.1.bn2.weight - torch.Size([128]): 
PretrainedInit: load from torchvision://resnet50 

backbone.layer2.1.bn2.bias - torch.Size([128]): 
PretrainedInit: load from torchvision://resnet50 

backbone.layer2.1.conv3.weight - torch.Size([512, 128, 1, 1]): 
PretrainedInit: load from torchvision://resnet50 

backbone.layer2.1.bn3.weight - torch.Size([512]): 
PretrainedInit: load from torchvision://resnet50 

backbone.layer2.1.bn3.bias - torch.Size([512]): 
PretrainedInit: load from torchvision://resnet50 

backbone.layer2.2.conv1.weight - torch.Size([128, 512, 1, 1]): 
PretrainedInit: load from torchvision://resnet50 

backbone.layer2.2.bn1.weight - torch.Size([128]): 
PretrainedInit: load from torchvision://resnet50 

backbone.layer2.2.bn1.bias - torch.Size([128]): 
PretrainedInit: load from torchvision://resnet50 

backbone.layer2.2.conv2.weight - torch.Size([128, 128, 3, 3]): 
PretrainedInit: load from torchvision://resnet50 

backbone.layer2.2.bn2.weight - torch.Size([128]): 
PretrainedInit: load from torchvision://resnet50 

backbone.layer2.2.bn2.bias - torch.Size([128]): 
PretrainedInit: load from torchvision://resnet50 

backbone.layer2.2.conv3.weight - torch.Size([512, 128, 1, 1]): 
PretrainedInit: load from torchvision://resnet50 

backbone.layer2.2.bn3.weight - torch.Size([512]): 
PretrainedInit: load from torchvision://resnet50 

backbone.layer2.2.bn3.bias - torch.Size([512]): 
PretrainedInit: load from torchvision://resnet50 

backbone.layer2.3.conv1.weight - torch.Size([128, 512, 1, 1]): 
PretrainedInit: load from torchvision://resnet50 

backbone.layer2.3.bn1.weight - torch.Size([128]): 
PretrainedInit: load from torchvision://resnet50 

backbone.layer2.3.bn1.bias - torch.Size([128]): 
PretrainedInit: load from torchvision://resnet50 

backbone.layer2.3.conv2.weight - torch.Size([128, 128, 3, 3]): 
PretrainedInit: load from torchvision://resnet50 

backbone.layer2.3.bn2.weight - torch.Size([128]): 
PretrainedInit: load from torchvision://resnet50 

backbone.layer2.3.bn2.bias - torch.Size([128]): 
PretrainedInit: load from torchvision://resnet50 

backbone.layer2.3.conv3.weight - torch.Size([512, 128, 1, 1]): 
PretrainedInit: load from torchvision://resnet50 

backbone.layer2.3.bn3.weight - torch.Size([512]): 
PretrainedInit: load from torchvision://resnet50 

backbone.layer2.3.bn3.bias - torch.Size([512]): 
PretrainedInit: load from torchvision://resnet50 

backbone.layer3.0.conv1.weight - torch.Size([256, 512, 1, 1]): 
PretrainedInit: load from torchvision://resnet50 

backbone.layer3.0.bn1.weight - torch.Size([256]): 
PretrainedInit: load from torchvision://resnet50 

backbone.layer3.0.bn1.bias - torch.Size([256]): 
PretrainedInit: load from torchvision://resnet50 

backbone.layer3.0.conv2.weight - torch.Size([256, 256, 3, 3]): 
PretrainedInit: load from torchvision://resnet50 

backbone.layer3.0.bn2.weight - torch.Size([256]): 
PretrainedInit: load from torchvision://resnet50 

backbone.layer3.0.bn2.bias - torch.Size([256]): 
PretrainedInit: load from torchvision://resnet50 

backbone.layer3.0.conv3.weight - torch.Size([1024, 256, 1, 1]): 
PretrainedInit: load from torchvision://resnet50 

backbone.layer3.0.bn3.weight - torch.Size([1024]): 
PretrainedInit: load from torchvision://resnet50 

backbone.layer3.0.bn3.bias - torch.Size([1024]): 
PretrainedInit: load from torchvision://resnet50 

backbone.layer3.0.downsample.0.weight - torch.Size([1024, 512, 1, 1]): 
PretrainedInit: load from torchvision://resnet50 

backbone.layer3.0.downsample.1.weight - torch.Size([1024]): 
PretrainedInit: load from torchvision://resnet50 

backbone.layer3.0.downsample.1.bias - torch.Size([1024]): 
PretrainedInit: load from torchvision://resnet50 

backbone.layer3.1.conv1.weight - torch.Size([256, 1024, 1, 1]): 
PretrainedInit: load from torchvision://resnet50 

backbone.layer3.1.bn1.weight - torch.Size([256]): 
PretrainedInit: load from torchvision://resnet50 

backbone.layer3.1.bn1.bias - torch.Size([256]): 
PretrainedInit: load from torchvision://resnet50 

backbone.layer3.1.conv2.weight - torch.Size([256, 256, 3, 3]): 
PretrainedInit: load from torchvision://resnet50 

backbone.layer3.1.bn2.weight - torch.Size([256]): 
PretrainedInit: load from torchvision://resnet50 

backbone.layer3.1.bn2.bias - torch.Size([256]): 
PretrainedInit: load from torchvision://resnet50 

backbone.layer3.1.conv3.weight - torch.Size([1024, 256, 1, 1]): 
PretrainedInit: load from torchvision://resnet50 

backbone.layer3.1.bn3.weight - torch.Size([1024]): 
PretrainedInit: load from torchvision://resnet50 

backbone.layer3.1.bn3.bias - torch.Size([1024]): 
PretrainedInit: load from torchvision://resnet50 

backbone.layer3.2.conv1.weight - torch.Size([256, 1024, 1, 1]): 
PretrainedInit: load from torchvision://resnet50 

backbone.layer3.2.bn1.weight - torch.Size([256]): 
PretrainedInit: load from torchvision://resnet50 

backbone.layer3.2.bn1.bias - torch.Size([256]): 
PretrainedInit: load from torchvision://resnet50 

backbone.layer3.2.conv2.weight - torch.Size([256, 256, 3, 3]): 
PretrainedInit: load from torchvision://resnet50 

backbone.layer3.2.bn2.weight - torch.Size([256]): 
PretrainedInit: load from torchvision://resnet50 

backbone.layer3.2.bn2.bias - torch.Size([256]): 
PretrainedInit: load from torchvision://resnet50 

backbone.layer3.2.conv3.weight - torch.Size([1024, 256, 1, 1]): 
PretrainedInit: load from torchvision://resnet50 

backbone.layer3.2.bn3.weight - torch.Size([1024]): 
PretrainedInit: load from torchvision://resnet50 

backbone.layer3.2.bn3.bias - torch.Size([1024]): 
PretrainedInit: load from torchvision://resnet50 

backbone.layer3.3.conv1.weight - torch.Size([256, 1024, 1, 1]): 
PretrainedInit: load from torchvision://resnet50 

backbone.layer3.3.bn1.weight - torch.Size([256]): 
PretrainedInit: load from torchvision://resnet50 

backbone.layer3.3.bn1.bias - torch.Size([256]): 
PretrainedInit: load from torchvision://resnet50 

backbone.layer3.3.conv2.weight - torch.Size([256, 256, 3, 3]): 
PretrainedInit: load from torchvision://resnet50 

backbone.layer3.3.bn2.weight - torch.Size([256]): 
PretrainedInit: load from torchvision://resnet50 

backbone.layer3.3.bn2.bias - torch.Size([256]): 
PretrainedInit: load from torchvision://resnet50 

backbone.layer3.3.conv3.weight - torch.Size([1024, 256, 1, 1]): 
PretrainedInit: load from torchvision://resnet50 

backbone.layer3.3.bn3.weight - torch.Size([1024]): 
PretrainedInit: load from torchvision://resnet50 

backbone.layer3.3.bn3.bias - torch.Size([1024]): 
PretrainedInit: load from torchvision://resnet50 

backbone.layer3.4.conv1.weight - torch.Size([256, 1024, 1, 1]): 
PretrainedInit: load from torchvision://resnet50 

backbone.layer3.4.bn1.weight - torch.Size([256]): 
PretrainedInit: load from torchvision://resnet50 

backbone.layer3.4.bn1.bias - torch.Size([256]): 
PretrainedInit: load from torchvision://resnet50 

backbone.layer3.4.conv2.weight - torch.Size([256, 256, 3, 3]): 
PretrainedInit: load from torchvision://resnet50 

backbone.layer3.4.bn2.weight - torch.Size([256]): 
PretrainedInit: load from torchvision://resnet50 

backbone.layer3.4.bn2.bias - torch.Size([256]): 
PretrainedInit: load from torchvision://resnet50 

backbone.layer3.4.conv3.weight - torch.Size([1024, 256, 1, 1]): 
PretrainedInit: load from torchvision://resnet50 

backbone.layer3.4.bn3.weight - torch.Size([1024]): 
PretrainedInit: load from torchvision://resnet50 

backbone.layer3.4.bn3.bias - torch.Size([1024]): 
PretrainedInit: load from torchvision://resnet50 

backbone.layer3.5.conv1.weight - torch.Size([256, 1024, 1, 1]): 
PretrainedInit: load from torchvision://resnet50 

backbone.layer3.5.bn1.weight - torch.Size([256]): 
PretrainedInit: load from torchvision://resnet50 

backbone.layer3.5.bn1.bias - torch.Size([256]): 
PretrainedInit: load from torchvision://resnet50 

backbone.layer3.5.conv2.weight - torch.Size([256, 256, 3, 3]): 
PretrainedInit: load from torchvision://resnet50 

backbone.layer3.5.bn2.weight - torch.Size([256]): 
PretrainedInit: load from torchvision://resnet50 

backbone.layer3.5.bn2.bias - torch.Size([256]): 
PretrainedInit: load from torchvision://resnet50 

backbone.layer3.5.conv3.weight - torch.Size([1024, 256, 1, 1]): 
PretrainedInit: load from torchvision://resnet50 

backbone.layer3.5.bn3.weight - torch.Size([1024]): 
PretrainedInit: load from torchvision://resnet50 

backbone.layer3.5.bn3.bias - torch.Size([1024]): 
PretrainedInit: load from torchvision://resnet50 

backbone.layer4.0.conv1.weight - torch.Size([512, 1024, 1, 1]): 
PretrainedInit: load from torchvision://resnet50 

backbone.layer4.0.bn1.weight - torch.Size([512]): 
PretrainedInit: load from torchvision://resnet50 

backbone.layer4.0.bn1.bias - torch.Size([512]): 
PretrainedInit: load from torchvision://resnet50 

backbone.layer4.0.conv2.weight - torch.Size([512, 512, 3, 3]): 
PretrainedInit: load from torchvision://resnet50 

backbone.layer4.0.bn2.weight - torch.Size([512]): 
PretrainedInit: load from torchvision://resnet50 

backbone.layer4.0.bn2.bias - torch.Size([512]): 
PretrainedInit: load from torchvision://resnet50 

backbone.layer4.0.conv3.weight - torch.Size([2048, 512, 1, 1]): 
PretrainedInit: load from torchvision://resnet50 

backbone.layer4.0.bn3.weight - torch.Size([2048]): 
PretrainedInit: load from torchvision://resnet50 

backbone.layer4.0.bn3.bias - torch.Size([2048]): 
PretrainedInit: load from torchvision://resnet50 

backbone.layer4.0.downsample.0.weight - torch.Size([2048, 1024, 1, 1]): 
PretrainedInit: load from torchvision://resnet50 

backbone.layer4.0.downsample.1.weight - torch.Size([2048]): 
PretrainedInit: load from torchvision://resnet50 

backbone.layer4.0.downsample.1.bias - torch.Size([2048]): 
PretrainedInit: load from torchvision://resnet50 

backbone.layer4.1.conv1.weight - torch.Size([512, 2048, 1, 1]): 
PretrainedInit: load from torchvision://resnet50 

backbone.layer4.1.bn1.weight - torch.Size([512]): 
PretrainedInit: load from torchvision://resnet50 

backbone.layer4.1.bn1.bias - torch.Size([512]): 
PretrainedInit: load from torchvision://resnet50 

backbone.layer4.1.conv2.weight - torch.Size([512, 512, 3, 3]): 
PretrainedInit: load from torchvision://resnet50 

backbone.layer4.1.bn2.weight - torch.Size([512]): 
PretrainedInit: load from torchvision://resnet50 

backbone.layer4.1.bn2.bias - torch.Size([512]): 
PretrainedInit: load from torchvision://resnet50 

backbone.layer4.1.conv3.weight - torch.Size([2048, 512, 1, 1]): 
PretrainedInit: load from torchvision://resnet50 

backbone.layer4.1.bn3.weight - torch.Size([2048]): 
PretrainedInit: load from torchvision://resnet50 

backbone.layer4.1.bn3.bias - torch.Size([2048]): 
PretrainedInit: load from torchvision://resnet50 

backbone.layer4.2.conv1.weight - torch.Size([512, 2048, 1, 1]): 
PretrainedInit: load from torchvision://resnet50 

backbone.layer4.2.bn1.weight - torch.Size([512]): 
PretrainedInit: load from torchvision://resnet50 

backbone.layer4.2.bn1.bias - torch.Size([512]): 
PretrainedInit: load from torchvision://resnet50 

backbone.layer4.2.conv2.weight - torch.Size([512, 512, 3, 3]): 
PretrainedInit: load from torchvision://resnet50 

backbone.layer4.2.bn2.weight - torch.Size([512]): 
PretrainedInit: load from torchvision://resnet50 

backbone.layer4.2.bn2.bias - torch.Size([512]): 
PretrainedInit: load from torchvision://resnet50 

backbone.layer4.2.conv3.weight - torch.Size([2048, 512, 1, 1]): 
PretrainedInit: load from torchvision://resnet50 

backbone.layer4.2.bn3.weight - torch.Size([2048]): 
PretrainedInit: load from torchvision://resnet50 

backbone.layer4.2.bn3.bias - torch.Size([2048]): 
PretrainedInit: load from torchvision://resnet50 

neck.lateral_convs.0.conv.weight - torch.Size([256, 256, 1, 1]): 
XavierInit: gain=1, distribution=uniform, bias=0 

neck.lateral_convs.0.conv.bias - torch.Size([256]): 
The value is the same before and after calling `init_weights` of LDMDetDetector  

neck.lateral_convs.1.conv.weight - torch.Size([256, 512, 1, 1]): 
XavierInit: gain=1, distribution=uniform, bias=0 

neck.lateral_convs.1.conv.bias - torch.Size([256]): 
The value is the same before and after calling `init_weights` of LDMDetDetector  

neck.lateral_convs.2.conv.weight - torch.Size([256, 1024, 1, 1]): 
XavierInit: gain=1, distribution=uniform, bias=0 

neck.lateral_convs.2.conv.bias - torch.Size([256]): 
The value is the same before and after calling `init_weights` of LDMDetDetector  

neck.lateral_convs.3.conv.weight - torch.Size([256, 2048, 1, 1]): 
XavierInit: gain=1, distribution=uniform, bias=0 

neck.lateral_convs.3.conv.bias - torch.Size([256]): 
The value is the same before and after calling `init_weights` of LDMDetDetector  

neck.fpn_convs.0.conv.weight - torch.Size([256, 256, 3, 3]): 
XavierInit: gain=1, distribution=uniform, bias=0 

neck.fpn_convs.0.conv.bias - torch.Size([256]): 
The value is the same before and after calling `init_weights` of LDMDetDetector  

neck.fpn_convs.1.conv.weight - torch.Size([256, 256, 3, 3]): 
XavierInit: gain=1, distribution=uniform, bias=0 

neck.fpn_convs.1.conv.bias - torch.Size([256]): 
The value is the same before and after calling `init_weights` of LDMDetDetector  

neck.fpn_convs.2.conv.weight - torch.Size([256, 256, 3, 3]): 
XavierInit: gain=1, distribution=uniform, bias=0 

neck.fpn_convs.2.conv.bias - torch.Size([256]): 
The value is the same before and after calling `init_weights` of LDMDetDetector  

neck.fpn_convs.3.conv.weight - torch.Size([256, 256, 3, 3]): 
XavierInit: gain=1, distribution=uniform, bias=0 

neck.fpn_convs.3.conv.bias - torch.Size([256]): 
The value is the same before and after calling `init_weights` of LDMDetDetector  

bbox_head.time_mlp.1.weight - torch.Size([1024, 256]): 
The value is the same before and after calling `init_weights` of LDMDetDetector  

bbox_head.time_mlp.1.bias - torch.Size([1024]): 
The value is the same before and after calling `init_weights` of LDMDetDetector  

bbox_head.time_mlp.3.weight - torch.Size([1024, 1024]): 
The value is the same before and after calling `init_weights` of LDMDetDetector  

bbox_head.time_mlp.3.bias - torch.Size([1024]): 
The value is the same before and after calling `init_weights` of LDMDetDetector  

bbox_head.head_series.0.self_attn.in_proj_weight - torch.Size([768, 256]): 
The value is the same before and after calling `init_weights` of LDMDetDetector  

bbox_head.head_series.0.self_attn.in_proj_bias - torch.Size([768]): 
The value is the same before and after calling `init_weights` of LDMDetDetector  

bbox_head.head_series.0.self_attn.out_proj.weight - torch.Size([256, 256]): 
The value is the same before and after calling `init_weights` of LDMDetDetector  

bbox_head.head_series.0.self_attn.out_proj.bias - torch.Size([256]): 
The value is the same before and after calling `init_weights` of LDMDetDetector  

bbox_head.head_series.0.inst_interact.dynamic_layer.weight - torch.Size([32768, 256]): 
The value is the same before and after calling `init_weights` of LDMDetDetector  

bbox_head.head_series.0.inst_interact.dynamic_layer.bias - torch.Size([32768]): 
The value is the same before and after calling `init_weights` of LDMDetDetector  

bbox_head.head_series.0.inst_interact.norm1.weight - torch.Size([64]): 
The value is the same before and after calling `init_weights` of LDMDetDetector  

bbox_head.head_series.0.inst_interact.norm1.bias - torch.Size([64]): 
The value is the same before and after calling `init_weights` of LDMDetDetector  

bbox_head.head_series.0.inst_interact.norm2.weight - torch.Size([256]): 
The value is the same before and after calling `init_weights` of LDMDetDetector  

bbox_head.head_series.0.inst_interact.norm2.bias - torch.Size([256]): 
The value is the same before and after calling `init_weights` of LDMDetDetector  

bbox_head.head_series.0.inst_interact.out_layer.weight - torch.Size([256, 12544]): 
The value is the same before and after calling `init_weights` of LDMDetDetector  

bbox_head.head_series.0.inst_interact.out_layer.bias - torch.Size([256]): 
The value is the same before and after calling `init_weights` of LDMDetDetector  

bbox_head.head_series.0.inst_interact.norm3.weight - torch.Size([256]): 
The value is the same before and after calling `init_weights` of LDMDetDetector  

bbox_head.head_series.0.inst_interact.norm3.bias - torch.Size([256]): 
The value is the same before and after calling `init_weights` of LDMDetDetector  

bbox_head.head_series.0.linear1.weight - torch.Size([2048, 256]): 
The value is the same before and after calling `init_weights` of LDMDetDetector  

bbox_head.head_series.0.linear1.bias - torch.Size([2048]): 
The value is the same before and after calling `init_weights` of LDMDetDetector  

bbox_head.head_series.0.linear2.weight - torch.Size([256, 2048]): 
The value is the same before and after calling `init_weights` of LDMDetDetector  

bbox_head.head_series.0.linear2.bias - torch.Size([256]): 
The value is the same before and after calling `init_weights` of LDMDetDetector  

bbox_head.head_series.0.norm1.weight - torch.Size([256]): 
The value is the same before and after calling `init_weights` of LDMDetDetector  

bbox_head.head_series.0.norm1.bias - torch.Size([256]): 
The value is the same before and after calling `init_weights` of LDMDetDetector  

bbox_head.head_series.0.norm2.weight - torch.Size([256]): 
The value is the same before and after calling `init_weights` of LDMDetDetector  

bbox_head.head_series.0.norm2.bias - torch.Size([256]): 
The value is the same before and after calling `init_weights` of LDMDetDetector  

bbox_head.head_series.0.norm3.weight - torch.Size([256]): 
The value is the same before and after calling `init_weights` of LDMDetDetector  

bbox_head.head_series.0.norm3.bias - torch.Size([256]): 
The value is the same before and after calling `init_weights` of LDMDetDetector  

bbox_head.head_series.0.adaln_mlp.1.weight - torch.Size([1536, 1024]): 
The value is the same before and after calling `init_weights` of LDMDetDetector  

bbox_head.head_series.0.adaln_mlp.1.bias - torch.Size([1536]): 
The value is the same before and after calling `init_weights` of LDMDetDetector  

bbox_head.head_series.0.cls_head.0.0.weight - torch.Size([256, 256]): 
The value is the same before and after calling `init_weights` of LDMDetDetector  

bbox_head.head_series.0.cls_head.0.1.weight - torch.Size([256]): 
The value is the same before and after calling `init_weights` of LDMDetDetector  

bbox_head.head_series.0.cls_head.0.1.bias - torch.Size([256]): 
The value is the same before and after calling `init_weights` of LDMDetDetector  

bbox_head.head_series.0.cls_head.1.weight - torch.Size([24, 256]): 
The value is the same before and after calling `init_weights` of LDMDetDetector  

bbox_head.head_series.0.cls_head.1.bias - torch.Size([24]): 
The value is the same before and after calling `init_weights` of LDMDetDetector  

bbox_head.head_series.0.reg_head.0.0.weight - torch.Size([256, 256]): 
The value is the same before and after calling `init_weights` of LDMDetDetector  

bbox_head.head_series.0.reg_head.0.1.weight - torch.Size([256]): 
The value is the same before and after calling `init_weights` of LDMDetDetector  

bbox_head.head_series.0.reg_head.0.1.bias - torch.Size([256]): 
The value is the same before and after calling `init_weights` of LDMDetDetector  

bbox_head.head_series.0.reg_head.1.0.weight - torch.Size([256, 256]): 
The value is the same before and after calling `init_weights` of LDMDetDetector  

bbox_head.head_series.0.reg_head.1.1.weight - torch.Size([256]): 
The value is the same before and after calling `init_weights` of LDMDetDetector  

bbox_head.head_series.0.reg_head.1.1.bias - torch.Size([256]): 
The value is the same before and after calling `init_weights` of LDMDetDetector  

bbox_head.head_series.0.reg_head.2.0.weight - torch.Size([256, 256]): 
The value is the same before and after calling `init_weights` of LDMDetDetector  

bbox_head.head_series.0.reg_head.2.1.weight - torch.Size([256]): 
The value is the same before and after calling `init_weights` of LDMDetDetector  

bbox_head.head_series.0.reg_head.2.1.bias - torch.Size([256]): 
The value is the same before and after calling `init_weights` of LDMDetDetector  

bbox_head.head_series.0.reg_head.3.weight - torch.Size([4, 256]): 
The value is the same before and after calling `init_weights` of LDMDetDetector  

bbox_head.head_series.0.reg_head.3.bias - torch.Size([4]): 
The value is the same before and after calling `init_weights` of LDMDetDetector  

bbox_head.head_series.1.self_attn.in_proj_weight - torch.Size([768, 256]): 
The value is the same before and after calling `init_weights` of LDMDetDetector  

bbox_head.head_series.1.self_attn.in_proj_bias - torch.Size([768]): 
The value is the same before and after calling `init_weights` of LDMDetDetector  

bbox_head.head_series.1.self_attn.out_proj.weight - torch.Size([256, 256]): 
The value is the same before and after calling `init_weights` of LDMDetDetector  

bbox_head.head_series.1.self_attn.out_proj.bias - torch.Size([256]): 
The value is the same before and after calling `init_weights` of LDMDetDetector  

bbox_head.head_series.1.inst_interact.dynamic_layer.weight - torch.Size([32768, 256]): 
The value is the same before and after calling `init_weights` of LDMDetDetector  

bbox_head.head_series.1.inst_interact.dynamic_layer.bias - torch.Size([32768]): 
The value is the same before and after calling `init_weights` of LDMDetDetector  

bbox_head.head_series.1.inst_interact.norm1.weight - torch.Size([64]): 
The value is the same before and after calling `init_weights` of LDMDetDetector  

bbox_head.head_series.1.inst_interact.norm1.bias - torch.Size([64]): 
The value is the same before and after calling `init_weights` of LDMDetDetector  

bbox_head.head_series.1.inst_interact.norm2.weight - torch.Size([256]): 
The value is the same before and after calling `init_weights` of LDMDetDetector  

bbox_head.head_series.1.inst_interact.norm2.bias - torch.Size([256]): 
The value is the same before and after calling `init_weights` of LDMDetDetector  

bbox_head.head_series.1.inst_interact.out_layer.weight - torch.Size([256, 12544]): 
The value is the same before and after calling `init_weights` of LDMDetDetector  

bbox_head.head_series.1.inst_interact.out_layer.bias - torch.Size([256]): 
The value is the same before and after calling `init_weights` of LDMDetDetector  

bbox_head.head_series.1.inst_interact.norm3.weight - torch.Size([256]): 
The value is the same before and after calling `init_weights` of LDMDetDetector  

bbox_head.head_series.1.inst_interact.norm3.bias - torch.Size([256]): 
The value is the same before and after calling `init_weights` of LDMDetDetector  

bbox_head.head_series.1.linear1.weight - torch.Size([2048, 256]): 
The value is the same before and after calling `init_weights` of LDMDetDetector  

bbox_head.head_series.1.linear1.bias - torch.Size([2048]): 
The value is the same before and after calling `init_weights` of LDMDetDetector  

bbox_head.head_series.1.linear2.weight - torch.Size([256, 2048]): 
The value is the same before and after calling `init_weights` of LDMDetDetector  

bbox_head.head_series.1.linear2.bias - torch.Size([256]): 
The value is the same before and after calling `init_weights` of LDMDetDetector  

bbox_head.head_series.1.norm1.weight - torch.Size([256]): 
The value is the same before and after calling `init_weights` of LDMDetDetector  

bbox_head.head_series.1.norm1.bias - torch.Size([256]): 
The value is the same before and after calling `init_weights` of LDMDetDetector  

bbox_head.head_series.1.norm2.weight - torch.Size([256]): 
The value is the same before and after calling `init_weights` of LDMDetDetector  

bbox_head.head_series.1.norm2.bias - torch.Size([256]): 
The value is the same before and after calling `init_weights` of LDMDetDetector  

bbox_head.head_series.1.norm3.weight - torch.Size([256]): 
The value is the same before and after calling `init_weights` of LDMDetDetector  

bbox_head.head_series.1.norm3.bias - torch.Size([256]): 
The value is the same before and after calling `init_weights` of LDMDetDetector  

bbox_head.head_series.1.adaln_mlp.1.weight - torch.Size([1536, 1024]): 
The value is the same before and after calling `init_weights` of LDMDetDetector  

bbox_head.head_series.1.adaln_mlp.1.bias - torch.Size([1536]): 
The value is the same before and after calling `init_weights` of LDMDetDetector  

bbox_head.head_series.1.cls_head.0.0.weight - torch.Size([256, 256]): 
The value is the same before and after calling `init_weights` of LDMDetDetector  

bbox_head.head_series.1.cls_head.0.1.weight - torch.Size([256]): 
The value is the same before and after calling `init_weights` of LDMDetDetector  

bbox_head.head_series.1.cls_head.0.1.bias - torch.Size([256]): 
The value is the same before and after calling `init_weights` of LDMDetDetector  

bbox_head.head_series.1.cls_head.1.weight - torch.Size([24, 256]): 
The value is the same before and after calling `init_weights` of LDMDetDetector  

bbox_head.head_series.1.cls_head.1.bias - torch.Size([24]): 
The value is the same before and after calling `init_weights` of LDMDetDetector  

bbox_head.head_series.1.reg_head.0.0.weight - torch.Size([256, 256]): 
The value is the same before and after calling `init_weights` of LDMDetDetector  

bbox_head.head_series.1.reg_head.0.1.weight - torch.Size([256]): 
The value is the same before and after calling `init_weights` of LDMDetDetector  

bbox_head.head_series.1.reg_head.0.1.bias - torch.Size([256]): 
The value is the same before and after calling `init_weights` of LDMDetDetector  

bbox_head.head_series.1.reg_head.1.0.weight - torch.Size([256, 256]): 
The value is the same before and after calling `init_weights` of LDMDetDetector  

bbox_head.head_series.1.reg_head.1.1.weight - torch.Size([256]): 
The value is the same before and after calling `init_weights` of LDMDetDetector  

bbox_head.head_series.1.reg_head.1.1.bias - torch.Size([256]): 
The value is the same before and after calling `init_weights` of LDMDetDetector  

bbox_head.head_series.1.reg_head.2.0.weight - torch.Size([256, 256]): 
The value is the same before and after calling `init_weights` of LDMDetDetector  

bbox_head.head_series.1.reg_head.2.1.weight - torch.Size([256]): 
The value is the same before and after calling `init_weights` of LDMDetDetector  

bbox_head.head_series.1.reg_head.2.1.bias - torch.Size([256]): 
The value is the same before and after calling `init_weights` of LDMDetDetector  

bbox_head.head_series.1.reg_head.3.weight - torch.Size([4, 256]): 
The value is the same before and after calling `init_weights` of LDMDetDetector  

bbox_head.head_series.1.reg_head.3.bias - torch.Size([4]): 
The value is the same before and after calling `init_weights` of LDMDetDetector  

bbox_head.head_series.2.self_attn.in_proj_weight - torch.Size([768, 256]): 
The value is the same before and after calling `init_weights` of LDMDetDetector  

bbox_head.head_series.2.self_attn.in_proj_bias - torch.Size([768]): 
The value is the same before and after calling `init_weights` of LDMDetDetector  

bbox_head.head_series.2.self_attn.out_proj.weight - torch.Size([256, 256]): 
The value is the same before and after calling `init_weights` of LDMDetDetector  

bbox_head.head_series.2.self_attn.out_proj.bias - torch.Size([256]): 
The value is the same before and after calling `init_weights` of LDMDetDetector  

bbox_head.head_series.2.inst_interact.dynamic_layer.weight - torch.Size([32768, 256]): 
The value is the same before and after calling `init_weights` of LDMDetDetector  

bbox_head.head_series.2.inst_interact.dynamic_layer.bias - torch.Size([32768]): 
The value is the same before and after calling `init_weights` of LDMDetDetector  

bbox_head.head_series.2.inst_interact.norm1.weight - torch.Size([64]): 
The value is the same before and after calling `init_weights` of LDMDetDetector  

bbox_head.head_series.2.inst_interact.norm1.bias - torch.Size([64]): 
The value is the same before and after calling `init_weights` of LDMDetDetector  

bbox_head.head_series.2.inst_interact.norm2.weight - torch.Size([256]): 
The value is the same before and after calling `init_weights` of LDMDetDetector  

bbox_head.head_series.2.inst_interact.norm2.bias - torch.Size([256]): 
The value is the same before and after calling `init_weights` of LDMDetDetector  

bbox_head.head_series.2.inst_interact.out_layer.weight - torch.Size([256, 12544]): 
The value is the same before and after calling `init_weights` of LDMDetDetector  

bbox_head.head_series.2.inst_interact.out_layer.bias - torch.Size([256]): 
The value is the same before and after calling `init_weights` of LDMDetDetector  

bbox_head.head_series.2.inst_interact.norm3.weight - torch.Size([256]): 
The value is the same before and after calling `init_weights` of LDMDetDetector  

bbox_head.head_series.2.inst_interact.norm3.bias - torch.Size([256]): 
The value is the same before and after calling `init_weights` of LDMDetDetector  

bbox_head.head_series.2.linear1.weight - torch.Size([2048, 256]): 
The value is the same before and after calling `init_weights` of LDMDetDetector  

bbox_head.head_series.2.linear1.bias - torch.Size([2048]): 
The value is the same before and after calling `init_weights` of LDMDetDetector  

bbox_head.head_series.2.linear2.weight - torch.Size([256, 2048]): 
The value is the same before and after calling `init_weights` of LDMDetDetector  

bbox_head.head_series.2.linear2.bias - torch.Size([256]): 
The value is the same before and after calling `init_weights` of LDMDetDetector  

bbox_head.head_series.2.norm1.weight - torch.Size([256]): 
The value is the same before and after calling `init_weights` of LDMDetDetector  

bbox_head.head_series.2.norm1.bias - torch.Size([256]): 
The value is the same before and after calling `init_weights` of LDMDetDetector  

bbox_head.head_series.2.norm2.weight - torch.Size([256]): 
The value is the same before and after calling `init_weights` of LDMDetDetector  

bbox_head.head_series.2.norm2.bias - torch.Size([256]): 
The value is the same before and after calling `init_weights` of LDMDetDetector  

bbox_head.head_series.2.norm3.weight - torch.Size([256]): 
The value is the same before and after calling `init_weights` of LDMDetDetector  

bbox_head.head_series.2.norm3.bias - torch.Size([256]): 
The value is the same before and after calling `init_weights` of LDMDetDetector  

bbox_head.head_series.2.adaln_mlp.1.weight - torch.Size([1536, 1024]): 
The value is the same before and after calling `init_weights` of LDMDetDetector  

bbox_head.head_series.2.adaln_mlp.1.bias - torch.Size([1536]): 
The value is the same before and after calling `init_weights` of LDMDetDetector  

bbox_head.head_series.2.cls_head.0.0.weight - torch.Size([256, 256]): 
The value is the same before and after calling `init_weights` of LDMDetDetector  

bbox_head.head_series.2.cls_head.0.1.weight - torch.Size([256]): 
The value is the same before and after calling `init_weights` of LDMDetDetector  

bbox_head.head_series.2.cls_head.0.1.bias - torch.Size([256]): 
The value is the same before and after calling `init_weights` of LDMDetDetector  

bbox_head.head_series.2.cls_head.1.weight - torch.Size([24, 256]): 
The value is the same before and after calling `init_weights` of LDMDetDetector  

bbox_head.head_series.2.cls_head.1.bias - torch.Size([24]): 
The value is the same before and after calling `init_weights` of LDMDetDetector  

bbox_head.head_series.2.reg_head.0.0.weight - torch.Size([256, 256]): 
The value is the same before and after calling `init_weights` of LDMDetDetector  

bbox_head.head_series.2.reg_head.0.1.weight - torch.Size([256]): 
The value is the same before and after calling `init_weights` of LDMDetDetector  

bbox_head.head_series.2.reg_head.0.1.bias - torch.Size([256]): 
The value is the same before and after calling `init_weights` of LDMDetDetector  

bbox_head.head_series.2.reg_head.1.0.weight - torch.Size([256, 256]): 
The value is the same before and after calling `init_weights` of LDMDetDetector  

bbox_head.head_series.2.reg_head.1.1.weight - torch.Size([256]): 
The value is the same before and after calling `init_weights` of LDMDetDetector  

bbox_head.head_series.2.reg_head.1.1.bias - torch.Size([256]): 
The value is the same before and after calling `init_weights` of LDMDetDetector  

bbox_head.head_series.2.reg_head.2.0.weight - torch.Size([256, 256]): 
The value is the same before and after calling `init_weights` of LDMDetDetector  

bbox_head.head_series.2.reg_head.2.1.weight - torch.Size([256]): 
The value is the same before and after calling `init_weights` of LDMDetDetector  

bbox_head.head_series.2.reg_head.2.1.bias - torch.Size([256]): 
The value is the same before and after calling `init_weights` of LDMDetDetector  

bbox_head.head_series.2.reg_head.3.weight - torch.Size([4, 256]): 
The value is the same before and after calling `init_weights` of LDMDetDetector  

bbox_head.head_series.2.reg_head.3.bias - torch.Size([4]): 
The value is the same before and after calling `init_weights` of LDMDetDetector  

bbox_head.head_series.3.self_attn.in_proj_weight - torch.Size([768, 256]): 
The value is the same before and after calling `init_weights` of LDMDetDetector  

bbox_head.head_series.3.self_attn.in_proj_bias - torch.Size([768]): 
The value is the same before and after calling `init_weights` of LDMDetDetector  

bbox_head.head_series.3.self_attn.out_proj.weight - torch.Size([256, 256]): 
The value is the same before and after calling `init_weights` of LDMDetDetector  

bbox_head.head_series.3.self_attn.out_proj.bias - torch.Size([256]): 
The value is the same before and after calling `init_weights` of LDMDetDetector  

bbox_head.head_series.3.inst_interact.dynamic_layer.weight - torch.Size([32768, 256]): 
The value is the same before and after calling `init_weights` of LDMDetDetector  

bbox_head.head_series.3.inst_interact.dynamic_layer.bias - torch.Size([32768]): 
The value is the same before and after calling `init_weights` of LDMDetDetector  

bbox_head.head_series.3.inst_interact.norm1.weight - torch.Size([64]): 
The value is the same before and after calling `init_weights` of LDMDetDetector  

bbox_head.head_series.3.inst_interact.norm1.bias - torch.Size([64]): 
The value is the same before and after calling `init_weights` of LDMDetDetector  

bbox_head.head_series.3.inst_interact.norm2.weight - torch.Size([256]): 
The value is the same before and after calling `init_weights` of LDMDetDetector  

bbox_head.head_series.3.inst_interact.norm2.bias - torch.Size([256]): 
The value is the same before and after calling `init_weights` of LDMDetDetector  

bbox_head.head_series.3.inst_interact.out_layer.weight - torch.Size([256, 12544]): 
The value is the same before and after calling `init_weights` of LDMDetDetector  

bbox_head.head_series.3.inst_interact.out_layer.bias - torch.Size([256]): 
The value is the same before and after calling `init_weights` of LDMDetDetector  

bbox_head.head_series.3.inst_interact.norm3.weight - torch.Size([256]): 
The value is the same before and after calling `init_weights` of LDMDetDetector  

bbox_head.head_series.3.inst_interact.norm3.bias - torch.Size([256]): 
The value is the same before and after calling `init_weights` of LDMDetDetector  

bbox_head.head_series.3.linear1.weight - torch.Size([2048, 256]): 
The value is the same before and after calling `init_weights` of LDMDetDetector  

bbox_head.head_series.3.linear1.bias - torch.Size([2048]): 
The value is the same before and after calling `init_weights` of LDMDetDetector  

bbox_head.head_series.3.linear2.weight - torch.Size([256, 2048]): 
The value is the same before and after calling `init_weights` of LDMDetDetector  

bbox_head.head_series.3.linear2.bias - torch.Size([256]): 
The value is the same before and after calling `init_weights` of LDMDetDetector  

bbox_head.head_series.3.norm1.weight - torch.Size([256]): 
The value is the same before and after calling `init_weights` of LDMDetDetector  

bbox_head.head_series.3.norm1.bias - torch.Size([256]): 
The value is the same before and after calling `init_weights` of LDMDetDetector  

bbox_head.head_series.3.norm2.weight - torch.Size([256]): 
The value is the same before and after calling `init_weights` of LDMDetDetector  

bbox_head.head_series.3.norm2.bias - torch.Size([256]): 
The value is the same before and after calling `init_weights` of LDMDetDetector  

bbox_head.head_series.3.norm3.weight - torch.Size([256]): 
The value is the same before and after calling `init_weights` of LDMDetDetector  

bbox_head.head_series.3.norm3.bias - torch.Size([256]): 
The value is the same before and after calling `init_weights` of LDMDetDetector  

bbox_head.head_series.3.adaln_mlp.1.weight - torch.Size([1536, 1024]): 
The value is the same before and after calling `init_weights` of LDMDetDetector  

bbox_head.head_series.3.adaln_mlp.1.bias - torch.Size([1536]): 
The value is the same before and after calling `init_weights` of LDMDetDetector  

bbox_head.head_series.3.cls_head.0.0.weight - torch.Size([256, 256]): 
The value is the same before and after calling `init_weights` of LDMDetDetector  

bbox_head.head_series.3.cls_head.0.1.weight - torch.Size([256]): 
The value is the same before and after calling `init_weights` of LDMDetDetector  

bbox_head.head_series.3.cls_head.0.1.bias - torch.Size([256]): 
The value is the same before and after calling `init_weights` of LDMDetDetector  

bbox_head.head_series.3.cls_head.1.weight - torch.Size([24, 256]): 
The value is the same before and after calling `init_weights` of LDMDetDetector  

bbox_head.head_series.3.cls_head.1.bias - torch.Size([24]): 
The value is the same before and after calling `init_weights` of LDMDetDetector  

bbox_head.head_series.3.reg_head.0.0.weight - torch.Size([256, 256]): 
The value is the same before and after calling `init_weights` of LDMDetDetector  

bbox_head.head_series.3.reg_head.0.1.weight - torch.Size([256]): 
The value is the same before and after calling `init_weights` of LDMDetDetector  

bbox_head.head_series.3.reg_head.0.1.bias - torch.Size([256]): 
The value is the same before and after calling `init_weights` of LDMDetDetector  

bbox_head.head_series.3.reg_head.1.0.weight - torch.Size([256, 256]): 
The value is the same before and after calling `init_weights` of LDMDetDetector  

bbox_head.head_series.3.reg_head.1.1.weight - torch.Size([256]): 
The value is the same before and after calling `init_weights` of LDMDetDetector  

bbox_head.head_series.3.reg_head.1.1.bias - torch.Size([256]): 
The value is the same before and after calling `init_weights` of LDMDetDetector  

bbox_head.head_series.3.reg_head.2.0.weight - torch.Size([256, 256]): 
The value is the same before and after calling `init_weights` of LDMDetDetector  

bbox_head.head_series.3.reg_head.2.1.weight - torch.Size([256]): 
The value is the same before and after calling `init_weights` of LDMDetDetector  

bbox_head.head_series.3.reg_head.2.1.bias - torch.Size([256]): 
The value is the same before and after calling `init_weights` of LDMDetDetector  

bbox_head.head_series.3.reg_head.3.weight - torch.Size([4, 256]): 
The value is the same before and after calling `init_weights` of LDMDetDetector  

bbox_head.head_series.3.reg_head.3.bias - torch.Size([4]): 
The value is the same before and after calling `init_weights` of LDMDetDetector  

bbox_head.head_series.4.self_attn.in_proj_weight - torch.Size([768, 256]): 
The value is the same before and after calling `init_weights` of LDMDetDetector  

bbox_head.head_series.4.self_attn.in_proj_bias - torch.Size([768]): 
The value is the same before and after calling `init_weights` of LDMDetDetector  

bbox_head.head_series.4.self_attn.out_proj.weight - torch.Size([256, 256]): 
The value is the same before and after calling `init_weights` of LDMDetDetector  

bbox_head.head_series.4.self_attn.out_proj.bias - torch.Size([256]): 
The value is the same before and after calling `init_weights` of LDMDetDetector  

bbox_head.head_series.4.inst_interact.dynamic_layer.weight - torch.Size([32768, 256]): 
The value is the same before and after calling `init_weights` of LDMDetDetector  

bbox_head.head_series.4.inst_interact.dynamic_layer.bias - torch.Size([32768]): 
The value is the same before and after calling `init_weights` of LDMDetDetector  

bbox_head.head_series.4.inst_interact.norm1.weight - torch.Size([64]): 
The value is the same before and after calling `init_weights` of LDMDetDetector  

bbox_head.head_series.4.inst_interact.norm1.bias - torch.Size([64]): 
The value is the same before and after calling `init_weights` of LDMDetDetector  

bbox_head.head_series.4.inst_interact.norm2.weight - torch.Size([256]): 
The value is the same before and after calling `init_weights` of LDMDetDetector  

bbox_head.head_series.4.inst_interact.norm2.bias - torch.Size([256]): 
The value is the same before and after calling `init_weights` of LDMDetDetector  

bbox_head.head_series.4.inst_interact.out_layer.weight - torch.Size([256, 12544]): 
The value is the same before and after calling `init_weights` of LDMDetDetector  

bbox_head.head_series.4.inst_interact.out_layer.bias - torch.Size([256]): 
The value is the same before and after calling `init_weights` of LDMDetDetector  

bbox_head.head_series.4.inst_interact.norm3.weight - torch.Size([256]): 
The value is the same before and after calling `init_weights` of LDMDetDetector  

bbox_head.head_series.4.inst_interact.norm3.bias - torch.Size([256]): 
The value is the same before and after calling `init_weights` of LDMDetDetector  

bbox_head.head_series.4.linear1.weight - torch.Size([2048, 256]): 
The value is the same before and after calling `init_weights` of LDMDetDetector  

bbox_head.head_series.4.linear1.bias - torch.Size([2048]): 
The value is the same before and after calling `init_weights` of LDMDetDetector  

bbox_head.head_series.4.linear2.weight - torch.Size([256, 2048]): 
The value is the same before and after calling `init_weights` of LDMDetDetector  

bbox_head.head_series.4.linear2.bias - torch.Size([256]): 
The value is the same before and after calling `init_weights` of LDMDetDetector  

bbox_head.head_series.4.norm1.weight - torch.Size([256]): 
The value is the same before and after calling `init_weights` of LDMDetDetector  

bbox_head.head_series.4.norm1.bias - torch.Size([256]): 
The value is the same before and after calling `init_weights` of LDMDetDetector  

bbox_head.head_series.4.norm2.weight - torch.Size([256]): 
The value is the same before and after calling `init_weights` of LDMDetDetector  

bbox_head.head_series.4.norm2.bias - torch.Size([256]): 
The value is the same before and after calling `init_weights` of LDMDetDetector  

bbox_head.head_series.4.norm3.weight - torch.Size([256]): 
The value is the same before and after calling `init_weights` of LDMDetDetector  

bbox_head.head_series.4.norm3.bias - torch.Size([256]): 
The value is the same before and after calling `init_weights` of LDMDetDetector  

bbox_head.head_series.4.adaln_mlp.1.weight - torch.Size([1536, 1024]): 
The value is the same before and after calling `init_weights` of LDMDetDetector  

bbox_head.head_series.4.adaln_mlp.1.bias - torch.Size([1536]): 
The value is the same before and after calling `init_weights` of LDMDetDetector  

bbox_head.head_series.4.cls_head.0.0.weight - torch.Size([256, 256]): 
The value is the same before and after calling `init_weights` of LDMDetDetector  

bbox_head.head_series.4.cls_head.0.1.weight - torch.Size([256]): 
The value is the same before and after calling `init_weights` of LDMDetDetector  

bbox_head.head_series.4.cls_head.0.1.bias - torch.Size([256]): 
The value is the same before and after calling `init_weights` of LDMDetDetector  

bbox_head.head_series.4.cls_head.1.weight - torch.Size([24, 256]): 
The value is the same before and after calling `init_weights` of LDMDetDetector  

bbox_head.head_series.4.cls_head.1.bias - torch.Size([24]): 
The value is the same before and after calling `init_weights` of LDMDetDetector  

bbox_head.head_series.4.reg_head.0.0.weight - torch.Size([256, 256]): 
The value is the same before and after calling `init_weights` of LDMDetDetector  

bbox_head.head_series.4.reg_head.0.1.weight - torch.Size([256]): 
The value is the same before and after calling `init_weights` of LDMDetDetector  

bbox_head.head_series.4.reg_head.0.1.bias - torch.Size([256]): 
The value is the same before and after calling `init_weights` of LDMDetDetector  

bbox_head.head_series.4.reg_head.1.0.weight - torch.Size([256, 256]): 
The value is the same before and after calling `init_weights` of LDMDetDetector  

bbox_head.head_series.4.reg_head.1.1.weight - torch.Size([256]): 
The value is the same before and after calling `init_weights` of LDMDetDetector  

bbox_head.head_series.4.reg_head.1.1.bias - torch.Size([256]): 
The value is the same before and after calling `init_weights` of LDMDetDetector  

bbox_head.head_series.4.reg_head.2.0.weight - torch.Size([256, 256]): 
The value is the same before and after calling `init_weights` of LDMDetDetector  

bbox_head.head_series.4.reg_head.2.1.weight - torch.Size([256]): 
The value is the same before and after calling `init_weights` of LDMDetDetector  

bbox_head.head_series.4.reg_head.2.1.bias - torch.Size([256]): 
The value is the same before and after calling `init_weights` of LDMDetDetector  

bbox_head.head_series.4.reg_head.3.weight - torch.Size([4, 256]): 
The value is the same before and after calling `init_weights` of LDMDetDetector  

bbox_head.head_series.4.reg_head.3.bias - torch.Size([4]): 
The value is the same before and after calling `init_weights` of LDMDetDetector  

bbox_head.head_series.5.self_attn.in_proj_weight - torch.Size([768, 256]): 
The value is the same before and after calling `init_weights` of LDMDetDetector  

bbox_head.head_series.5.self_attn.in_proj_bias - torch.Size([768]): 
The value is the same before and after calling `init_weights` of LDMDetDetector  

bbox_head.head_series.5.self_attn.out_proj.weight - torch.Size([256, 256]): 
The value is the same before and after calling `init_weights` of LDMDetDetector  

bbox_head.head_series.5.self_attn.out_proj.bias - torch.Size([256]): 
The value is the same before and after calling `init_weights` of LDMDetDetector  

bbox_head.head_series.5.inst_interact.dynamic_layer.weight - torch.Size([32768, 256]): 
The value is the same before and after calling `init_weights` of LDMDetDetector  

bbox_head.head_series.5.inst_interact.dynamic_layer.bias - torch.Size([32768]): 
The value is the same before and after calling `init_weights` of LDMDetDetector  

bbox_head.head_series.5.inst_interact.norm1.weight - torch.Size([64]): 
The value is the same before and after calling `init_weights` of LDMDetDetector  

bbox_head.head_series.5.inst_interact.norm1.bias - torch.Size([64]): 
The value is the same before and after calling `init_weights` of LDMDetDetector  

bbox_head.head_series.5.inst_interact.norm2.weight - torch.Size([256]): 
The value is the same before and after calling `init_weights` of LDMDetDetector  

bbox_head.head_series.5.inst_interact.norm2.bias - torch.Size([256]): 
The value is the same before and after calling `init_weights` of LDMDetDetector  

bbox_head.head_series.5.inst_interact.out_layer.weight - torch.Size([256, 12544]): 
The value is the same before and after calling `init_weights` of LDMDetDetector  

bbox_head.head_series.5.inst_interact.out_layer.bias - torch.Size([256]): 
The value is the same before and after calling `init_weights` of LDMDetDetector  

bbox_head.head_series.5.inst_interact.norm3.weight - torch.Size([256]): 
The value is the same before and after calling `init_weights` of LDMDetDetector  

bbox_head.head_series.5.inst_interact.norm3.bias - torch.Size([256]): 
The value is the same before and after calling `init_weights` of LDMDetDetector  

bbox_head.head_series.5.linear1.weight - torch.Size([2048, 256]): 
The value is the same before and after calling `init_weights` of LDMDetDetector  

bbox_head.head_series.5.linear1.bias - torch.Size([2048]): 
The value is the same before and after calling `init_weights` of LDMDetDetector  

bbox_head.head_series.5.linear2.weight - torch.Size([256, 2048]): 
The value is the same before and after calling `init_weights` of LDMDetDetector  

bbox_head.head_series.5.linear2.bias - torch.Size([256]): 
The value is the same before and after calling `init_weights` of LDMDetDetector  

bbox_head.head_series.5.norm1.weight - torch.Size([256]): 
The value is the same before and after calling `init_weights` of LDMDetDetector  

bbox_head.head_series.5.norm1.bias - torch.Size([256]): 
The value is the same before and after calling `init_weights` of LDMDetDetector  

bbox_head.head_series.5.norm2.weight - torch.Size([256]): 
The value is the same before and after calling `init_weights` of LDMDetDetector  

bbox_head.head_series.5.norm2.bias - torch.Size([256]): 
The value is the same before and after calling `init_weights` of LDMDetDetector  

bbox_head.head_series.5.norm3.weight - torch.Size([256]): 
The value is the same before and after calling `init_weights` of LDMDetDetector  

bbox_head.head_series.5.norm3.bias - torch.Size([256]): 
The value is the same before and after calling `init_weights` of LDMDetDetector  

bbox_head.head_series.5.adaln_mlp.1.weight - torch.Size([1536, 1024]): 
The value is the same before and after calling `init_weights` of LDMDetDetector  

bbox_head.head_series.5.adaln_mlp.1.bias - torch.Size([1536]): 
The value is the same before and after calling `init_weights` of LDMDetDetector  

bbox_head.head_series.5.cls_head.0.0.weight - torch.Size([256, 256]): 
The value is the same before and after calling `init_weights` of LDMDetDetector  

bbox_head.head_series.5.cls_head.0.1.weight - torch.Size([256]): 
The value is the same before and after calling `init_weights` of LDMDetDetector  

bbox_head.head_series.5.cls_head.0.1.bias - torch.Size([256]): 
The value is the same before and after calling `init_weights` of LDMDetDetector  

bbox_head.head_series.5.cls_head.1.weight - torch.Size([24, 256]): 
The value is the same before and after calling `init_weights` of LDMDetDetector  

bbox_head.head_series.5.cls_head.1.bias - torch.Size([24]): 
The value is the same before and after calling `init_weights` of LDMDetDetector  

bbox_head.head_series.5.reg_head.0.0.weight - torch.Size([256, 256]): 
The value is the same before and after calling `init_weights` of LDMDetDetector  

bbox_head.head_series.5.reg_head.0.1.weight - torch.Size([256]): 
The value is the same before and after calling `init_weights` of LDMDetDetector  

bbox_head.head_series.5.reg_head.0.1.bias - torch.Size([256]): 
The value is the same before and after calling `init_weights` of LDMDetDetector  

bbox_head.head_series.5.reg_head.1.0.weight - torch.Size([256, 256]): 
The value is the same before and after calling `init_weights` of LDMDetDetector  

bbox_head.head_series.5.reg_head.1.1.weight - torch.Size([256]): 
The value is the same before and after calling `init_weights` of LDMDetDetector  

bbox_head.head_series.5.reg_head.1.1.bias - torch.Size([256]): 
The value is the same before and after calling `init_weights` of LDMDetDetector  

bbox_head.head_series.5.reg_head.2.0.weight - torch.Size([256, 256]): 
The value is the same before and after calling `init_weights` of LDMDetDetector  

bbox_head.head_series.5.reg_head.2.1.weight - torch.Size([256]): 
The value is the same before and after calling `init_weights` of LDMDetDetector  

bbox_head.head_series.5.reg_head.2.1.bias - torch.Size([256]): 
The value is the same before and after calling `init_weights` of LDMDetDetector  

bbox_head.head_series.5.reg_head.3.weight - torch.Size([4, 256]): 
The value is the same before and after calling `init_weights` of LDMDetDetector  

bbox_head.head_series.5.reg_head.3.bias - torch.Size([4]): 
The value is the same before and after calling `init_weights` of LDMDetDetector  

bbox_head.head_series.5.quality_head.0.weight - torch.Size([128, 256]): 
The value is the same before and after calling `init_weights` of LDMDetDetector  

bbox_head.head_series.5.quality_head.1.weight - torch.Size([128]): 
The value is the same before and after calling `init_weights` of LDMDetDetector  

bbox_head.head_series.5.quality_head.1.bias - torch.Size([128]): 
The value is the same before and after calling `init_weights` of LDMDetDetector  

bbox_head.head_series.5.quality_head.3.weight - torch.Size([1, 128]): 
The value is the same before and after calling `init_weights` of LDMDetDetector  

bbox_head.head_series.5.quality_head.3.bias - torch.Size([1]): 
The value is the same before and after calling `init_weights` of LDMDetDetector  
2026/08/08 23:46:39 - mmengine - INFO - Load checkpoint from work_dirs/a4_dpm_pp_24obj/best_coco_bbox_mAP_epoch_117.pth
2026/08/08 23:46:39 - mmengine - WARNING - "FileClient" will be deprecated in future. Please use io functions in https://mmengine.readthedocs.io/en/latest/api/fileio.html#file-io
2026/08/08 23:46:39 - mmengine - WARNING - "HardDiskBackend" is the alias of "LocalBackend" and the former will be deprecated in future.
2026/08/08 23:46:39 - mmengine - INFO - Checkpoints will be saved to /home/linkst/workplace/chromo/chromosome-kd/work_dirs/capr_quality_final_only_24obj_seed789.
2026/08/08 23:47:03 - mmengine - INFO - Epoch(train)  [1][  50/1750]  lr: 3.2161e-04  eta: 2:50:26  time: 0.4881  data_time: 0.0041  memory: 19386  grad_norm: 1.6992  loss: 2.6520  loss_cls: 0.0404  loss_bbox: 0.0338  loss_giou: 0.1146  loss_quality: 0.6757  aux_0_loss_cls: 0.2506  aux_0_loss_bbox: 0.1021  aux_0_loss_giou: 0.3201  aux_1_loss_cls: 0.1677  aux_1_loss_bbox: 0.0511  aux_1_loss_giou: 0.1673  aux_2_loss_cls: 0.0835  aux_2_loss_bbox: 0.0432  aux_2_loss_giou: 0.1466  aux_3_loss_cls: 0.0532  aux_3_loss_bbox: 0.0425  aux_3_loss_giou: 0.1443  aux_4_loss_cls: 0.0500  aux_4_loss_bbox: 0.0375  aux_4_loss_giou: 0.1277
2026/08/08 23:47:18 - mmengine - INFO - Epoch(train)  [1][ 100/1750]  lr: 5.4774e-04  eta: 2:17:03  time: 0.2988  data_time: 0.0003  memory: 10410  grad_norm: 0.8983  loss: 2.0998  loss_cls: 0.0344  loss_bbox: 0.0295  loss_giou: 0.1008  loss_quality: 0.2533  aux_0_loss_cls: 0.2418  aux_0_loss_bbox: 0.0980  aux_0_loss_giou: 0.3094  aux_1_loss_cls: 0.1615  aux_1_loss_bbox: 0.0470  aux_1_loss_giou: 0.1565  aux_2_loss_cls: 0.0802  aux_2_loss_bbox: 0.0397  aux_2_loss_giou: 0.1369  aux_3_loss_cls: 0.0475  aux_3_loss_bbox: 0.0389  aux_3_loss_giou: 0.1336  aux_4_loss_cls: 0.0439  aux_4_loss_bbox: 0.0334  aux_4_loss_giou: 0.1138
2026/08/08 23:47:31 - mmengine - INFO - Epoch(train)  [1][ 150/1750]  lr: 7.7387e-04  eta: 2:01:24  time: 0.2612  data_time: 0.0003  memory: 18015  grad_norm: 0.1173  loss: 2.0317  loss_cls: 0.0419  loss_bbox: 0.0329  loss_giou: 0.1091  loss_quality: 0.0812  aux_0_loss_cls: 0.2529  aux_0_loss_bbox: 0.1006  aux_0_loss_giou: 0.3180  aux_1_loss_cls: 0.1685  aux_1_loss_bbox: 0.0495  aux_1_loss_giou: 0.1639  aux_2_loss_cls: 0.0814  aux_2_loss_bbox: 0.0422  aux_2_loss_giou: 0.1434  aux_3_loss_cls: 0.0524  aux_3_loss_bbox: 0.0419  aux_3_loss_giou: 0.1412  aux_4_loss_cls: 0.0513  aux_4_loss_bbox: 0.0368  aux_4_loss_giou: 0.1226
2026/08/08 23:47:41 - mmengine - INFO - Epoch(train)  [1][ 200/1750]  lr: 1.0000e-03  eta: 1:48:36  time: 0.2051  data_time: 0.0003  memory: 10412  grad_norm: 0.0547  loss: 2.0383  loss_cls: 0.0409  loss_bbox: 0.0335  loss_giou: 0.1129  loss_quality: 0.0689  aux_0_loss_cls: 0.2501  aux_0_loss_bbox: 0.1020  aux_0_loss_giou: 0.3175  aux_1_loss_cls: 0.1695  aux_1_loss_bbox: 0.0509  aux_1_loss_giou: 0.1687  aux_2_loss_cls: 0.0834  aux_2_loss_bbox: 0.0430  aux_2_loss_giou: 0.1481  aux_3_loss_cls: 0.0513  aux_3_loss_bbox: 0.0421  aux_3_loss_giou: 0.1437  aux_4_loss_cls: 0.0496  aux_4_loss_bbox: 0.0371  aux_4_loss_giou: 0.1251
2026/08/08 23:47:52 - mmengine - INFO - Epoch(train)  [1][ 250/1750]  lr: 1.0000e-03  eta: 1:41:43  time: 0.2175  data_time: 0.0003  memory: 10468  grad_norm: 0.0322  loss: 1.9508  loss_cls: 0.0371  loss_bbox: 0.0315  loss_giou: 0.1065  loss_quality: 0.0625  aux_0_loss_cls: 0.2475  aux_0_loss_bbox: 0.0990  aux_0_loss_giou: 0.3078  aux_1_loss_cls: 0.1685  aux_1_loss_bbox: 0.0484  aux_1_loss_giou: 0.1591  aux_2_loss_cls: 0.0822  aux_2_loss_bbox: 0.0412  aux_2_loss_giou: 0.1393  aux_3_loss_cls: 0.0474  aux_3_loss_bbox: 0.0395  aux_3_loss_giou: 0.1344  aux_4_loss_cls: 0.0468  aux_4_loss_bbox: 0.0348  aux_4_loss_giou: 0.1173
2026/08/08 23:48:01 - mmengine - INFO - Epoch(train)  [1][ 300/1750]  lr: 1.0000e-03  eta: 1:34:57  time: 0.1805  data_time: 0.0003  memory: 19248  grad_norm: 0.0307  loss: 1.9542  loss_cls: 0.0355  loss_bbox: 0.0294  loss_giou: 0.1065  loss_quality: 0.0623  aux_0_loss_cls: 0.2420  aux_0_loss_bbox: 0.0989  aux_0_loss_giou: 0.3212  aux_1_loss_cls: 0.1614  aux_1_loss_bbox: 0.0479  aux_1_loss_giou: 0.1649  aux_2_loss_cls: 0.0812  aux_2_loss_bbox: 0.0400  aux_2_loss_giou: 0.1427  aux_3_loss_cls: 0.0488  aux_3_loss_bbox: 0.0388  aux_3_loss_giou: 0.1375  aux_4_loss_cls: 0.0437  aux_4_loss_bbox: 0.0330  aux_4_loss_giou: 0.1185
2026/08/08 23:48:08 - mmengine - INFO - Epoch(train)  [1][ 350/1750]  lr: 1.0000e-03  eta: 1:27:39  time: 0.1314  data_time: 0.0003  memory: 3540  grad_norm: 0.0267  loss: 1.9330  loss_cls: 0.0343  loss_bbox: 0.0326  loss_giou: 0.1064  loss_quality: 0.0601  aux_0_loss_cls: 0.2446  aux_0_loss_bbox: 0.0996  aux_0_loss_giou: 0.3058  aux_1_loss_cls: 0.1639  aux_1_loss_bbox: 0.0484  aux_1_loss_giou: 0.1569  aux_2_loss_cls: 0.0805  aux_2_loss_bbox: 0.0413  aux_2_loss_giou: 0.1379  aux_3_loss_cls: 0.0461  aux_3_loss_bbox: 0.0416  aux_3_loss_giou: 0.1369  aux_4_loss_cls: 0.0424  aux_4_loss_bbox: 0.0361  aux_4_loss_giou: 0.1179
2026/08/08 23:48:16 - mmengine - INFO - Epoch(train)  [1][ 400/1750]  lr: 1.0000e-03  eta: 1:23:09  time: 0.1551  data_time: 0.0003  memory: 10182  grad_norm: 0.0236  loss: 1.9793  loss_cls: 0.0395  loss_bbox: 0.0323  loss_giou: 0.1084  loss_quality: 0.0595  aux_0_loss_cls: 0.2490  aux_0_loss_bbox: 0.0982  aux_0_loss_giou: 0.3126  aux_1_loss_cls: 0.1739  aux_1_loss_bbox: 0.0485  aux_1_loss_giou: 0.1617  aux_2_loss_cls: 0.0831  aux_2_loss_bbox: 0.0413  aux_2_loss_giou: 0.1408  aux_3_loss_cls: 0.0503  aux_3_loss_bbox: 0.0400  aux_3_loss_giou: 0.1369  aux_4_loss_cls: 0.0478  aux_4_loss_bbox: 0.0355  aux_4_loss_giou: 0.1199
2026/08/08 23:48:22 - mmengine - INFO - Epoch(train)  [1][ 450/1750]  lr: 1.0000e-03  eta: 1:18:48  time: 0.1331  data_time: 0.0003  memory: 10302  grad_norm: 0.0261  loss: 1.9364  loss_cls: 0.0356  loss_bbox: 0.0308  loss_giou: 0.1045  loss_quality: 0.0595  aux_0_loss_cls: 0.2461  aux_0_loss_bbox: 0.0978  aux_0_loss_giou: 0.3046  aux_1_loss_cls: 0.1612  aux_1_loss_bbox: 0.0482  aux_1_loss_giou: 0.1604  aux_2_loss_cls: 0.0790  aux_2_loss_bbox: 0.0410  aux_2_loss_giou: 0.1409  aux_3_loss_cls: 0.0483  aux_3_loss_bbox: 0.0408  aux_3_loss_giou: 0.1400  aux_4_loss_cls: 0.0458  aux_4_loss_bbox: 0.0345  aux_4_loss_giou: 0.1176
2026/08/08 23:48:30 - mmengine - INFO - Epoch(train)  [1][ 500/1750]  lr: 1.0000e-03  eta: 1:16:02  time: 0.1547  data_time: 0.0003  memory: 19316  grad_norm: 0.0236  loss: 1.9188  loss_cls: 0.0360  loss_bbox: 0.0298  loss_giou: 0.1024  loss_quality: 0.0576  aux_0_loss_cls: 0.2479  aux_0_loss_bbox: 0.0968  aux_0_loss_giou: 0.3064  aux_1_loss_cls: 0.1678  aux_1_loss_bbox: 0.0461  aux_1_loss_giou: 0.1567  aux_2_loss_cls: 0.0825  aux_2_loss_bbox: 0.0397  aux_2_loss_giou: 0.1380  aux_3_loss_cls: 0.0477  aux_3_loss_bbox: 0.0382  aux_3_loss_giou: 0.1336  aux_4_loss_cls: 0.0453  aux_4_loss_bbox: 0.0330  aux_4_loss_giou: 0.1133
2026/08/08 23:48:38 - mmengine - INFO - Epoch(train)  [1][ 550/1750]  lr: 1.0000e-03  eta: 1:13:43  time: 0.1537  data_time: 0.0003  memory: 10180  grad_norm: 0.0265  loss: 1.9628  loss_cls: 0.0387  loss_bbox: 0.0311  loss_giou: 0.1073  loss_quality: 0.0590  aux_0_loss_cls: 0.2487  aux_0_loss_bbox: 0.0991  aux_0_loss_giou: 0.3113  aux_1_loss_cls: 0.1671  aux_1_loss_bbox: 0.0481  aux_1_loss_giou: 0.1589  aux_2_loss_cls: 0.0813  aux_2_loss_bbox: 0.0404  aux_2_loss_giou: 0.1388  aux_3_loss_cls: 0.0504  aux_3_loss_bbox: 0.0401  aux_3_loss_giou: 0.1385  aux_4_loss_cls: 0.0483  aux_4_loss_bbox: 0.0352  aux_4_loss_giou: 0.1206
2026/08/08 23:48:44 - mmengine - INFO - Epoch(train)  [1][ 600/1750]  lr: 1.0000e-03  eta: 1:10:49  time: 0.1206  data_time: 0.0003  memory: 9944  grad_norm: 0.0226  loss: 1.9562  loss_cls: 0.0376  loss_bbox: 0.0316  loss_giou: 0.1064  loss_quality: 0.0589  aux_0_loss_cls: 0.2505  aux_0_loss_bbox: 0.0994  aux_0_loss_giou: 0.3095  aux_1_loss_cls: 0.1703  aux_1_loss_bbox: 0.0476  aux_1_loss_giou: 0.1571  aux_2_loss_cls: 0.0811  aux_2_loss_bbox: 0.0402  aux_2_loss_giou: 0.1363  aux_3_loss_cls: 0.0507  aux_3_loss_bbox: 0.0405  aux_3_loss_giou: 0.1362  aux_4_loss_cls: 0.0482  aux_4_loss_bbox: 0.0353  aux_4_loss_giou: 0.1188
2026/08/08 23:48:51 - mmengine - INFO - Epoch(train)  [1][ 650/1750]  lr: 1.0000e-03  eta: 1:08:49  time: 0.1382  data_time: 0.0003  memory: 10179  grad_norm: 0.0238  loss: 1.9842  loss_cls: 0.0408  loss_bbox: 0.0337  loss_giou: 0.1076  loss_quality: 0.0588  aux_0_loss_cls: 0.2515  aux_0_loss_bbox: 0.1034  aux_0_loss_giou: 0.3108  aux_1_loss_cls: 0.1679  aux_1_loss_bbox: 0.0507  aux_1_loss_giou: 0.1597  aux_2_loss_cls: 0.0842  aux_2_loss_bbox: 0.0423  aux_2_loss_giou: 0.1386  aux_3_loss_cls: 0.0516  aux_3_loss_bbox: 0.0414  aux_3_loss_giou: 0.1354  aux_4_loss_cls: 0.0489  aux_4_loss_bbox: 0.0373  aux_4_loss_giou: 0.1199
2026/08/08 23:48:59 - mmengine - INFO - Epoch(train)  [1][ 700/1750]  lr: 1.0000e-03  eta: 1:07:33  time: 0.1575  data_time: 0.0003  memory: 10291  grad_norm: 0.0259  loss: 1.9516  loss_cls: 0.0373  loss_bbox: 0.0314  loss_giou: 0.1035  loss_quality: 0.0591  aux_0_loss_cls: 0.2527  aux_0_loss_bbox: 0.0996  aux_0_loss_giou: 0.3073  aux_1_loss_cls: 0.1692  aux_1_loss_bbox: 0.0486  aux_1_loss_giou: 0.1573  aux_2_loss_cls: 0.0848  aux_2_loss_bbox: 0.0412  aux_2_loss_giou: 0.1378  aux_3_loss_cls: 0.0514  aux_3_loss_bbox: 0.0396  aux_3_loss_giou: 0.1334  aux_4_loss_cls: 0.0466  aux_4_loss_bbox: 0.0352  aux_4_loss_giou: 0.1159
2026/08/08 23:49:06 - mmengine - INFO - Epoch(train)  [1][ 750/1750]  lr: 1.0000e-03  eta: 1:06:08  time: 0.1439  data_time: 0.0003  memory: 10302  grad_norm: 0.0221  loss: 1.9320  loss_cls: 0.0353  loss_bbox: 0.0320  loss_giou: 0.1049  loss_quality: 0.0574  aux_0_loss_cls: 0.2467  aux_0_loss_bbox: 0.1008  aux_0_loss_giou: 0.3143  aux_1_loss_cls: 0.1648  aux_1_loss_bbox: 0.0478  aux_1_loss_giou: 0.1573  aux_2_loss_cls: 0.0766  aux_2_loss_bbox: 0.0401  aux_2_loss_giou: 0.1347  aux_3_loss_cls: 0.0471  aux_3_loss_bbox: 0.0401  aux_3_loss_giou: 0.1330  aux_4_loss_cls: 0.0455  aux_4_loss_bbox: 0.0360  aux_4_loss_giou: 0.1176
2026/08/08 23:49:11 - mmengine - INFO - Epoch(train)  [1][ 800/1750]  lr: 1.0000e-03  eta: 1:04:16  time: 0.1148  data_time: 0.0003  memory: 6617  grad_norm: 0.0303  loss: 1.9552  loss_cls: 0.0379  loss_bbox: 0.0322  loss_giou: 0.1095  loss_quality: 0.0594  aux_0_loss_cls: 0.2434  aux_0_loss_bbox: 0.0987  aux_0_loss_giou: 0.3104  aux_1_loss_cls: 0.1617  aux_1_loss_bbox: 0.0480  aux_1_loss_giou: 0.1596  aux_2_loss_cls: 0.0788  aux_2_loss_bbox: 0.0406  aux_2_loss_giou: 0.1403  aux_3_loss_cls: 0.0496  aux_3_loss_bbox: 0.0410  aux_3_loss_giou: 0.1403  aux_4_loss_cls: 0.0461  aux_4_loss_bbox: 0.0358  aux_4_loss_giou: 0.1218
2026/08/08 23:49:19 - mmengine - INFO - Epoch(train)  [1][ 850/1750]  lr: 1.0000e-03  eta: 1:03:19  time: 0.1512  data_time: 0.0003  memory: 19086  grad_norm: 0.0205  loss: 1.8812  loss_cls: 0.0310  loss_bbox: 0.0293  loss_giou: 0.1020  loss_quality: 0.0561  aux_0_loss_cls: 0.2425  aux_0_loss_bbox: 0.0969  aux_0_loss_giou: 0.3087  aux_1_loss_cls: 0.1618  aux_1_loss_bbox: 0.0456  aux_1_loss_giou: 0.1534  aux_2_loss_cls: 0.0798  aux_2_loss_bbox: 0.0386  aux_2_loss_giou: 0.1338  aux_3_loss_cls: 0.0450  aux_3_loss_bbox: 0.0379  aux_3_loss_giou: 0.1322  aux_4_loss_cls: 0.0407  aux_4_loss_bbox: 0.0327  aux_4_loss_giou: 0.1134
2026/08/08 23:49:25 - mmengine - INFO - Epoch(train)  [1][ 900/1750]  lr: 1.0000e-03  eta: 1:02:04  time: 0.1295  data_time: 0.0003  memory: 19369  grad_norm: 0.0227  loss: 1.9476  loss_cls: 0.0376  loss_bbox: 0.0293  loss_giou: 0.1069  loss_quality: 0.0581  aux_0_loss_cls: 0.2450  aux_0_loss_bbox: 0.0947  aux_0_loss_giou: 0.3156  aux_1_loss_cls: 0.1668  aux_1_loss_bbox: 0.0459  aux_1_loss_giou: 0.1627  aux_2_loss_cls: 0.0802  aux_2_loss_bbox: 0.0394  aux_2_loss_giou: 0.1426  aux_3_loss_cls: 0.0485  aux_3_loss_bbox: 0.0382  aux_3_loss_giou: 0.1389  aux_4_loss_cls: 0.0452  aux_4_loss_bbox: 0.0331  aux_4_loss_giou: 0.1190
2026/08/08 23:49:32 - mmengine - INFO - Epoch(train)  [1][ 950/1750]  lr: 1.0000e-03  eta: 1:00:49  time: 0.1231  data_time: 0.0003  memory: 19127  grad_norm: 0.0233  loss: 1.9450  loss_cls: 0.0369  loss_bbox: 0.0308  loss_giou: 0.1050  loss_quality: 0.0576  aux_0_loss_cls: 0.2473  aux_0_loss_bbox: 0.1008  aux_0_loss_giou: 0.3186  aux_1_loss_cls: 0.1620  aux_1_loss_bbox: 0.0477  aux_1_loss_giou: 0.1605  aux_2_loss_cls: 0.0827  aux_2_loss_bbox: 0.0405  aux_2_loss_giou: 0.1406  aux_3_loss_cls: 0.0481  aux_3_loss_bbox: 0.0388  aux_3_loss_giou: 0.1337  aux_4_loss_cls: 0.0433  aux_4_loss_bbox: 0.0341  aux_4_loss_giou: 0.1161
2026/08/08 23:49:38 - mmengine - INFO - Exp name: capr_quality_final_only_train_24obj_20260808_234630
2026/08/08 23:49:38 - mmengine - INFO - Epoch(train)  [1][1000/1750]  lr: 1.0000e-03  eta: 0:59:53  time: 0.1353  data_time: 0.0003  memory: 10234  grad_norm: 0.0200  loss: 1.9243  loss_cls: 0.0343  loss_bbox: 0.0315  loss_giou: 0.1069  loss_quality: 0.0574  aux_0_loss_cls: 0.2454  aux_0_loss_bbox: 0.0973  aux_0_loss_giou: 0.3044  aux_1_loss_cls: 0.1660  aux_1_loss_bbox: 0.0478  aux_1_loss_giou: 0.1590  aux_2_loss_cls: 0.0785  aux_2_loss_bbox: 0.0401  aux_2_loss_giou: 0.1386  aux_3_loss_cls: 0.0460  aux_3_loss_bbox: 0.0396  aux_3_loss_giou: 0.1364  aux_4_loss_cls: 0.0423  aux_4_loss_bbox: 0.0347  aux_4_loss_giou: 0.1183
2026/08/08 23:49:46 - mmengine - INFO - Epoch(train)  [1][1050/1750]  lr: 1.0000e-03  eta: 0:59:16  time: 0.1500  data_time: 0.0003  memory: 19446  grad_norm: 0.0251  loss: 2.0590  loss_cls: 0.0430  loss_bbox: 0.0355  loss_giou: 0.1139  loss_quality: 0.0597  aux_0_loss_cls: 0.2478  aux_0_loss_bbox: 0.1038  aux_0_loss_giou: 0.3162  aux_1_loss_cls: 0.1683  aux_1_loss_bbox: 0.0526  aux_1_loss_giou: 0.1678  aux_2_loss_cls: 0.0850  aux_2_loss_bbox: 0.0456  aux_2_loss_giou: 0.1501  aux_3_loss_cls: 0.0590  aux_3_loss_bbox: 0.0453  aux_3_loss_giou: 0.1480  aux_4_loss_cls: 0.0523  aux_4_loss_bbox: 0.0391  aux_4_loss_giou: 0.1260
2026/08/08 23:49:52 - mmengine - INFO - Epoch(train)  [1][1100/1750]  lr: 1.0000e-03  eta: 0:58:12  time: 0.1180  data_time: 0.0003  memory: 9877  grad_norm: 0.0221  loss: 2.0143  loss_cls: 0.0391  loss_bbox: 0.0337  loss_giou: 0.1087  loss_quality: 0.0589  aux_0_loss_cls: 0.2464  aux_0_loss_bbox: 0.1021  aux_0_loss_giou: 0.3105  aux_1_loss_cls: 0.1715  aux_1_loss_bbox: 0.0520  aux_1_loss_giou: 0.1666  aux_2_loss_cls: 0.0852  aux_2_loss_bbox: 0.0443  aux_2_loss_giou: 0.1465  aux_3_loss_cls: 0.0531  aux_3_loss_bbox: 0.0439  aux_3_loss_giou: 0.1437  aux_4_loss_cls: 0.0479  aux_4_loss_bbox: 0.0380  aux_4_loss_giou: 0.1220
2026/08/08 23:49:59 - mmengine - INFO - Epoch(train)  [1][1150/1750]  lr: 1.0000e-03  eta: 0:57:41  time: 0.1493  data_time: 0.0003  memory: 19671  grad_norm: 0.0219  loss: 1.9371  loss_cls: 0.0367  loss_bbox: 0.0313  loss_giou: 0.1038  loss_quality: 0.0569  aux_0_loss_cls: 0.2447  aux_0_loss_bbox: 0.0994  aux_0_loss_giou: 0.3054  aux_1_loss_cls: 0.1642  aux_1_loss_bbox: 0.0489  aux_1_loss_giou: 0.1588  aux_2_loss_cls: 0.0797  aux_2_loss_bbox: 0.0418  aux_2_loss_giou: 0.1404  aux_3_loss_cls: 0.0487  aux_3_loss_bbox: 0.0413  aux_3_loss_giou: 0.1375  aux_4_loss_cls: 0.0453  aux_4_loss_bbox: 0.0354  aux_4_loss_giou: 0.1167
2026/08/08 23:50:04 - mmengine - INFO - Epoch(train)  [1][1200/1750]  lr: 1.0000e-03  eta: 0:56:32  time: 0.1017  data_time: 0.0003  memory: 5553  grad_norm: 0.0204  loss: 2.0029  loss_cls: 0.0420  loss_bbox: 0.0329  loss_giou: 0.1073  loss_quality: 0.0580  aux_0_loss_cls: 0.2482  aux_0_loss_bbox: 0.1038  aux_0_loss_giou: 0.3180  aux_1_loss_cls: 0.1667  aux_1_loss_bbox: 0.0506  aux_1_loss_giou: 0.1641  aux_2_loss_cls: 0.0830  aux_2_loss_bbox: 0.0422  aux_2_loss_giou: 0.1429  aux_3_loss_cls: 0.0527  aux_3_loss_bbox: 0.0426  aux_3_loss_giou: 0.1413  aux_4_loss_cls: 0.0510  aux_4_loss_bbox: 0.0365  aux_4_loss_giou: 0.1190
2026/08/08 23:50:09 - mmengine - INFO - Epoch(train)  [1][1250/1750]  lr: 1.0000e-03  eta: 0:55:25  time: 0.0972  data_time: 0.0003  memory: 2629  grad_norm: 0.0212  loss: 1.8966  loss_cls: 0.0349  loss_bbox: 0.0303  loss_giou: 0.1032  loss_quality: 0.0567  aux_0_loss_cls: 0.2382  aux_0_loss_bbox: 0.0970  aux_0_loss_giou: 0.3116  aux_1_loss_cls: 0.1571  aux_1_loss_bbox: 0.0458  aux_1_loss_giou: 0.1555  aux_2_loss_cls: 0.0750  aux_2_loss_bbox: 0.0387  aux_2_loss_giou: 0.1364  aux_3_loss_cls: 0.0485  aux_3_loss_bbox: 0.0392  aux_3_loss_giou: 0.1357  aux_4_loss_cls: 0.0434  aux_4_loss_bbox: 0.0340  aux_4_loss_giou: 0.1155
2026/08/08 23:50:15 - mmengine - INFO - Epoch(train)  [1][1300/1750]  lr: 1.0000e-03  eta: 0:54:34  time: 0.1127  data_time: 0.0003  memory: 2715  grad_norm: 0.0210  loss: 1.9099  loss_cls: 0.0343  loss_bbox: 0.0309  loss_giou: 0.1020  loss_quality: 0.0565  aux_0_loss_cls: 0.2430  aux_0_loss_bbox: 0.0986  aux_0_loss_giou: 0.3061  aux_1_loss_cls: 0.1661  aux_1_loss_bbox: 0.0477  aux_1_loss_giou: 0.1562  aux_2_loss_cls: 0.0780  aux_2_loss_bbox: 0.0396  aux_2_loss_giou: 0.1352  aux_3_loss_cls: 0.0491  aux_3_loss_bbox: 0.0401  aux_3_loss_giou: 0.1342  aux_4_loss_cls: 0.0436  aux_4_loss_bbox: 0.0346  aux_4_loss_giou: 0.1141
2026/08/08 23:50:21 - mmengine - INFO - Epoch(train)  [1][1350/1750]  lr: 1.0000e-03  eta: 0:53:56  time: 0.1250  data_time: 0.0003  memory: 10071  grad_norm: 0.0241  loss: 2.0349  loss_cls: 0.0388  loss_bbox: 0.0326  loss_giou: 0.1128  loss_quality: 0.0604  aux_0_loss_cls: 0.2484  aux_0_loss_bbox: 0.1028  aux_0_loss_giou: 0.3281  aux_1_loss_cls: 0.1663  aux_1_loss_bbox: 0.0512  aux_1_loss_giou: 0.1712  aux_2_loss_cls: 0.0817  aux_2_loss_bbox: 0.0433  aux_2_loss_giou: 0.1489  aux_3_loss_cls: 0.0499  aux_3_loss_bbox: 0.0422  aux_3_loss_giou: 0.1455  aux_4_loss_cls: 0.0474  aux_4_loss_bbox: 0.0370  aux_4_loss_giou: 0.1265
2026/08/08 23:50:27 - mmengine - INFO - Epoch(train)  [1][1400/1750]  lr: 1.0000e-03  eta: 0:53:21  time: 0.1262  data_time: 0.0003  memory: 2716  grad_norm: 0.0202  loss: 1.9438  loss_cls: 0.0350  loss_bbox: 0.0300  loss_giou: 0.1024  loss_quality: 0.0565  aux_0_loss_cls: 0.2472  aux_0_loss_bbox: 0.1007  aux_0_loss_giou: 0.3214  aux_1_loss_cls: 0.1666  aux_1_loss_bbox: 0.0475  aux_1_loss_giou: 0.1594  aux_2_loss_cls: 0.0819  aux_2_loss_bbox: 0.0402  aux_2_loss_giou: 0.1387  aux_3_loss_cls: 0.0493  aux_3_loss_bbox: 0.0394  aux_3_loss_giou: 0.1344  aux_4_loss_cls: 0.0438  aux_4_loss_bbox: 0.0336  aux_4_loss_giou: 0.1156
2026/08/08 23:50:33 - mmengine - INFO - Epoch(train)  [1][1450/1750]  lr: 1.0000e-03  eta: 0:52:37  time: 0.1098  data_time: 0.0003  memory: 10457  grad_norm: 0.0216  loss: 1.9681  loss_cls: 0.0360  loss_bbox: 0.0336  loss_giou: 0.1111  loss_quality: 0.0582  aux_0_loss_cls: 0.2430  aux_0_loss_bbox: 0.0988  aux_0_loss_giou: 0.3060  aux_1_loss_cls: 0.1631  aux_1_loss_bbox: 0.0501  aux_1_loss_giou: 0.1613  aux_2_loss_cls: 0.0824  aux_2_loss_bbox: 0.0438  aux_2_loss_giou: 0.1432  aux_3_loss_cls: 0.0481  aux_3_loss_bbox: 0.0421  aux_3_loss_giou: 0.1392  aux_4_loss_cls: 0.0467  aux_4_loss_bbox: 0.0377  aux_4_loss_giou: 0.1237
2026/08/08 23:50:38 - mmengine - INFO - Epoch(train)  [1][1500/1750]  lr: 1.0000e-03  eta: 0:51:53  time: 0.1063  data_time: 0.0003  memory: 2664  grad_norm: 0.0211  loss: 1.9991  loss_cls: 0.0391  loss_bbox: 0.0340  loss_giou: 0.1157  loss_quality: 0.0584  aux_0_loss_cls: 0.2419  aux_0_loss_bbox: 0.0981  aux_0_loss_giou: 0.3069  aux_1_loss_cls: 0.1628  aux_1_loss_bbox: 0.0503  aux_1_loss_giou: 0.1679  aux_2_loss_cls: 0.0830  aux_2_loss_bbox: 0.0435  aux_2_loss_giou: 0.1504  aux_3_loss_cls: 0.0505  aux_3_loss_bbox: 0.0419  aux_3_loss_giou: 0.1445  aux_4_loss_cls: 0.0471  aux_4_loss_bbox: 0.0369  aux_4_loss_giou: 0.1263
2026/08/08 23:50:44 - mmengine - INFO - Epoch(train)  [1][1550/1750]  lr: 1.0000e-03  eta: 0:51:19  time: 0.1183  data_time: 0.0003  memory: 2885  grad_norm: 0.0219  loss: 2.0388  loss_cls: 0.0409  loss_bbox: 0.0336  loss_giou: 0.1083  loss_quality: 0.0576  aux_0_loss_cls: 0.2568  aux_0_loss_bbox: 0.1048  aux_0_loss_giou: 0.3139  aux_1_loss_cls: 0.1774  aux_1_loss_bbox: 0.0529  aux_1_loss_giou: 0.1661  aux_2_loss_cls: 0.0861  aux_2_loss_bbox: 0.0445  aux_2_loss_giou: 0.1452  aux_3_loss_cls: 0.0534  aux_3_loss_bbox: 0.0443  aux_3_loss_giou: 0.1432  aux_4_loss_cls: 0.0497  aux_4_loss_bbox: 0.0379  aux_4_loss_giou: 0.1223
2026/08/08 23:50:50 - mmengine - INFO - Epoch(train)  [1][1600/1750]  lr: 1.0000e-03  eta: 0:50:51  time: 0.1254  data_time: 0.0003  memory: 19550  grad_norm: 0.0239  loss: 1.9854  loss_cls: 0.0379  loss_bbox: 0.0319  loss_giou: 0.1117  loss_quality: 0.0589  aux_0_loss_cls: 0.2449  aux_0_loss_bbox: 0.0975  aux_0_loss_giou: 0.3113  aux_1_loss_cls: 0.1657  aux_1_loss_bbox: 0.0485  aux_1_loss_giou: 0.1662  aux_2_loss_cls: 0.0809  aux_2_loss_bbox: 0.0420  aux_2_loss_giou: 0.1471  aux_3_loss_cls: 0.0508  aux_3_loss_bbox: 0.0411  aux_3_loss_giou: 0.1430  aux_4_loss_cls: 0.0461  aux_4_loss_bbox: 0.0358  aux_4_loss_giou: 0.1243
2026/08/08 23:50:55 - mmengine - INFO - Epoch(train)  [1][1650/1750]  lr: 1.0000e-03  eta: 0:50:09  time: 0.0988  data_time: 0.0003  memory: 2601  grad_norm: 0.0206  loss: 1.9414  loss_cls: 0.0371  loss_bbox: 0.0318  loss_giou: 0.1055  loss_quality: 0.0578  aux_0_loss_cls: 0.2441  aux_0_loss_bbox: 0.0993  aux_0_loss_giou: 0.3097  aux_1_loss_cls: 0.1630  aux_1_loss_bbox: 0.0488  aux_1_loss_giou: 0.1597  aux_2_loss_cls: 0.0775  aux_2_loss_bbox: 0.0415  aux_2_loss_giou: 0.1401  aux_3_loss_cls: 0.0478  aux_3_loss_bbox: 0.0405  aux_3_loss_giou: 0.1369  aux_4_loss_cls: 0.0471  aux_4_loss_bbox: 0.0356  aux_4_loss_giou: 0.1178
2026/08/08 23:51:01 - mmengine - INFO - Epoch(train)  [1][1700/1750]  lr: 1.0000e-03  eta: 0:49:36  time: 0.1108  data_time: 0.0003  memory: 3015  grad_norm: 0.0208  loss: 1.9034  loss_cls: 0.0349  loss_bbox: 0.0306  loss_giou: 0.1029  loss_quality: 0.0569  aux_0_loss_cls: 0.2427  aux_0_loss_bbox: 0.0991  aux_0_loss_giou: 0.3124  aux_1_loss_cls: 0.1598  aux_1_loss_bbox: 0.0476  aux_1_loss_giou: 0.1568  aux_2_loss_cls: 0.0772  aux_2_loss_bbox: 0.0400  aux_2_loss_giou: 0.1361  aux_3_loss_cls: 0.0449  aux_3_loss_bbox: 0.0388  aux_3_loss_giou: 0.1320  aux_4_loss_cls: 0.0424  aux_4_loss_bbox: 0.0339  aux_4_loss_giou: 0.1145
2026/08/08 23:51:06 - mmengine - INFO - Exp name: capr_quality_final_only_train_24obj_20260808_234630
2026/08/08 23:51:06 - mmengine - INFO - Epoch(train)  [1][1750/1750]  lr: 1.0000e-03  eta: 0:48:58  time: 0.1004  data_time: 0.0003  memory: 3075  grad_norm: 0.0220  loss: 1.9282  loss_cls: 0.0337  loss_bbox: 0.0299  loss_giou: 0.1032  loss_quality: 0.0577  aux_0_loss_cls: 0.2419  aux_0_loss_bbox: 0.1001  aux_0_loss_giou: 0.3151  aux_1_loss_cls: 0.1623  aux_1_loss_bbox: 0.0483  aux_1_loss_giou: 0.1617  aux_2_loss_cls: 0.0783  aux_2_loss_bbox: 0.0411  aux_2_loss_giou: 0.1419  aux_3_loss_cls: 0.0455  aux_3_loss_bbox: 0.0394  aux_3_loss_giou: 0.1366  aux_4_loss_cls: 0.0426  aux_4_loss_bbox: 0.0335  aux_4_loss_giou: 0.1152
2026/08/08 23:51:06 - mmengine - INFO - Saving checkpoint at 1 epochs
2026/08/08 23:51:19 - mmengine - INFO - Epoch(val)  [1][ 50/500]    eta: 0:01:46  time: 0.2370  data_time: 0.0020  memory: 935  
2026/08/08 23:51:26 - mmengine - INFO - Epoch(val)  [1][100/500]    eta: 0:01:15  time: 0.1422  data_time: 0.0002  memory: 915  
2026/08/08 23:51:33 - mmengine - INFO - Epoch(val)  [1][150/500]    eta: 0:00:59  time: 0.1320  data_time: 0.0002  memory: 889  
2026/08/08 23:51:39 - mmengine - INFO - Epoch(val)  [1][200/500]    eta: 0:00:47  time: 0.1269  data_time: 0.0002  memory: 889  
2026/08/08 23:51:46 - mmengine - INFO - Epoch(val)  [1][250/500]    eta: 0:00:38  time: 0.1378  data_time: 0.0002  memory: 896  
2026/08/08 23:51:53 - mmengine - INFO - Epoch(val)  [1][300/500]    eta: 0:00:30  time: 0.1278  data_time: 0.0002  memory: 878  
2026/08/08 23:51:59 - mmengine - INFO - Epoch(val)  [1][350/500]    eta: 0:00:22  time: 0.1258  data_time: 0.0002  memory: 868  
2026/08/08 23:52:05 - mmengine - INFO - Epoch(val)  [1][400/500]    eta: 0:00:14  time: 0.1201  data_time: 0.0002  memory: 810  
2026/08/08 23:52:11 - mmengine - INFO - Epoch(val)  [1][450/500]    eta: 0:00:07  time: 0.1224  data_time: 0.0002  memory: 823  
2026/08/08 23:52:18 - mmengine - INFO - Epoch(val)  [1][500/500]    eta: 0:00:00  time: 0.1338  data_time: 0.0002  memory: 878  
2026/08/08 23:52:19 - mmengine - INFO - Evaluating bbox...
2026/08/08 23:52:26 - mmengine - INFO - 
+----------+-------+--------+--------+-------+-------+-------+
| category | mAP   | mAP_50 | mAP_75 | mAP_s | mAP_m | mAP_l |
+----------+-------+--------+--------+-------+-------+-------+
| A1       | 0.923 | 0.99   | 0.98   | nan   | 0.887 | 0.931 |
| A2       | 0.914 | 0.989  | 0.978  | nan   | 0.879 | 0.925 |
| A3       | 0.912 | 0.99   | 0.989  | nan   | 0.894 | 0.939 |
| B4       | 0.915 | 0.99   | 0.979  | nan   | 0.9   | 0.951 |
| B5       | 0.913 | 0.989  | 0.989  | nan   | 0.903 | 0.945 |
| C6       | 0.909 | 0.99   | 0.989  | nan   | 0.903 | 0.939 |
| C7       | 0.903 | 0.99   | 0.989  | nan   | 0.899 | 0.937 |
| C8       | 0.896 | 0.99   | 0.98   | nan   | 0.895 | 0.95  |
| C9       | 0.885 | 0.99   | 0.98   | nan   | 0.885 | 0.935 |
| C10      | 0.888 | 0.99   | 0.988  | nan   | 0.886 | 0.954 |
| C11      | 0.884 | 0.99   | 0.979  | nan   | 0.884 | 0.907 |
| C12      | 0.9   | 0.995  | 0.989  | nan   | 0.899 | 0.979 |
| D13      | 0.863 | 0.989  | 0.978  | nan   | 0.863 | 0.167 |
| D14      | 0.862 | 0.99   | 0.976  | nan   | 0.862 | nan   |
| D15      | 0.851 | 0.986  | 0.966  | nan   | 0.851 | nan   |
| E16      | 0.862 | 0.99   | 0.978  | nan   | 0.862 | nan   |
| E17      | 0.854 | 0.99   | 0.978  | nan   | 0.854 | nan   |
| E18      | 0.842 | 0.989  | 0.958  | nan   | 0.842 | nan   |
| F19      | 0.824 | 0.99   | 0.96   | 0.677 | 0.824 | nan   |
| F20      | 0.828 | 0.99   | 0.959  | 0.4   | 0.828 | nan   |
| G21      | 0.797 | 0.989  | 0.95   | 0.642 | 0.805 | nan   |
| G22      | 0.796 | 0.985  | 0.925  | 0.554 | 0.802 | nan   |
| X        | 0.889 | 0.985  | 0.977  | nan   | 0.887 | 0.9   |
| Y        | 0.786 | 0.974  | 0.93   | 0.539 | 0.797 | nan   |
+----------+-------+--------+--------+-------+-------+-------+
2026/08/08 23:52:26 - mmengine - INFO - bbox_mAP_copypaste: 0.871 0.989 0.973 0.562 0.866 0.883
2026/08/08 23:52:26 - mmengine - INFO - Epoch(val) [1][500/500]    coco/A1_precision: 0.9230  coco/A1_mAP_50: 0.9900  coco/A1_mAP_75: 0.9800  coco/A1_mAP_s: nan  coco/A1_mAP_m: 0.8870  coco/A1_mAP_l: 0.9310  coco/A2_precision: 0.9140  coco/A2_mAP_50: 0.9890  coco/A2_mAP_75: 0.9780  coco/A2_mAP_s: nan  coco/A2_mAP_m: 0.8790  coco/A2_mAP_l: 0.9250  coco/A3_precision: 0.9120  coco/A3_mAP_50: 0.9900  coco/A3_mAP_75: 0.9890  coco/A3_mAP_s: nan  coco/A3_mAP_m: 0.8940  coco/A3_mAP_l: 0.9390  coco/B4_precision: 0.9150  coco/B4_mAP_50: 0.9900  coco/B4_mAP_75: 0.9790  coco/B4_mAP_s: nan  coco/B4_mAP_m: 0.9000  coco/B4_mAP_l: 0.9510  coco/B5_precision: 0.9130  coco/B5_mAP_50: 0.9890  coco/B5_mAP_75: 0.9890  coco/B5_mAP_s: nan  coco/B5_mAP_m: 0.9030  coco/B5_mAP_l: 0.9450  coco/C6_precision: 0.9090  coco/C6_mAP_50: 0.9900  coco/C6_mAP_75: 0.9890  coco/C6_mAP_s: nan  coco/C6_mAP_m: 0.9030  coco/C6_mAP_l: 0.9390  coco/C7_precision: 0.9030  coco/C7_mAP_50: 0.9900  coco/C7_mAP_75: 0.9890  coco/C7_mAP_s: nan  coco/C7_mAP_m: 0.8990  coco/C7_mAP_l: 0.9370  coco/C8_precision: 0.8960  coco/C8_mAP_50: 0.9900  coco/C8_mAP_75: 0.9800  coco/C8_mAP_s: nan  coco/C8_mAP_m: 0.8950  coco/C8_mAP_l: 0.9500  coco/C9_precision: 0.8850  coco/C9_mAP_50: 0.9900  coco/C9_mAP_75: 0.9800  coco/C9_mAP_s: nan  coco/C9_mAP_m: 0.8850  coco/C9_mAP_l: 0.9350  coco/C10_precision: 0.8880  coco/C10_mAP_50: 0.9900  coco/C10_mAP_75: 0.9880  coco/C10_mAP_s: nan  coco/C10_mAP_m: 0.8860  coco/C10_mAP_l: 0.9540  coco/C11_precision: 0.8840  coco/C11_mAP_50: 0.9900  coco/C11_mAP_75: 0.9790  coco/C11_mAP_s: nan  coco/C11_mAP_m: 0.8840  coco/C11_mAP_l: 0.9070  coco/C12_precision: 0.9000  coco/C12_mAP_50: 0.9950  coco/C12_mAP_75: 0.9890  coco/C12_mAP_s: nan  coco/C12_mAP_m: 0.8990  coco/C12_mAP_l: 0.9790  coco/D13_precision: 0.8630  coco/D13_mAP_50: 0.9890  coco/D13_mAP_75: 0.9780  coco/D13_mAP_s: nan  coco/D13_mAP_m: 0.8630  coco/D13_mAP_l: 0.1670  coco/D14_precision: 0.8620  coco/D14_mAP_50: 0.9900  coco/D14_mAP_75: 0.9760  coco/D14_mAP_s: nan  coco/D14_mAP_m: 0.8620  coco/D14_mAP_l: nan  coco/D15_precision: 0.8510  coco/D15_mAP_50: 0.9860  coco/D15_mAP_75: 0.9660  coco/D15_mAP_s: nan  coco/D15_mAP_m: 0.8510  coco/D15_mAP_l: nan  coco/E16_precision: 0.8620  coco/E16_mAP_50: 0.9900  coco/E16_mAP_75: 0.9780  coco/E16_mAP_s: nan  coco/E16_mAP_m: 0.8620  coco/E16_mAP_l: nan  coco/E17_precision: 0.8540  coco/E17_mAP_50: 0.9900  coco/E17_mAP_75: 0.9780  coco/E17_mAP_s: nan  coco/E17_mAP_m: 0.8540  coco/E17_mAP_l: nan  coco/E18_precision: 0.8420  coco/E18_mAP_50: 0.9890  coco/E18_mAP_75: 0.9580  coco/E18_mAP_s: nan  coco/E18_mAP_m: 0.8420  coco/E18_mAP_l: nan  coco/F19_precision: 0.8240  coco/F19_mAP_50: 0.9900  coco/F19_mAP_75: 0.9600  coco/F19_mAP_s: 0.6770  coco/F19_mAP_m: 0.8240  coco/F19_mAP_l: nan  coco/F20_precision: 0.8280  coco/F20_mAP_50: 0.9900  coco/F20_mAP_75: 0.9590  coco/F20_mAP_s: 0.4000  coco/F20_mAP_m: 0.8280  coco/F20_mAP_l: nan  coco/G21_precision: 0.7970  coco/G21_mAP_50: 0.9890  coco/G21_mAP_75: 0.9500  coco/G21_mAP_s: 0.6420  coco/G21_mAP_m: 0.8050  coco/G21_mAP_l: nan  coco/G22_precision: 0.7960  coco/G22_mAP_50: 0.9850  coco/G22_mAP_75: 0.9250  coco/G22_mAP_s: 0.5540  coco/G22_mAP_m: 0.8020  coco/G22_mAP_l: nan  coco/X_precision: 0.8890  coco/X_mAP_50: 0.9850  coco/X_mAP_75: 0.9770  coco/X_mAP_s: nan  coco/X_mAP_m: 0.8870  coco/X_mAP_l: 0.9000  coco/Y_precision: 0.7860  coco/Y_mAP_50: 0.9740  coco/Y_mAP_75: 0.9300  coco/Y_mAP_s: 0.5390  coco/Y_mAP_m: 0.7970  coco/Y_mAP_l: nan  coco/bbox_mAP: 0.8710  coco/bbox_mAP_50: 0.9890  coco/bbox_mAP_75: 0.9730  coco/bbox_mAP_s: 0.5620  coco/bbox_mAP_m: 0.8660  coco/bbox_mAP_l: 0.8830  data_time: 0.0004  time: 0.1406
2026/08/08 23:52:28 - mmengine - INFO - The best checkpoint with 0.8710 coco/bbox_mAP at 1 epoch is saved to best_coco_bbox_mAP_epoch_1.pth.
2026/08/08 23:52:35 - mmengine - INFO - Epoch(train)  [2][  50/1750]  lr: 9.8298e-04  eta: 0:48:21  time: 0.0968  data_time: 0.0012  memory: 3077  grad_norm: 0.0195  loss: 1.8976  loss_cls: 0.0322  loss_bbox: 0.0301  loss_giou: 0.1035  loss_quality: 0.0566  aux_0_loss_cls: 0.2433  aux_0_loss_bbox: 0.0955  aux_0_loss_giou: 0.3035  aux_1_loss_cls: 0.1634  aux_1_loss_bbox: 0.0470  aux_1_loss_giou: 0.1567  aux_2_loss_cls: 0.0775  aux_2_loss_bbox: 0.0399  aux_2_loss_giou: 0.1373  aux_3_loss_cls: 0.0465  aux_3_loss_bbox: 0.0393  aux_3_loss_giou: 0.1339  aux_4_loss_cls: 0.0418  aux_4_loss_bbox: 0.0336  aux_4_loss_giou: 0.1160
2026/08/08 23:52:40 - mmengine - INFO - Epoch(train)  [2][ 100/1750]  lr: 9.8298e-04  eta: 0:47:51  time: 0.1078  data_time: 0.0003  memory: 10128  grad_norm: 0.0196  loss: 1.8713  loss_cls: 0.0324  loss_bbox: 0.0287  loss_giou: 0.1006  loss_quality: 0.0548  aux_0_loss_cls: 0.2466  aux_0_loss_bbox: 0.0948  aux_0_loss_giou: 0.3060  aux_1_loss_cls: 0.1653  aux_1_loss_bbox: 0.0446  aux_1_loss_giou: 0.1541  aux_2_loss_cls: 0.0772  aux_2_loss_bbox: 0.0371  aux_2_loss_giou: 0.1338  aux_3_loss_cls: 0.0426  aux_3_loss_bbox: 0.0366  aux_3_loss_giou: 0.1300  aux_4_loss_cls: 0.0412  aux_4_loss_bbox: 0.0324  aux_4_loss_giou: 0.1125
2026/08/08 23:52:46 - mmengine - INFO - Epoch(train)  [2][ 150/1750]  lr: 9.8298e-04  eta: 0:47:30  time: 0.1226  data_time: 0.0003  memory: 9876  grad_norm: 0.0230  loss: 1.9761  loss_cls: 0.0363  loss_bbox: 0.0331  loss_giou: 0.1067  loss_quality: 0.0576  aux_0_loss_cls: 0.2462  aux_0_loss_bbox: 0.1019  aux_0_loss_giou: 0.3065  aux_1_loss_cls: 0.1670  aux_1_loss_bbox: 0.0514  aux_1_loss_giou: 0.1628  aux_2_loss_cls: 0.0832  aux_2_loss_bbox: 0.0449  aux_2_loss_giou: 0.1440  aux_3_loss_cls: 0.0508  aux_3_loss_bbox: 0.0426  aux_3_loss_giou: 0.1372  aux_4_loss_cls: 0.0468  aux_4_loss_bbox: 0.0375  aux_4_loss_giou: 0.1197
2026/08/08 23:52:52 - mmengine - INFO - Epoch(train)  [2][ 200/1750]  lr: 9.8298e-04  eta: 0:47:05  time: 0.1131  data_time: 0.0003  memory: 2980  grad_norm: 0.0208  loss: 1.9314  loss_cls: 0.0308  loss_bbox: 0.0301  loss_giou: 0.1058  loss_quality: 0.0570  aux_0_loss_cls: 0.2464  aux_0_loss_bbox: 0.0989  aux_0_loss_giou: 0.3158  aux_1_loss_cls: 0.1653  aux_1_loss_bbox: 0.0478  aux_1_loss_giou: 0.1602  aux_2_loss_cls: 0.0806  aux_2_loss_bbox: 0.0404  aux_2_loss_giou: 0.1400  aux_3_loss_cls: 0.0467  aux_3_loss_bbox: 0.0388  aux_3_loss_giou: 0.1359  aux_4_loss_cls: 0.0397  aux_4_loss_bbox: 0.0337  aux_4_loss_giou: 0.1175
2026/08/08 23:52:58 - mmengine - INFO - Exp name: capr_quality_final_only_train_24obj_20260808_234630
2026/08/08 23:52:58 - mmengine - INFO - Epoch(train)  [2][ 250/1750]  lr: 9.8298e-04  eta: 0:46:46  time: 0.1252  data_time: 0.0003  memory: 3041  grad_norm: 0.0203  loss: 1.9604  loss_cls: 0.0334  loss_bbox: 0.0309  loss_giou: 0.1070  loss_quality: 0.0566  aux_0_loss_cls: 0.2525  aux_0_loss_bbox: 0.1034  aux_0_loss_giou: 0.3257  aux_1_loss_cls: 0.1649  aux_1_loss_bbox: 0.0489  aux_1_loss_giou: 0.1620  aux_2_loss_cls: 0.0800  aux_2_loss_bbox: 0.0405  aux_2_loss_giou: 0.1384  aux_3_loss_cls: 0.0481  aux_3_loss_bbox: 0.0391  aux_3_loss_giou: 0.1346  aux_4_loss_cls: 0.0423  aux_4_loss_bbox: 0.0343  aux_4_loss_giou: 0.1179
2026/08/08 23:53:04 - mmengine - INFO - Epoch(train)  [2][ 300/1750]  lr: 9.8298e-04  eta: 0:46:28  time: 0.1238  data_time: 0.0003  memory: 19289  grad_norm: 0.0193  loss: 1.9416  loss_cls: 0.0357  loss_bbox: 0.0304  loss_giou: 0.1053  loss_quality: 0.0563  aux_0_loss_cls: 0.2478  aux_0_loss_bbox: 0.0982  aux_0_loss_giou: 0.3163  aux_1_loss_cls: 0.1647  aux_1_loss_bbox: 0.0470  aux_1_loss_giou: 0.1599  aux_2_loss_cls: 0.0797  aux_2_loss_bbox: 0.0396  aux_2_loss_giou: 0.1390  aux_3_loss_cls: 0.0494  aux_3_loss_bbox: 0.0393  aux_3_loss_giou: 0.1368  aux_4_loss_cls: 0.0444  aux_4_loss_bbox: 0.0343  aux_4_loss_giou: 0.1174
2026/08/08 23:53:10 - mmengine - INFO - Epoch(train)  [2][ 350/1750]  lr: 9.8298e-04  eta: 0:46:05  time: 0.1122  data_time: 0.0003  memory: 2723  grad_norm: 0.0207  loss: 2.0009  loss_cls: 0.0406  loss_bbox: 0.0331  loss_giou: 0.1069  loss_quality: 0.0576  aux_0_loss_cls: 0.2473  aux_0_loss_bbox: 0.1058  aux_0_loss_giou: 0.3149  aux_1_loss_cls: 0.1679  aux_1_loss_bbox: 0.0525  aux_1_loss_giou: 0.1642  aux_2_loss_cls: 0.0824  aux_2_loss_bbox: 0.0439  aux_2_loss_giou: 0.1429  aux_3_loss_cls: 0.0521  aux_3_loss_bbox: 0.0429  aux_3_loss_giou: 0.1400  aux_4_loss_cls: 0.0490  aux_4_loss_bbox: 0.0371  aux_4_loss_giou: 0.1198
2026/08/08 23:53:15 - mmengine - INFO - Epoch(train)  [2][ 400/1750]  lr: 9.8298e-04  eta: 0:45:41  time: 0.1085  data_time: 0.0003  memory: 3166  grad_norm: 0.0191  loss: 1.9798  loss_cls: 0.0371  loss_bbox: 0.0329  loss_giou: 0.1126  loss_quality: 0.0585  aux_0_loss_cls: 0.2465  aux_0_loss_bbox: 0.0978  aux_0_loss_giou: 0.3101  aux_1_loss_cls: 0.1629  aux_1_loss_bbox: 0.0496  aux_1_loss_giou: 0.1657  aux_2_loss_cls: 0.0799  aux_2_loss_bbox: 0.0425  aux_2_loss_giou: 0.1468  aux_3_loss_cls: 0.0457  aux_3_loss_bbox: 0.0404  aux_3_loss_giou: 0.1411  aux_4_loss_cls: 0.0476  aux_4_loss_bbox: 0.0364  aux_4_loss_giou: 0.1257
2026/08/08 23:53:21 - mmengine - INFO - Epoch(train)  [2][ 450/1750]  lr: 9.8298e-04  eta: 0:45:21  time: 0.1157  data_time: 0.0003  memory: 2877  grad_norm: 0.0266  loss: 1.9965  loss_cls: 0.0399  loss_bbox: 0.0341  loss_giou: 0.1102  loss_quality: 0.0587  aux_0_loss_cls: 0.2486  aux_0_loss_bbox: 0.1011  aux_0_loss_giou: 0.3074  aux_1_loss_cls: 0.1650  aux_1_loss_bbox: 0.0508  aux_1_loss_giou: 0.1633  aux_2_loss_cls: 0.0834  aux_2_loss_bbox: 0.0428  aux_2_loss_giou: 0.1418  aux_3_loss_cls: 0.0546  aux_3_loss_bbox: 0.0434  aux_3_loss_giou: 0.1404  aux_4_loss_cls: 0.0499  aux_4_loss_bbox: 0.0382  aux_4_loss_giou: 0.1231
2026/08/08 23:53:28 - mmengine - INFO - Epoch(train)  [2][ 500/1750]  lr: 9.8298e-04  eta: 0:45:11  time: 0.1387  data_time: 0.0003  memory: 10071  grad_norm: 0.0222  loss: 1.9518  loss_cls: 0.0357  loss_bbox: 0.0310  loss_giou: 0.1040  loss_quality: 0.0564  aux_0_loss_cls: 0.2510  aux_0_loss_bbox: 0.1009  aux_0_loss_giou: 0.3132  aux_1_loss_cls: 0.1704  aux_1_loss_bbox: 0.0484  aux_1_loss_giou: 0.1583  aux_2_loss_cls: 0.0827  aux_2_loss_bbox: 0.0403  aux_2_loss_giou: 0.1366  aux_3_loss_cls: 0.0495  aux_3_loss_bbox: 0.0401  aux_3_loss_giou: 0.1359  aux_4_loss_cls: 0.0452  aux_4_loss_bbox: 0.0349  aux_4_loss_giou: 0.1172
2026/08/08 23:53:34 - mmengine - INFO - Epoch(train)  [2][ 550/1750]  lr: 9.8298e-04  eta: 0:44:54  time: 0.1215  data_time: 0.0003  memory: 7309  grad_norm: 0.0208  loss: 1.9273  loss_cls: 0.0346  loss_bbox: 0.0311  loss_giou: 0.1052  loss_quality: 0.0568  aux_0_loss_cls: 0.2414  aux_0_loss_bbox: 0.0982  aux_0_loss_giou: 0.3064  aux_1_loss_cls: 0.1623  aux_1_loss_bbox: 0.0482  aux_1_loss_giou: 0.1603  aux_2_loss_cls: 0.0802  aux_2_loss_bbox: 0.0411  aux_2_loss_giou: 0.1404  aux_3_loss_cls: 0.0490  aux_3_loss_bbox: 0.0402  aux_3_loss_giou: 0.1361  aux_4_loss_cls: 0.0443  aux_4_loss_bbox: 0.0346  aux_4_loss_giou: 0.1170
2026/08/08 23:53:40 - mmengine - INFO - Epoch(train)  [2][ 600/1750]  lr: 9.8298e-04  eta: 0:44:34  time: 0.1105  data_time: 0.0004  memory: 2702  grad_norm: 0.0191  loss: 1.9066  loss_cls: 0.0349  loss_bbox: 0.0306  loss_giou: 0.1032  loss_quality: 0.0567  aux_0_loss_cls: 0.2405  aux_0_loss_bbox: 0.0988  aux_0_loss_giou: 0.3050  aux_1_loss_cls: 0.1600  aux_1_loss_bbox: 0.0471  aux_1_loss_giou: 0.1559  aux_2_loss_cls: 0.0778  aux_2_loss_bbox: 0.0412  aux_2_loss_giou: 0.1386  aux_3_loss_cls: 0.0478  aux_3_loss_bbox: 0.0410  aux_3_loss_giou: 0.1349  aux_4_loss_cls: 0.0434  aux_4_loss_bbox: 0.0344  aux_4_loss_giou: 0.1148
2026/08/08 23:53:45 - mmengine - INFO - Epoch(train)  [2][ 650/1750]  lr: 9.8298e-04  eta: 0:44:16  time: 0.1159  data_time: 0.0003  memory: 6729  grad_norm: 0.0208  loss: 1.9990  loss_cls: 0.0379  loss_bbox: 0.0336  loss_giou: 0.1081  loss_quality: 0.0579  aux_0_loss_cls: 0.2483  aux_0_loss_bbox: 0.1047  aux_0_loss_giou: 0.3155  aux_1_loss_cls: 0.1655  aux_1_loss_bbox: 0.0511  aux_1_loss_giou: 0.1634  aux_2_loss_cls: 0.0808  aux_2_loss_bbox: 0.0445  aux_2_loss_giou: 0.1449  aux_3_loss_cls: 0.0525  aux_3_loss_bbox: 0.0437  aux_3_loss_giou: 0.1414  aux_4_loss_cls: 0.0476  aux_4_loss_bbox: 0.0372  aux_4_loss_giou: 0.1203
2026/08/08 23:53:51 - mmengine - INFO - Epoch(train)  [2][ 700/1750]  lr: 9.8298e-04  eta: 0:43:58  time: 0.1134  data_time: 0.0004  memory: 9665  grad_norm: 0.0204  loss: 1.9331  loss_cls: 0.0344  loss_bbox: 0.0313  loss_giou: 0.1068  loss_quality: 0.0568  aux_0_loss_cls: 0.2451  aux_0_loss_bbox: 0.0965  aux_0_loss_giou: 0.3121  aux_1_loss_cls: 0.1636  aux_1_loss_bbox: 0.0474  aux_1_loss_giou: 0.1594  aux_2_loss_cls: 0.0804  aux_2_loss_bbox: 0.0403  aux_2_loss_giou: 0.1380  aux_3_loss_cls: 0.0466  aux_3_loss_bbox: 0.0395  aux_3_loss_giou: 0.1358  aux_4_loss_cls: 0.0449  aux_4_loss_bbox: 0.0354  aux_4_loss_giou: 0.1189
2026/08/08 23:53:56 - mmengine - INFO - Epoch(train)  [2][ 750/1750]  lr: 9.8298e-04  eta: 0:43:35  time: 0.1004  data_time: 0.0003  memory: 2796  grad_norm: 0.0202  loss: 1.9700  loss_cls: 0.0391  loss_bbox: 0.0324  loss_giou: 0.1067  loss_quality: 0.0568  aux_0_loss_cls: 0.2495  aux_0_loss_bbox: 0.1015  aux_0_loss_giou: 0.3171  aux_1_loss_cls: 0.1656  aux_1_loss_bbox: 0.0481  aux_1_loss_giou: 0.1585  aux_2_loss_cls: 0.0828  aux_2_loss_bbox: 0.0412  aux_2_loss_giou: 0.1394  aux_3_loss_cls: 0.0508  aux_3_loss_bbox: 0.0410  aux_3_loss_giou: 0.1370  aux_4_loss_cls: 0.0479  aux_4_loss_bbox: 0.0362  aux_4_loss_giou: 0.1185
2026/08/08 23:54:02 - mmengine - INFO - Epoch(train)  [2][ 800/1750]  lr: 9.8298e-04  eta: 0:43:20  time: 0.1192  data_time: 0.0003  memory: 10412  grad_norm: 0.0230  loss: 2.0106  loss_cls: 0.0388  loss_bbox: 0.0339  loss_giou: 0.1090  loss_quality: 0.0581  aux_0_loss_cls: 0.2480  aux_0_loss_bbox: 0.1014  aux_0_loss_giou: 0.3042  aux_1_loss_cls: 0.1701  aux_1_loss_bbox: 0.0527  aux_1_loss_giou: 0.1661  aux_2_loss_cls: 0.0850  aux_2_loss_bbox: 0.0458  aux_2_loss_giou: 0.1480  aux_3_loss_cls: 0.0529  aux_3_loss_bbox: 0.0440  aux_3_loss_giou: 0.1432  aux_4_loss_cls: 0.0488  aux_4_loss_bbox: 0.0382  aux_4_loss_giou: 0.1224
2026/08/08 23:54:07 - mmengine - INFO - Epoch(train)  [2][ 850/1750]  lr: 9.8298e-04  eta: 0:43:01  time: 0.1057  data_time: 0.0003  memory: 2889  grad_norm: 0.0193  loss: 1.9128  loss_cls: 0.0350  loss_bbox: 0.0299  loss_giou: 0.1029  loss_quality: 0.0558  aux_0_loss_cls: 0.2400  aux_0_loss_bbox: 0.1008  aux_0_loss_giou: 0.3138  aux_1_loss_cls: 0.1592  aux_1_loss_bbox: 0.0481  aux_1_loss_giou: 0.1599  aux_2_loss_cls: 0.0779  aux_2_loss_bbox: 0.0400  aux_2_loss_giou: 0.1385  aux_3_loss_cls: 0.0457  aux_3_loss_bbox: 0.0388  aux_3_loss_giou: 0.1342  aux_4_loss_cls: 0.0433  aux_4_loss_bbox: 0.0336  aux_4_loss_giou: 0.1154
2026/08/08 23:54:13 - mmengine - INFO - Epoch(train)  [2][ 900/1750]  lr: 9.8298e-04  eta: 0:42:42  time: 0.1075  data_time: 0.0004  memory: 2704  grad_norm: 0.0245  loss: 2.0318  loss_cls: 0.0384  loss_bbox: 0.0352  loss_giou: 0.1136  loss_quality: 0.0588  aux_0_loss_cls: 0.2464  aux_0_loss_bbox: 0.1054  aux_0_loss_giou: 0.3257  aux_1_loss_cls: 0.1661  aux_1_loss_bbox: 0.0525  aux_1_loss_giou: 0.1682  aux_2_loss_cls: 0.0830  aux_2_loss_bbox: 0.0443  aux_2_loss_giou: 0.1461  aux_3_loss_cls: 0.0491  aux_3_loss_bbox: 0.0434  aux_3_loss_giou: 0.1422  aux_4_loss_cls: 0.0477  aux_4_loss_bbox: 0.0394  aux_4_loss_giou: 0.1262
2026/08/08 23:54:18 - mmengine - INFO - Epoch(train)  [2][ 950/1750]  lr: 9.8298e-04  eta: 0:42:25  time: 0.1089  data_time: 0.0003  memory: 2938  grad_norm: 0.0200  loss: 1.9483  loss_cls: 0.0356  loss_bbox: 0.0322  loss_giou: 0.1101  loss_quality: 0.0572  aux_0_loss_cls: 0.2400  aux_0_loss_bbox: 0.0996  aux_0_loss_giou: 0.3089  aux_1_loss_cls: 0.1620  aux_1_loss_bbox: 0.0487  aux_1_loss_giou: 0.1625  aux_2_loss_cls: 0.0766  aux_2_loss_bbox: 0.0419  aux_2_loss_giou: 0.1446  aux_3_loss_cls: 0.0452  aux_3_loss_bbox: 0.0407  aux_3_loss_giou: 0.1407  aux_4_loss_cls: 0.0439  aux_4_loss_bbox: 0.0359  aux_4_loss_giou: 0.1219
2026/08/08 23:54:24 - mmengine - INFO - Epoch(train)  [2][1000/1750]  lr: 9.8298e-04  eta: 0:42:14  time: 0.1280  data_time: 0.0003  memory: 19017  grad_norm: 0.0195  loss: 1.9681  loss_cls: 0.0379  loss_bbox: 0.0345  loss_giou: 0.1067  loss_quality: 0.0565  aux_0_loss_cls: 0.2469  aux_0_loss_bbox: 0.1039  aux_0_loss_giou: 0.3046  aux_1_loss_cls: 0.1663  aux_1_loss_bbox: 0.0518  aux_1_loss_giou: 0.1590  aux_2_loss_cls: 0.0799  aux_2_loss_bbox: 0.0444  aux_2_loss_giou: 0.1397  aux_3_loss_cls: 0.0510  aux_3_loss_bbox: 0.0443  aux_3_loss_giou: 0.1364  aux_4_loss_cls: 0.0473  aux_4_loss_bbox: 0.0386  aux_4_loss_giou: 0.1184
2026/08/08 23:54:31 - mmengine - INFO - Epoch(train)  [2][1050/1750]  lr: 9.8298e-04  eta: 0:42:05  time: 0.1306  data_time: 0.0004  memory: 19237  grad_norm: 0.0197  loss: 2.0380  loss_cls: 0.0374  loss_bbox: 0.0324  loss_giou: 0.1121  loss_quality: 0.0588  aux_0_loss_cls: 0.2532  aux_0_loss_bbox: 0.1018  aux_0_loss_giou: 0.3256  aux_1_loss_cls: 0.1689  aux_1_loss_bbox: 0.0503  aux_1_loss_giou: 0.1709  aux_2_loss_cls: 0.0837  aux_2_loss_bbox: 0.0428  aux_2_loss_giou: 0.1496  aux_3_loss_cls: 0.0528  aux_3_loss_bbox: 0.0421  aux_3_loss_giou: 0.1463  aux_4_loss_cls: 0.0479  aux_4_loss_bbox: 0.0364  aux_4_loss_giou: 0.1251
2026/08/08 23:54:37 - mmengine - INFO - Epoch(train)  [2][1100/1750]  lr: 9.8298e-04  eta: 0:41:53  time: 0.1245  data_time: 0.0004  memory: 10078  grad_norm: 0.0196  loss: 1.9073  loss_cls: 0.0365  loss_bbox: 0.0288  loss_giou: 0.1021  loss_quality: 0.0566  aux_0_loss_cls: 0.2456  aux_0_loss_bbox: 0.0965  aux_0_loss_giou: 0.3093  aux_1_loss_cls: 0.1627  aux_1_loss_bbox: 0.0452  aux_1_loss_giou: 0.1562  aux_2_loss_cls: 0.0787  aux_2_loss_bbox: 0.0377  aux_2_loss_giou: 0.1359  aux_3_loss_cls: 0.0486  aux_3_loss_bbox: 0.0376  aux_3_loss_giou: 0.1340  aux_4_loss_cls: 0.0463  aux_4_loss_bbox: 0.0329  aux_4_loss_giou: 0.1160
2026/08/08 23:54:43 - mmengine - INFO - Epoch(train)  [2][1150/1750]  lr: 9.8298e-04  eta: 0:41:38  time: 0.1117  data_time: 0.0004  memory: 6455  grad_norm: 0.0205  loss: 1.9709  loss_cls: 0.0400  loss_bbox: 0.0307  loss_giou: 0.1051  loss_quality: 0.0575  aux_0_loss_cls: 0.2437  aux_0_loss_bbox: 0.0972  aux_0_loss_giou: 0.3103  aux_1_loss_cls: 0.1700  aux_1_loss_bbox: 0.0482  aux_1_loss_giou: 0.1641  aux_2_loss_cls: 0.0816  aux_2_loss_bbox: 0.0408  aux_2_loss_giou: 0.1441  aux_3_loss_cls: 0.0518  aux_3_loss_bbox: 0.0412  aux_3_loss_giou: 0.1418  aux_4_loss_cls: 0.0498  aux_4_loss_bbox: 0.0347  aux_4_loss_giou: 0.1181
2026/08/08 23:54:48 - mmengine - INFO - Epoch(train)  [2][1200/1750]  lr: 9.8298e-04  eta: 0:41:23  time: 0.1109  data_time: 0.0004  memory: 3014  grad_norm: 0.0201  loss: 1.9104  loss_cls: 0.0336  loss_bbox: 0.0286  loss_giou: 0.1021  loss_quality: 0.0564  aux_0_loss_cls: 0.2493  aux_0_loss_bbox: 0.0951  aux_0_loss_giou: 0.3178  aux_1_loss_cls: 0.1672  aux_1_loss_bbox: 0.0435  aux_1_loss_giou: 0.1554  aux_2_loss_cls: 0.0825  aux_2_loss_bbox: 0.0380  aux_2_loss_giou: 0.1384  aux_3_loss_cls: 0.0446  aux_3_loss_bbox: 0.0367  aux_3_loss_giou: 0.1334  aux_4_loss_cls: 0.0420  aux_4_loss_bbox: 0.0318  aux_4_loss_giou: 0.1139
2026/08/08 23:54:54 - mmengine - INFO - Exp name: capr_quality_final_only_train_24obj_20260808_234630
2026/08/08 23:54:54 - mmengine - INFO - Epoch(train)  [2][1250/1750]  lr: 9.8298e-04  eta: 0:41:07  time: 0.1100  data_time: 0.0003  memory: 3023  grad_norm: 0.0215  loss: 1.9250  loss_cls: 0.0359  loss_bbox: 0.0308  loss_giou: 0.1064  loss_quality: 0.0567  aux_0_loss_cls: 0.2459  aux_0_loss_bbox: 0.0958  aux_0_loss_giou: 0.3060  aux_1_loss_cls: 0.1626  aux_1_loss_bbox: 0.0463  aux_1_loss_giou: 0.1573  aux_2_loss_cls: 0.0796  aux_2_loss_bbox: 0.0397  aux_2_loss_giou: 0.1389  aux_3_loss_cls: 0.0476  aux_3_loss_bbox: 0.0391  aux_3_loss_giou: 0.1355  aux_4_loss_cls: 0.0465  aux_4_loss_bbox: 0.0350  aux_4_loss_giou: 0.1195
2026/08/08 23:54:59 - mmengine - INFO - Epoch(train)  [2][1300/1750]  lr: 9.8298e-04  eta: 0:40:52  time: 0.1080  data_time: 0.0004  memory: 3014  grad_norm: 0.0245  loss: 1.9874  loss_cls: 0.0394  loss_bbox: 0.0316  loss_giou: 0.1086  loss_quality: 0.0582  aux_0_loss_cls: 0.2573  aux_0_loss_bbox: 0.0983  aux_0_loss_giou: 0.3093  aux_1_loss_cls: 0.1703  aux_1_loss_bbox: 0.0485  aux_1_loss_giou: 0.1612  aux_2_loss_cls: 0.0866  aux_2_loss_bbox: 0.0415  aux_2_loss_giou: 0.1423  aux_3_loss_cls: 0.0521  aux_3_loss_bbox: 0.0402  aux_3_loss_giou: 0.1379  aux_4_loss_cls: 0.0480  aux_4_loss_bbox: 0.0355  aux_4_loss_giou: 0.1207
2026/08/08 23:55:05 - mmengine - INFO - Epoch(train)  [2][1350/1750]  lr: 9.8298e-04  eta: 0:40:37  time: 0.1081  data_time: 0.0004  memory: 2885  grad_norm: 0.0201  loss: 1.9939  loss_cls: 0.0368  loss_bbox: 0.0315  loss_giou: 0.1071  loss_quality: 0.0577  aux_0_loss_cls: 0.2535  aux_0_loss_bbox: 0.1013  aux_0_loss_giou: 0.3090  aux_1_loss_cls: 0.1736  aux_1_loss_bbox: 0.0517  aux_1_loss_giou: 0.1652  aux_2_loss_cls: 0.0845  aux_2_loss_bbox: 0.0435  aux_2_loss_giou: 0.1442  aux_3_loss_cls: 0.0514  aux_3_loss_bbox: 0.0411  aux_3_loss_giou: 0.1378  aux_4_loss_cls: 0.0472  aux_4_loss_bbox: 0.0359  aux_4_loss_giou: 0.1208
2026/08/08 23:55:10 - mmengine - INFO - Epoch(train)  [2][1400/1750]  lr: 9.8298e-04  eta: 0:40:20  time: 0.0991  data_time: 0.0004  memory: 2885  grad_norm: 0.0240  loss: 1.9971  loss_cls: 0.0357  loss_bbox: 0.0323  loss_giou: 0.1101  loss_quality: 0.0590  aux_0_loss_cls: 0.2532  aux_0_loss_bbox: 0.1025  aux_0_loss_giou: 0.3200  aux_1_loss_cls: 0.1656  aux_1_loss_bbox: 0.0501  aux_1_loss_giou: 0.1664  aux_2_loss_cls: 0.0794  aux_2_loss_bbox: 0.0417  aux_2_loss_giou: 0.1440  aux_3_loss_cls: 0.0490  aux_3_loss_bbox: 0.0412  aux_3_loss_giou: 0.1419  aux_4_loss_cls: 0.0464  aux_4_loss_bbox: 0.0363  aux_4_loss_giou: 0.1225
2026/08/08 23:55:16 - mmengine - INFO - Epoch(train)  [2][1450/1750]  lr: 9.8298e-04  eta: 0:40:09  time: 0.1201  data_time: 0.0003  memory: 3302  grad_norm: 0.0204  loss: 1.9284  loss_cls: 0.0349  loss_bbox: 0.0313  loss_giou: 0.1055  loss_quality: 0.0564  aux_0_loss_cls: 0.2447  aux_0_loss_bbox: 0.1004  aux_0_loss_giou: 0.3135  aux_1_loss_cls: 0.1656  aux_1_loss_bbox: 0.0471  aux_1_loss_giou: 0.1575  aux_2_loss_cls: 0.0781  aux_2_loss_bbox: 0.0397  aux_2_loss_giou: 0.1372  aux_3_loss_cls: 0.0453  aux_3_loss_bbox: 0.0399  aux_3_loss_giou: 0.1351  aux_4_loss_cls: 0.0427  aux_4_loss_bbox: 0.0353  aux_4_loss_giou: 0.1183
2026/08/08 23:55:21 - mmengine - INFO - Epoch(train)  [2][1500/1750]  lr: 9.8298e-04  eta: 0:39:54  time: 0.1068  data_time: 0.0004  memory: 2739  grad_norm: 0.0226  loss: 1.9742  loss_cls: 0.0383  loss_bbox: 0.0321  loss_giou: 0.1069  loss_quality: 0.0578  aux_0_loss_cls: 0.2481  aux_0_loss_bbox: 0.1018  aux_0_loss_giou: 0.3153  aux_1_loss_cls: 0.1643  aux_1_loss_bbox: 0.0500  aux_1_loss_giou: 0.1629  aux_2_loss_cls: 0.0794  aux_2_loss_bbox: 0.0416  aux_2_loss_giou: 0.1409  aux_3_loss_cls: 0.0490  aux_3_loss_bbox: 0.0412  aux_3_loss_giou: 0.1392  aux_4_loss_cls: 0.0478  aux_4_loss_bbox: 0.0364  aux_4_loss_giou: 0.1215
2026/08/08 23:55:27 - mmengine - INFO - Epoch(train)  [2][1550/1750]  lr: 9.8298e-04  eta: 0:39:45  time: 0.1276  data_time: 0.0003  memory: 2862  grad_norm: 0.0196  loss: 1.9692  loss_cls: 0.0404  loss_bbox: 0.0305  loss_giou: 0.1094  loss_quality: 0.0573  aux_0_loss_cls: 0.2444  aux_0_loss_bbox: 0.0928  aux_0_loss_giou: 0.3064  aux_1_loss_cls: 0.1626  aux_1_loss_bbox: 0.0478  aux_1_loss_giou: 0.1663  aux_2_loss_cls: 0.0825  aux_2_loss_bbox: 0.0416  aux_2_loss_giou: 0.1480  aux_3_loss_cls: 0.0507  aux_3_loss_bbox: 0.0401  aux_3_loss_giou: 0.1434  aux_4_loss_cls: 0.0486  aux_4_loss_bbox: 0.0341  aux_4_loss_giou: 0.1224
2026/08/08 23:55:34 - mmengine - INFO - Epoch(train)  [2][1600/1750]  lr: 9.8298e-04  eta: 0:39:37  time: 0.1281  data_time: 0.0003  memory: 2796  grad_norm: 0.0299  loss: 2.0102  loss_cls: 0.0402  loss_bbox: 0.0323  loss_giou: 0.1100  loss_quality: 0.0594  aux_0_loss_cls: 0.2496  aux_0_loss_bbox: 0.0993  aux_0_loss_giou: 0.3166  aux_1_loss_cls: 0.1705  aux_1_loss_bbox: 0.0490  aux_1_loss_giou: 0.1656  aux_2_loss_cls: 0.0843  aux_2_loss_bbox: 0.0414  aux_2_loss_giou: 0.1453  aux_3_loss_cls: 0.0542  aux_3_loss_bbox: 0.0415  aux_3_loss_giou: 0.1431  aux_4_loss_cls: 0.0493  aux_4_loss_bbox: 0.0359  aux_4_loss_giou: 0.1230
2026/08/08 23:55:39 - mmengine - INFO - Epoch(train)  [2][1650/1750]  lr: 9.8298e-04  eta: 0:39:23  time: 0.1071  data_time: 0.0004  memory: 2765  grad_norm: 0.0179  loss: 1.9252  loss_cls: 0.0373  loss_bbox: 0.0325  loss_giou: 0.1068  loss_quality: 0.0567  aux_0_loss_cls: 0.2496  aux_0_loss_bbox: 0.0965  aux_0_loss_giou: 0.2989  aux_1_loss_cls: 0.1688  aux_1_loss_bbox: 0.0473  aux_1_loss_giou: 0.1539  aux_2_loss_cls: 0.0811  aux_2_loss_bbox: 0.0391  aux_2_loss_giou: 0.1337  aux_3_loss_cls: 0.0474  aux_3_loss_bbox: 0.0405  aux_3_loss_giou: 0.1355  aux_4_loss_cls: 0.0452  aux_4_loss_bbox: 0.0360  aux_4_loss_giou: 0.1186
2026/08/08 23:55:46 - mmengine - INFO - Epoch(train)  [2][1700/1750]  lr: 9.8298e-04  eta: 0:39:14  time: 0.1278  data_time: 0.0003  memory: 6767  grad_norm: 0.0195  loss: 1.8900  loss_cls: 0.0333  loss_bbox: 0.0309  loss_giou: 0.1037  loss_quality: 0.0560  aux_0_loss_cls: 0.2398  aux_0_loss_bbox: 0.0952  aux_0_loss_giou: 0.2945  aux_1_loss_cls: 0.1582  aux_1_loss_bbox: 0.0479  aux_1_loss_giou: 0.1566  aux_2_loss_cls: 0.0754  aux_2_loss_bbox: 0.0410  aux_2_loss_giou: 0.1375  aux_3_loss_cls: 0.0469  aux_3_loss_bbox: 0.0412  aux_3_loss_giou: 0.1378  aux_4_loss_cls: 0.0425  aux_4_loss_bbox: 0.0349  aux_4_loss_giou: 0.1165
2026/08/08 23:55:52 - mmengine - INFO - Exp name: capr_quality_final_only_train_24obj_20260808_234630
2026/08/08 23:55:52 - mmengine - INFO - Epoch(train)  [2][1750/1750]  lr: 9.8298e-04  eta: 0:39:04  time: 0.1202  data_time: 0.0003  memory: 9720  grad_norm: 0.0207  loss: 1.9634  loss_cls: 0.0385  loss_bbox: 0.0319  loss_giou: 0.1079  loss_quality: 0.0580  aux_0_loss_cls: 0.2541  aux_0_loss_bbox: 0.0987  aux_0_loss_giou: 0.3136  aux_1_loss_cls: 0.1705  aux_1_loss_bbox: 0.0467  aux_1_loss_giou: 0.1563  aux_2_loss_cls: 0.0832  aux_2_loss_bbox: 0.0397  aux_2_loss_giou: 0.1347  aux_3_loss_cls: 0.0496  aux_3_loss_bbox: 0.0400  aux_3_loss_giou: 0.1347  aux_4_loss_cls: 0.0481  aux_4_loss_bbox: 0.0360  aux_4_loss_giou: 0.1213
2026/08/08 23:55:52 - mmengine - INFO - Saving checkpoint at 2 epochs
2026/08/08 23:55:59 - mmengine - INFO - Epoch(val)  [2][ 50/500]    eta: 0:00:55  time: 0.1237  data_time: 0.0005  memory: 809  
2026/08/08 23:56:06 - mmengine - INFO - Epoch(val)  [2][100/500]    eta: 0:00:49  time: 0.1231  data_time: 0.0002  memory: 805  
2026/08/08 23:56:12 - mmengine - INFO - Epoch(val)  [2][150/500]    eta: 0:00:43  time: 0.1228  data_time: 0.0002  memory: 822  
2026/08/08 23:56:18 - mmengine - INFO - Epoch(val)  [2][200/500]    eta: 0:00:36  time: 0.1229  data_time: 0.0002  memory: 822  
2026/08/08 23:56:24 - mmengine - INFO - Epoch(val)  [2][250/500]    eta: 0:00:30  time: 0.1236  data_time: 0.0002  memory: 822  
2026/08/08 23:56:30 - mmengine - INFO - Epoch(val)  [2][300/500]    eta: 0:00:24  time: 0.1261  data_time: 0.0002  memory: 822  
2026/08/08 23:56:37 - mmengine - INFO - Epoch(val)  [2][350/500]    eta: 0:00:18  time: 0.1256  data_time: 0.0002  memory: 805  
2026/08/08 23:56:43 - mmengine - INFO - Epoch(val)  [2][400/500]    eta: 0:00:12  time: 0.1248  data_time: 0.0002  memory: 809  
2026/08/08 23:56:49 - mmengine - INFO - Epoch(val)  [2][450/500]    eta: 0:00:06  time: 0.1254  data_time: 0.0002  memory: 822  
2026/08/08 23:56:55 - mmengine - INFO - Epoch(val)  [2][500/500]    eta: 0:00:00  time: 0.1246  data_time: 0.0002  memory: 814  
2026/08/08 23:56:57 - mmengine - INFO - Evaluating bbox...
2026/08/08 23:57:04 - mmengine - INFO - 
+----------+-------+--------+--------+-------+-------+-------+
| category | mAP   | mAP_50 | mAP_75 | mAP_s | mAP_m | mAP_l |
+----------+-------+--------+--------+-------+-------+-------+
| A1       | 0.92  | 0.99   | 0.979  | nan   | 0.885 | 0.931 |
| A2       | 0.916 | 0.989  | 0.979  | nan   | 0.881 | 0.928 |
| A3       | 0.911 | 0.99   | 0.979  | nan   | 0.893 | 0.937 |
| B4       | 0.913 | 0.99   | 0.979  | nan   | 0.899 | 0.942 |
| B5       | 0.913 | 0.989  | 0.989  | nan   | 0.904 | 0.948 |
| C6       | 0.91  | 0.99   | 0.989  | nan   | 0.902 | 0.939 |
| C7       | 0.9   | 0.99   | 0.98   | nan   | 0.898 | 0.93  |
| C8       | 0.896 | 0.99   | 0.979  | nan   | 0.894 | 0.949 |
| C9       | 0.886 | 0.99   | 0.98   | nan   | 0.886 | 0.939 |
| C10      | 0.889 | 0.99   | 0.989  | nan   | 0.888 | 0.937 |
| C11      | 0.883 | 0.99   | 0.979  | nan   | 0.882 | 0.921 |
| C12      | 0.897 | 0.99   | 0.989  | nan   | 0.896 | 0.98  |
| D13      | 0.862 | 0.989  | 0.978  | nan   | 0.862 | 0.5   |
| D14      | 0.86  | 0.99   | 0.974  | nan   | 0.86  | nan   |
| D15      | 0.85  | 0.981  | 0.965  | nan   | 0.85  | nan   |
| E16      | 0.859 | 0.989  | 0.987  | nan   | 0.859 | nan   |
| E17      | 0.85  | 0.99   | 0.978  | nan   | 0.85  | nan   |
| E18      | 0.841 | 0.989  | 0.961  | nan   | 0.841 | nan   |
| F19      | 0.824 | 0.989  | 0.96   | 0.633 | 0.824 | nan   |
| F20      | 0.829 | 0.99   | 0.959  | 0.4   | 0.829 | nan   |
| G21      | 0.799 | 0.989  | 0.948  | 0.639 | 0.807 | nan   |
| G22      | 0.795 | 0.984  | 0.937  | 0.563 | 0.802 | nan   |
| X        | 0.885 | 0.985  | 0.977  | nan   | 0.884 | 0.896 |
| Y        | 0.787 | 0.979  | 0.921  | 0.537 | 0.799 | nan   |
+----------+-------+--------+--------+-------+-------+-------+
2026/08/08 23:57:04 - mmengine - INFO - bbox_mAP_copypaste: 0.870 0.988 0.972 0.554 0.866 0.906
2026/08/08 23:57:04 - mmengine - INFO - Epoch(val) [2][500/500]    coco/A1_precision: 0.9200  coco/A1_mAP_50: 0.9900  coco/A1_mAP_75: 0.9790  coco/A1_mAP_s: nan  coco/A1_mAP_m: 0.8850  coco/A1_mAP_l: 0.9310  coco/A2_precision: 0.9160  coco/A2_mAP_50: 0.9890  coco/A2_mAP_75: 0.9790  coco/A2_mAP_s: nan  coco/A2_mAP_m: 0.8810  coco/A2_mAP_l: 0.9280  coco/A3_precision: 0.9110  coco/A3_mAP_50: 0.9900  coco/A3_mAP_75: 0.9790  coco/A3_mAP_s: nan  coco/A3_mAP_m: 0.8930  coco/A3_mAP_l: 0.9370  coco/B4_precision: 0.9130  coco/B4_mAP_50: 0.9900  coco/B4_mAP_75: 0.9790  coco/B4_mAP_s: nan  coco/B4_mAP_m: 0.8990  coco/B4_mAP_l: 0.9420  coco/B5_precision: 0.9130  coco/B5_mAP_50: 0.9890  coco/B5_mAP_75: 0.9890  coco/B5_mAP_s: nan  coco/B5_mAP_m: 0.9040  coco/B5_mAP_l: 0.9480  coco/C6_precision: 0.9100  coco/C6_mAP_50: 0.9900  coco/C6_mAP_75: 0.9890  coco/C6_mAP_s: nan  coco/C6_mAP_m: 0.9020  coco/C6_mAP_l: 0.9390  coco/C7_precision: 0.9000  coco/C7_mAP_50: 0.9900  coco/C7_mAP_75: 0.9800  coco/C7_mAP_s: nan  coco/C7_mAP_m: 0.8980  coco/C7_mAP_l: 0.9300  coco/C8_precision: 0.8960  coco/C8_mAP_50: 0.9900  coco/C8_mAP_75: 0.9790  coco/C8_mAP_s: nan  coco/C8_mAP_m: 0.8940  coco/C8_mAP_l: 0.9490  coco/C9_precision: 0.8860  coco/C9_mAP_50: 0.9900  coco/C9_mAP_75: 0.9800  coco/C9_mAP_s: nan  coco/C9_mAP_m: 0.8860  coco/C9_mAP_l: 0.9390  coco/C10_precision: 0.8890  coco/C10_mAP_50: 0.9900  coco/C10_mAP_75: 0.9890  coco/C10_mAP_s: nan  coco/C10_mAP_m: 0.8880  coco/C10_mAP_l: 0.9370  coco/C11_precision: 0.8830  coco/C11_mAP_50: 0.9900  coco/C11_mAP_75: 0.9790  coco/C11_mAP_s: nan  coco/C11_mAP_m: 0.8820  coco/C11_mAP_l: 0.9210  coco/C12_precision: 0.8970  coco/C12_mAP_50: 0.9900  coco/C12_mAP_75: 0.9890  coco/C12_mAP_s: nan  coco/C12_mAP_m: 0.8960  coco/C12_mAP_l: 0.9800  coco/D13_precision: 0.8620  coco/D13_mAP_50: 0.9890  coco/D13_mAP_75: 0.9780  coco/D13_mAP_s: nan  coco/D13_mAP_m: 0.8620  coco/D13_mAP_l: 0.5000  coco/D14_precision: 0.8600  coco/D14_mAP_50: 0.9900  coco/D14_mAP_75: 0.9740  coco/D14_mAP_s: nan  coco/D14_mAP_m: 0.8600  coco/D14_mAP_l: nan  coco/D15_precision: 0.8500  coco/D15_mAP_50: 0.9810  coco/D15_mAP_75: 0.9650  coco/D15_mAP_s: nan  coco/D15_mAP_m: 0.8500  coco/D15_mAP_l: nan  coco/E16_precision: 0.8590  coco/E16_mAP_50: 0.9890  coco/E16_mAP_75: 0.9870  coco/E16_mAP_s: nan  coco/E16_mAP_m: 0.8590  coco/E16_mAP_l: nan  coco/E17_precision: 0.8500  coco/E17_mAP_50: 0.9900  coco/E17_mAP_75: 0.9780  coco/E17_mAP_s: nan  coco/E17_mAP_m: 0.8500  coco/E17_mAP_l: nan  coco/E18_precision: 0.8410  coco/E18_mAP_50: 0.9890  coco/E18_mAP_75: 0.9610  coco/E18_mAP_s: nan  coco/E18_mAP_m: 0.8410  coco/E18_mAP_l: nan  coco/F19_precision: 0.8240  coco/F19_mAP_50: 0.9890  coco/F19_mAP_75: 0.9600  coco/F19_mAP_s: 0.6330  coco/F19_mAP_m: 0.8240  coco/F19_mAP_l: nan  coco/F20_precision: 0.8290  coco/F20_mAP_50: 0.9900  coco/F20_mAP_75: 0.9590  coco/F20_mAP_s: 0.4000  coco/F20_mAP_m: 0.8290  coco/F20_mAP_l: nan  coco/G21_precision: 0.7990  coco/G21_mAP_50: 0.9890  coco/G21_mAP_75: 0.9480  coco/G21_mAP_s: 0.6390  coco/G21_mAP_m: 0.8070  coco/G21_mAP_l: nan  coco/G22_precision: 0.7950  coco/G22_mAP_50: 0.9840  coco/G22_mAP_75: 0.9370  coco/G22_mAP_s: 0.5630  coco/G22_mAP_m: 0.8020  coco/G22_mAP_l: nan  coco/X_precision: 0.8850  coco/X_mAP_50: 0.9850  coco/X_mAP_75: 0.9770  coco/X_mAP_s: nan  coco/X_mAP_m: 0.8840  coco/X_mAP_l: 0.8960  coco/Y_precision: 0.7870  coco/Y_mAP_50: 0.9790  coco/Y_mAP_75: 0.9210  coco/Y_mAP_s: 0.5370  coco/Y_mAP_m: 0.7990  coco/Y_mAP_l: nan  coco/bbox_mAP: 0.8700  coco/bbox_mAP_50: 0.9880  coco/bbox_mAP_75: 0.9720  coco/bbox_mAP_s: 0.5540  coco/bbox_mAP_m: 0.8660  coco/bbox_mAP_l: 0.9060  data_time: 0.0002  time: 0.1242
2026/08/08 23:57:09 - mmengine - INFO - Epoch(train)  [3][  50/1750]  lr: 9.3308e-04  eta: 0:38:51  time: 0.1083  data_time: 0.0011  memory: 2684  grad_norm: 0.0200  loss: 1.9048  loss_cls: 0.0350  loss_bbox: 0.0292  loss_giou: 0.1013  loss_quality: 0.0548  aux_0_loss_cls: 0.2487  aux_0_loss_bbox: 0.0970  aux_0_loss_giou: 0.3051  aux_1_loss_cls: 0.1720  aux_1_loss_bbox: 0.0459  aux_1_loss_giou: 0.1546  aux_2_loss_cls: 0.0817  aux_2_loss_bbox: 0.0388  aux_2_loss_giou: 0.1353  aux_3_loss_cls: 0.0474  aux_3_loss_bbox: 0.0382  aux_3_loss_giou: 0.1325  aux_4_loss_cls: 0.0425  aux_4_loss_bbox: 0.0325  aux_4_loss_giou: 0.1123
2026/08/08 23:57:14 - mmengine - INFO - Epoch(train)  [3][ 100/1750]  lr: 9.3308e-04  eta: 0:38:36  time: 0.0985  data_time: 0.0003  memory: 2767  grad_norm: 0.0237  loss: 2.0433  loss_cls: 0.0421  loss_bbox: 0.0324  loss_giou: 0.1156  loss_quality: 0.0600  aux_0_loss_cls: 0.2547  aux_0_loss_bbox: 0.0987  aux_0_loss_giou: 0.3284  aux_1_loss_cls: 0.1694  aux_1_loss_bbox: 0.0481  aux_1_loss_giou: 0.1684  aux_2_loss_cls: 0.0843  aux_2_loss_bbox: 0.0411  aux_2_loss_giou: 0.1474  aux_3_loss_cls: 0.0541  aux_3_loss_bbox: 0.0407  aux_3_loss_giou: 0.1451  aux_4_loss_cls: 0.0509  aux_4_loss_bbox: 0.0355  aux_4_loss_giou: 0.1266
2026/08/08 23:57:20 - mmengine - INFO - Epoch(train)  [3][ 150/1750]  lr: 9.3308e-04  eta: 0:38:26  time: 0.1189  data_time: 0.0004  memory: 3077  grad_norm: 0.0215  loss: 1.9580  loss_cls: 0.0392  loss_bbox: 0.0307  loss_giou: 0.1069  loss_quality: 0.0573  aux_0_loss_cls: 0.2537  aux_0_loss_bbox: 0.0971  aux_0_loss_giou: 0.3121  aux_1_loss_cls: 0.1688  aux_1_loss_bbox: 0.0468  aux_1_loss_giou: 0.1595  aux_2_loss_cls: 0.0821  aux_2_loss_bbox: 0.0389  aux_2_loss_giou: 0.1385  aux_3_loss_cls: 0.0497  aux_3_loss_bbox: 0.0393  aux_3_loss_giou: 0.1369  aux_4_loss_cls: 0.0471  aux_4_loss_bbox: 0.0343  aux_4_loss_giou: 0.1190
2026/08/08 23:57:26 - mmengine - INFO - Epoch(train)  [3][ 200/1750]  lr: 9.3308e-04  eta: 0:38:13  time: 0.1069  data_time: 0.0004  memory: 10235  grad_norm: 0.0203  loss: 1.9624  loss_cls: 0.0375  loss_bbox: 0.0315  loss_giou: 0.1073  loss_quality: 0.0570  aux_0_loss_cls: 0.2442  aux_0_loss_bbox: 0.0998  aux_0_loss_giou: 0.3112  aux_1_loss_cls: 0.1618  aux_1_loss_bbox: 0.0501  aux_1_loss_giou: 0.1645  aux_2_loss_cls: 0.0795  aux_2_loss_bbox: 0.0432  aux_2_loss_giou: 0.1458  aux_3_loss_cls: 0.0486  aux_3_loss_bbox: 0.0409  aux_3_loss_giou: 0.1380  aux_4_loss_cls: 0.0455  aux_4_loss_bbox: 0.0358  aux_4_loss_giou: 0.1202
2026/08/08 23:57:31 - mmengine - INFO - Epoch(train)  [3][ 250/1750]  lr: 9.3308e-04  eta: 0:38:03  time: 0.1165  data_time: 0.0004  memory: 9825  grad_norm: 0.0202  loss: 1.9439  loss_cls: 0.0353  loss_bbox: 0.0308  loss_giou: 0.1048  loss_quality: 0.0567  aux_0_loss_cls: 0.2448  aux_0_loss_bbox: 0.1005  aux_0_loss_giou: 0.3216  aux_1_loss_cls: 0.1632  aux_1_loss_bbox: 0.0474  aux_1_loss_giou: 0.1603  aux_2_loss_cls: 0.0797  aux_2_loss_bbox: 0.0407  aux_2_loss_giou: 0.1405  aux_3_loss_cls: 0.0479  aux_3_loss_bbox: 0.0389  aux_3_loss_giou: 0.1349  aux_4_loss_cls: 0.0446  aux_4_loss_bbox: 0.0345  aux_4_loss_giou: 0.1169
2026/08/08 23:57:38 - mmengine - INFO - Epoch(train)  [3][ 300/1750]  lr: 9.3308e-04  eta: 0:37:54  time: 0.1238  data_time: 0.0004  memory: 9825  grad_norm: 0.0190  loss: 1.9455  loss_cls: 0.0338  loss_bbox: 0.0307  loss_giou: 0.1092  loss_quality: 0.0575  aux_0_loss_cls: 0.2472  aux_0_loss_bbox: 0.0950  aux_0_loss_giou: 0.3062  aux_1_loss_cls: 0.1696  aux_1_loss_bbox: 0.0459  aux_1_loss_giou: 0.1604  aux_2_loss_cls: 0.0800  aux_2_loss_bbox: 0.0397  aux_2_loss_giou: 0.1411  aux_3_loss_cls: 0.0499  aux_3_loss_bbox: 0.0391  aux_3_loss_giou: 0.1391  aux_4_loss_cls: 0.0441  aux_4_loss_bbox: 0.0347  aux_4_loss_giou: 0.1222
2026/08/08 23:57:45 - mmengine - INFO - Epoch(train)  [3][ 350/1750]  lr: 9.3308e-04  eta: 0:37:49  time: 0.1395  data_time: 0.0004  memory: 7149  grad_norm: 0.0195  loss: 1.8900  loss_cls: 0.0360  loss_bbox: 0.0297  loss_giou: 0.1017  loss_quality: 0.0562  aux_0_loss_cls: 0.2440  aux_0_loss_bbox: 0.0982  aux_0_loss_giou: 0.3058  aux_1_loss_cls: 0.1654  aux_1_loss_bbox: 0.0458  aux_1_loss_giou: 0.1503  aux_2_loss_cls: 0.0806  aux_2_loss_bbox: 0.0383  aux_2_loss_giou: 0.1307  aux_3_loss_cls: 0.0481  aux_3_loss_bbox: 0.0379  aux_3_loss_giou: 0.1286  aux_4_loss_cls: 0.0442  aux_4_loss_bbox: 0.0340  aux_4_loss_giou: 0.1145
2026/08/08 23:57:51 - mmengine - INFO - Epoch(train)  [3][ 400/1750]  lr: 9.3308e-04  eta: 0:37:40  time: 0.1191  data_time: 0.0004  memory: 2863  grad_norm: 0.0174  loss: 1.9402  loss_cls: 0.0346  loss_bbox: 0.0301  loss_giou: 0.1041  loss_quality: 0.0563  aux_0_loss_cls: 0.2419  aux_0_loss_bbox: 0.1000  aux_0_loss_giou: 0.3160  aux_1_loss_cls: 0.1674  aux_1_loss_bbox: 0.0475  aux_1_loss_giou: 0.1587  aux_2_loss_cls: 0.0813  aux_2_loss_bbox: 0.0394  aux_2_loss_giou: 0.1372  aux_3_loss_cls: 0.0510  aux_3_loss_bbox: 0.0402  aux_3_loss_giou: 0.1377  aux_4_loss_cls: 0.0450  aux_4_loss_bbox: 0.0342  aux_4_loss_giou: 0.1174
2026/08/08 23:57:55 - mmengine - INFO - Epoch(train)  [3][ 450/1750]  lr: 9.3308e-04  eta: 0:37:26  time: 0.0988  data_time: 0.0004  memory: 2983  grad_norm: 0.0197  loss: 1.9759  loss_cls: 0.0359  loss_bbox: 0.0319  loss_giou: 0.1065  loss_quality: 0.0574  aux_0_loss_cls: 0.2482  aux_0_loss_bbox: 0.1016  aux_0_loss_giou: 0.3130  aux_1_loss_cls: 0.1683  aux_1_loss_bbox: 0.0505  aux_1_loss_giou: 0.1651  aux_2_loss_cls: 0.0816  aux_2_loss_bbox: 0.0425  aux_2_loss_giou: 0.1448  aux_3_loss_cls: 0.0476  aux_3_loss_bbox: 0.0414  aux_3_loss_giou: 0.1419  aux_4_loss_cls: 0.0442  aux_4_loss_bbox: 0.0354  aux_4_loss_giou: 0.1182
2026/08/08 23:58:02 - mmengine - INFO - Exp name: capr_quality_final_only_train_24obj_20260808_234630
2026/08/08 23:58:02 - mmengine - INFO - Epoch(train)  [3][ 500/1750]  lr: 9.3308e-04  eta: 0:37:20  time: 0.1327  data_time: 0.0004  memory: 2948  grad_norm: 0.0213  loss: 1.9408  loss_cls: 0.0370  loss_bbox: 0.0306  loss_giou: 0.1077  loss_quality: 0.0583  aux_0_loss_cls: 0.2452  aux_0_loss_bbox: 0.0971  aux_0_loss_giou: 0.3133  aux_1_loss_cls: 0.1615  aux_1_loss_bbox: 0.0464  aux_1_loss_giou: 0.1603  aux_2_loss_cls: 0.0789  aux_2_loss_bbox: 0.0399  aux_2_loss_giou: 0.1415  aux_3_loss_cls: 0.0476  aux_3_loss_bbox: 0.0387  aux_3_loss_giou: 0.1367  aux_4_loss_cls: 0.0456  aux_4_loss_bbox: 0.0343  aux_4_loss_giou: 0.1203
2026/08/08 23:58:07 - mmengine - INFO - Epoch(train)  [3][ 550/1750]  lr: 9.3308e-04  eta: 0:37:06  time: 0.0986  data_time: 0.0003  memory: 2636  grad_norm: 0.0188  loss: 1.9233  loss_cls: 0.0341  loss_bbox: 0.0313  loss_giou: 0.1038  loss_quality: 0.0555  aux_0_loss_cls: 0.2442  aux_0_loss_bbox: 0.0994  aux_0_loss_giou: 0.3067  aux_1_loss_cls: 0.1658  aux_1_loss_bbox: 0.0486  aux_1_loss_giou: 0.1571  aux_2_loss_cls: 0.0790  aux_2_loss_bbox: 0.0417  aux_2_loss_giou: 0.1379  aux_3_loss_cls: 0.0471  aux_3_loss_bbox: 0.0407  aux_3_loss_giou: 0.1345  aux_4_loss_cls: 0.0436  aux_4_loss_bbox: 0.0356  aux_4_loss_giou: 0.1166
2026/08/08 23:58:12 - mmengine - INFO - Epoch(train)  [3][ 600/1750]  lr: 9.3308e-04  eta: 0:36:54  time: 0.1053  data_time: 0.0004  memory: 2986  grad_norm: 0.0189  loss: 1.9901  loss_cls: 0.0396  loss_bbox: 0.0311  loss_giou: 0.1056  loss_quality: 0.0571  aux_0_loss_cls: 0.2469  aux_0_loss_bbox: 0.1017  aux_0_loss_giou: 0.3196  aux_1_loss_cls: 0.1638  aux_1_loss_bbox: 0.0495  aux_1_loss_giou: 0.1633  aux_2_loss_cls: 0.0830  aux_2_loss_bbox: 0.0422  aux_2_loss_giou: 0.1437  aux_3_loss_cls: 0.0548  aux_3_loss_bbox: 0.0421  aux_3_loss_giou: 0.1421  aux_4_loss_cls: 0.0498  aux_4_loss_bbox: 0.0355  aux_4_loss_giou: 0.1188
2026/08/08 23:58:18 - mmengine - INFO - Epoch(train)  [3][ 650/1750]  lr: 9.3308e-04  eta: 0:36:45  time: 0.1186  data_time: 0.0005  memory: 2934  grad_norm: 0.0199  loss: 2.0780  loss_cls: 0.0409  loss_bbox: 0.0337  loss_giou: 0.1151  loss_quality: 0.0604  aux_0_loss_cls: 0.2572  aux_0_loss_bbox: 0.1005  aux_0_loss_giou: 0.3164  aux_1_loss_cls: 0.1738  aux_1_loss_bbox: 0.0530  aux_1_loss_giou: 0.1735  aux_2_loss_cls: 0.0859  aux_2_loss_bbox: 0.0460  aux_2_loss_giou: 0.1544  aux_3_loss_cls: 0.0562  aux_3_loss_bbox: 0.0441  aux_3_loss_giou: 0.1485  aux_4_loss_cls: 0.0508  aux_4_loss_bbox: 0.0381  aux_4_loss_giou: 0.1296
2026/08/08 23:58:23 - mmengine - INFO - Epoch(train)  [3][ 700/1750]  lr: 9.3308e-04  eta: 0:36:32  time: 0.0986  data_time: 0.0004  memory: 2660  grad_norm: 0.0200  loss: 1.8632  loss_cls: 0.0332  loss_bbox: 0.0282  loss_giou: 0.1026  loss_quality: 0.0557  aux_0_loss_cls: 0.2416  aux_0_loss_bbox: 0.0914  aux_0_loss_giou: 0.3101  aux_1_loss_cls: 0.1625  aux_1_loss_bbox: 0.0426  aux_1_loss_giou: 0.1538  aux_2_loss_cls: 0.0765  aux_2_loss_bbox: 0.0358  aux_2_loss_giou: 0.1337  aux_3_loss_cls: 0.0446  aux_3_loss_bbox: 0.0354  aux_3_loss_giou: 0.1311  aux_4_loss_cls: 0.0409  aux_4_loss_bbox: 0.0309  aux_4_loss_giou: 0.1126
2026/08/08 23:58:28 - mmengine - INFO - Epoch(train)  [3][ 750/1750]  lr: 9.3308e-04  eta: 0:36:19  time: 0.0992  data_time: 0.0004  memory: 2798  grad_norm: 0.0195  loss: 1.9277  loss_cls: 0.0354  loss_bbox: 0.0311  loss_giou: 0.1024  loss_quality: 0.0563  aux_0_loss_cls: 0.2519  aux_0_loss_bbox: 0.1004  aux_0_loss_giou: 0.3041  aux_1_loss_cls: 0.1677  aux_1_loss_bbox: 0.0478  aux_1_loss_giou: 0.1529  aux_2_loss_cls: 0.0806  aux_2_loss_bbox: 0.0404  aux_2_loss_giou: 0.1326  aux_3_loss_cls: 0.0505  aux_3_loss_bbox: 0.0413  aux_3_loss_giou: 0.1342  aux_4_loss_cls: 0.0468  aux_4_loss_bbox: 0.0354  aux_4_loss_giou: 0.1158
2026/08/08 23:58:33 - mmengine - INFO - Epoch(train)  [3][ 800/1750]  lr: 9.3308e-04  eta: 0:36:07  time: 0.0992  data_time: 0.0004  memory: 2629  grad_norm: 0.0195  loss: 1.9890  loss_cls: 0.0341  loss_bbox: 0.0326  loss_giou: 0.1105  loss_quality: 0.0575  aux_0_loss_cls: 0.2474  aux_0_loss_bbox: 0.1015  aux_0_loss_giou: 0.3210  aux_1_loss_cls: 0.1662  aux_1_loss_bbox: 0.0492  aux_1_loss_giou: 0.1647  aux_2_loss_cls: 0.0802  aux_2_loss_bbox: 0.0425  aux_2_loss_giou: 0.1448  aux_3_loss_cls: 0.0478  aux_3_loss_bbox: 0.0425  aux_3_loss_giou: 0.1446  aux_4_loss_cls: 0.0433  aux_4_loss_bbox: 0.0365  aux_4_loss_giou: 0.1223
2026/08/08 23:58:38 - mmengine - INFO - Epoch(train)  [3][ 850/1750]  lr: 9.3308e-04  eta: 0:35:56  time: 0.1053  data_time: 0.0004  memory: 2630  grad_norm: 0.0190  loss: 1.9312  loss_cls: 0.0379  loss_bbox: 0.0302  loss_giou: 0.1022  loss_quality: 0.0572  aux_0_loss_cls: 0.2474  aux_0_loss_bbox: 0.1019  aux_0_loss_giou: 0.3173  aux_1_loss_cls: 0.1654  aux_1_loss_bbox: 0.0473  aux_1_loss_giou: 0.1556  aux_2_loss_cls: 0.0780  aux_2_loss_bbox: 0.0394  aux_2_loss_giou: 0.1336  aux_3_loss_cls: 0.0481  aux_3_loss_bbox: 0.0399  aux_3_loss_giou: 0.1335  aux_4_loss_cls: 0.0466  aux_4_loss_bbox: 0.0343  aux_4_loss_giou: 0.1155
2026/08/08 23:58:44 - mmengine - INFO - Epoch(train)  [3][ 900/1750]  lr: 9.3308e-04  eta: 0:35:46  time: 0.1145  data_time: 0.0004  memory: 2907  grad_norm: 0.0204  loss: 2.0185  loss_cls: 0.0399  loss_bbox: 0.0322  loss_giou: 0.1106  loss_quality: 0.0584  aux_0_loss_cls: 0.2491  aux_0_loss_bbox: 0.0992  aux_0_loss_giou: 0.3170  aux_1_loss_cls: 0.1715  aux_1_loss_bbox: 0.0493  aux_1_loss_giou: 0.1677  aux_2_loss_cls: 0.0835  aux_2_loss_bbox: 0.0428  aux_2_loss_giou: 0.1482  aux_3_loss_cls: 0.0540  aux_3_loss_bbox: 0.0414  aux_3_loss_giou: 0.1446  aux_4_loss_cls: 0.0513  aux_4_loss_bbox: 0.0354  aux_4_loss_giou: 0.1222
2026/08/08 23:58:49 - mmengine - INFO - Epoch(train)  [3][ 950/1750]  lr: 9.3308e-04  eta: 0:35:35  time: 0.1040  data_time: 0.0003  memory: 3071  grad_norm: 0.0185  loss: 1.9902  loss_cls: 0.0391  loss_bbox: 0.0330  loss_giou: 0.1095  loss_quality: 0.0576  aux_0_loss_cls: 0.2494  aux_0_loss_bbox: 0.1009  aux_0_loss_giou: 0.3143  aux_1_loss_cls: 0.1671  aux_1_loss_bbox: 0.0494  aux_1_loss_giou: 0.1632  aux_2_loss_cls: 0.0837  aux_2_loss_bbox: 0.0420  aux_2_loss_giou: 0.1435  aux_3_loss_cls: 0.0497  aux_3_loss_bbox: 0.0412  aux_3_loss_giou: 0.1394  aux_4_loss_cls: 0.0471  aux_4_loss_bbox: 0.0369  aux_4_loss_giou: 0.1231
2026/08/08 23:58:55 - mmengine - INFO - Epoch(train)  [3][1000/1750]  lr: 9.3308e-04  eta: 0:35:25  time: 0.1054  data_time: 0.0003  memory: 2793  grad_norm: 0.0188  loss: 1.9042  loss_cls: 0.0340  loss_bbox: 0.0301  loss_giou: 0.1059  loss_quality: 0.0565  aux_0_loss_cls: 0.2371  aux_0_loss_bbox: 0.0987  aux_0_loss_giou: 0.3165  aux_1_loss_cls: 0.1589  aux_1_loss_bbox: 0.0466  aux_1_loss_giou: 0.1576  aux_2_loss_cls: 0.0761  aux_2_loss_bbox: 0.0390  aux_2_loss_giou: 0.1364  aux_3_loss_cls: 0.0447  aux_3_loss_bbox: 0.0381  aux_3_loss_giou: 0.1332  aux_4_loss_cls: 0.0430  aux_4_loss_bbox: 0.0337  aux_4_loss_giou: 0.1182
2026/08/08 23:59:00 - mmengine - INFO - Epoch(train)  [3][1050/1750]  lr: 9.3308e-04  eta: 0:35:16  time: 0.1148  data_time: 0.0003  memory: 3041  grad_norm: 0.0183  loss: 1.9322  loss_cls: 0.0345  loss_bbox: 0.0302  loss_giou: 0.1016  loss_quality: 0.0559  aux_0_loss_cls: 0.2456  aux_0_loss_bbox: 0.1022  aux_0_loss_giou: 0.3150  aux_1_loss_cls: 0.1654  aux_1_loss_bbox: 0.0484  aux_1_loss_giou: 0.1597  aux_2_loss_cls: 0.0781  aux_2_loss_bbox: 0.0404  aux_2_loss_giou: 0.1380  aux_3_loss_cls: 0.0484  aux_3_loss_bbox: 0.0401  aux_3_loss_giou: 0.1355  aux_4_loss_cls: 0.0453  aux_4_loss_bbox: 0.0342  aux_4_loss_giou: 0.1137
2026/08/08 23:59:06 - mmengine - INFO - Epoch(train)  [3][1100/1750]  lr: 9.3308e-04  eta: 0:35:05  time: 0.1072  data_time: 0.0003  memory: 2987  grad_norm: 0.0191  loss: 1.9612  loss_cls: 0.0368  loss_bbox: 0.0320  loss_giou: 0.1044  loss_quality: 0.0563  aux_0_loss_cls: 0.2545  aux_0_loss_bbox: 0.1017  aux_0_loss_giou: 0.3107  aux_1_loss_cls: 0.1679  aux_1_loss_bbox: 0.0486  aux_1_loss_giou: 0.1601  aux_2_loss_cls: 0.0831  aux_2_loss_bbox: 0.0418  aux_2_loss_giou: 0.1407  aux_3_loss_cls: 0.0484  aux_3_loss_bbox: 0.0407  aux_3_loss_giou: 0.1371  aux_4_loss_cls: 0.0449  aux_4_loss_bbox: 0.0355  aux_4_loss_giou: 0.1161
2026/08/08 23:59:11 - mmengine - INFO - Epoch(train)  [3][1150/1750]  lr: 9.3308e-04  eta: 0:34:56  time: 0.1130  data_time: 0.0004  memory: 10186  grad_norm: 0.0183  loss: 1.9809  loss_cls: 0.0378  loss_bbox: 0.0321  loss_giou: 0.1110  loss_quality: 0.0578  aux_0_loss_cls: 0.2494  aux_0_loss_bbox: 0.0978  aux_0_loss_giou: 0.3127  aux_1_loss_cls: 0.1663  aux_1_loss_bbox: 0.0480  aux_1_loss_giou: 0.1622  aux_2_loss_cls: 0.0846  aux_2_loss_bbox: 0.0413  aux_2_loss_giou: 0.1426  aux_3_loss_cls: 0.0523  aux_3_loss_bbox: 0.0403  aux_3_loss_giou: 0.1386  aux_4_loss_cls: 0.0475  aux_4_loss_bbox: 0.0358  aux_4_loss_giou: 0.1229
2026/08/08 23:59:17 - mmengine - INFO - Epoch(train)  [3][1200/1750]  lr: 9.3308e-04  eta: 0:34:46  time: 0.1088  data_time: 0.0004  memory: 3011  grad_norm: 0.0176  loss: 1.8793  loss_cls: 0.0353  loss_bbox: 0.0308  loss_giou: 0.0988  loss_quality: 0.0539  aux_0_loss_cls: 0.2429  aux_0_loss_bbox: 0.0982  aux_0_loss_giou: 0.2977  aux_1_loss_cls: 0.1620  aux_1_loss_bbox: 0.0476  aux_1_loss_giou: 0.1520  aux_2_loss_cls: 0.0786  aux_2_loss_bbox: 0.0408  aux_2_loss_giou: 0.1332  aux_3_loss_cls: 0.0481  aux_3_loss_bbox: 0.0396  aux_3_loss_giou: 0.1297  aux_4_loss_cls: 0.0435  aux_4_loss_bbox: 0.0347  aux_4_loss_giou: 0.1118
2026/08/08 23:59:23 - mmengine - INFO - Epoch(train)  [3][1250/1750]  lr: 9.3308e-04  eta: 0:34:38  time: 0.1189  data_time: 0.0004  memory: 18861  grad_norm: 0.0212  loss: 1.9279  loss_cls: 0.0373  loss_bbox: 0.0319  loss_giou: 0.1042  loss_quality: 0.0568  aux_0_loss_cls: 0.2408  aux_0_loss_bbox: 0.1029  aux_0_loss_giou: 0.3100  aux_1_loss_cls: 0.1608  aux_1_loss_bbox: 0.0481  aux_1_loss_giou: 0.1559  aux_2_loss_cls: 0.0781  aux_2_loss_bbox: 0.0407  aux_2_loss_giou: 0.1360  aux_3_loss_cls: 0.0497  aux_3_loss_bbox: 0.0404  aux_3_loss_giou: 0.1340  aux_4_loss_cls: 0.0467  aux_4_loss_bbox: 0.0362  aux_4_loss_giou: 0.1174
2026/08/08 23:59:28 - mmengine - INFO - Epoch(train)  [3][1300/1750]  lr: 9.3308e-04  eta: 0:34:29  time: 0.1081  data_time: 0.0004  memory: 19127  grad_norm: 0.0173  loss: 1.9509  loss_cls: 0.0389  loss_bbox: 0.0324  loss_giou: 0.1080  loss_quality: 0.0574  aux_0_loss_cls: 0.2450  aux_0_loss_bbox: 0.0986  aux_0_loss_giou: 0.3042  aux_1_loss_cls: 0.1611  aux_1_loss_bbox: 0.0482  aux_1_loss_giou: 0.1582  aux_2_loss_cls: 0.0810  aux_2_loss_bbox: 0.0415  aux_2_loss_giou: 0.1390  aux_3_loss_cls: 0.0523  aux_3_loss_bbox: 0.0418  aux_3_loss_giou: 0.1385  aux_4_loss_cls: 0.0472  aux_4_loss_bbox: 0.0362  aux_4_loss_giou: 0.1214
2026/08/08 23:59:33 - mmengine - INFO - Epoch(train)  [3][1350/1750]  lr: 9.3308e-04  eta: 0:34:17  time: 0.0988  data_time: 0.0004  memory: 2636  grad_norm: 0.0204  loss: 2.0010  loss_cls: 0.0394  loss_bbox: 0.0340  loss_giou: 0.1106  loss_quality: 0.0573  aux_0_loss_cls: 0.2578  aux_0_loss_bbox: 0.1035  aux_0_loss_giou: 0.3168  aux_1_loss_cls: 0.1688  aux_1_loss_bbox: 0.0500  aux_1_loss_giou: 0.1603  aux_2_loss_cls: 0.0824  aux_2_loss_bbox: 0.0426  aux_2_loss_giou: 0.1406  aux_3_loss_cls: 0.0498  aux_3_loss_bbox: 0.0418  aux_3_loss_giou: 0.1382  aux_4_loss_cls: 0.0483  aux_4_loss_bbox: 0.0373  aux_4_loss_giou: 0.1216
2026/08/08 23:59:40 - mmengine - INFO - Epoch(train)  [3][1400/1750]  lr: 9.3308e-04  eta: 0:34:12  time: 0.1305  data_time: 0.0004  memory: 3082  grad_norm: 0.0205  loss: 1.9748  loss_cls: 0.0375  loss_bbox: 0.0342  loss_giou: 0.1120  loss_quality: 0.0578  aux_0_loss_cls: 0.2406  aux_0_loss_bbox: 0.0991  aux_0_loss_giou: 0.3036  aux_1_loss_cls: 0.1627  aux_1_loss_bbox: 0.0495  aux_1_loss_giou: 0.1623  aux_2_loss_cls: 0.0806  aux_2_loss_bbox: 0.0435  aux_2_loss_giou: 0.1452  aux_3_loss_cls: 0.0503  aux_3_loss_bbox: 0.0429  aux_3_loss_giou: 0.1423  aux_4_loss_cls: 0.0481  aux_4_loss_bbox: 0.0381  aux_4_loss_giou: 0.1246
2026/08/08 23:59:46 - mmengine - INFO - Epoch(train)  [3][1450/1750]  lr: 9.3308e-04  eta: 0:34:04  time: 0.1189  data_time: 0.0004  memory: 2887  grad_norm: 0.0189  loss: 1.9261  loss_cls: 0.0330  loss_bbox: 0.0299  loss_giou: 0.1057  loss_quality: 0.0568  aux_0_loss_cls: 0.2473  aux_0_loss_bbox: 0.0957  aux_0_loss_giou: 0.3067  aux_1_loss_cls: 0.1629  aux_1_loss_bbox: 0.0463  aux_1_loss_giou: 0.1607  aux_2_loss_cls: 0.0778  aux_2_loss_bbox: 0.0398  aux_2_loss_giou: 0.1424  aux_3_loss_cls: 0.0452  aux_3_loss_bbox: 0.0392  aux_3_loss_giou: 0.1398  aux_4_loss_cls: 0.0430  aux_4_loss_bbox: 0.0343  aux_4_loss_giou: 0.1197
2026/08/08 23:59:51 - mmengine - INFO - Exp name: capr_quality_final_only_train_24obj_20260808_234630
2026/08/08 23:59:51 - mmengine - INFO - Epoch(train)  [3][1500/1750]  lr: 9.3308e-04  eta: 0:33:56  time: 0.1172  data_time: 0.0004  memory: 10234  grad_norm: 0.0201  loss: 1.9959  loss_cls: 0.0394  loss_bbox: 0.0323  loss_giou: 0.1069  loss_quality: 0.0574  aux_0_loss_cls: 0.2496  aux_0_loss_bbox: 0.1027  aux_0_loss_giou: 0.3151  aux_1_loss_cls: 0.1722  aux_1_loss_bbox: 0.0508  aux_1_loss_giou: 0.1638  aux_2_loss_cls: 0.0852  aux_2_loss_bbox: 0.0426  aux_2_loss_giou: 0.1425  aux_3_loss_cls: 0.0510  aux_3_loss_bbox: 0.0414  aux_3_loss_giou: 0.1386  aux_4_loss_cls: 0.0484  aux_4_loss_bbox: 0.0361  aux_4_loss_giou: 0.1199
2026/08/08 23:59:57 - mmengine - INFO - Epoch(train)  [3][1550/1750]  lr: 9.3308e-04  eta: 0:33:47  time: 0.1104  data_time: 0.0004  memory: 2730  grad_norm: 0.0204  loss: 2.0001  loss_cls: 0.0396  loss_bbox: 0.0327  loss_giou: 0.1105  loss_quality: 0.0578  aux_0_loss_cls: 0.2548  aux_0_loss_bbox: 0.0997  aux_0_loss_giou: 0.3137  aux_1_loss_cls: 0.1725  aux_1_loss_bbox: 0.0486  aux_1_loss_giou: 0.1618  aux_2_loss_cls: 0.0858  aux_2_loss_bbox: 0.0410  aux_2_loss_giou: 0.1408  aux_3_loss_cls: 0.0524  aux_3_loss_bbox: 0.0408  aux_3_loss_giou: 0.1387  aux_4_loss_cls: 0.0480  aux_4_loss_bbox: 0.0369  aux_4_loss_giou: 0.1241
2026/08/09 00:00:02 - mmengine - INFO - Epoch(train)  [3][1600/1750]  lr: 9.3308e-04  eta: 0:33:36  time: 0.1008  data_time: 0.0004  memory: 2666  grad_norm: 0.0196  loss: 1.9765  loss_cls: 0.0394  loss_bbox: 0.0322  loss_giou: 0.1078  loss_quality: 0.0571  aux_0_loss_cls: 0.2400  aux_0_loss_bbox: 0.1018  aux_0_loss_giou: 0.3151  aux_1_loss_cls: 0.1629  aux_1_loss_bbox: 0.0508  aux_1_loss_giou: 0.1650  aux_2_loss_cls: 0.0801  aux_2_loss_bbox: 0.0430  aux_2_loss_giou: 0.1446  aux_3_loss_cls: 0.0513  aux_3_loss_bbox: 0.0420  aux_3_loss_giou: 0.1394  aux_4_loss_cls: 0.0481  aux_4_loss_bbox: 0.0361  aux_4_loss_giou: 0.1199
2026/08/09 00:00:07 - mmengine - INFO - Epoch(train)  [3][1650/1750]  lr: 9.3308e-04  eta: 0:33:27  time: 0.1057  data_time: 0.0004  memory: 2905  grad_norm: 0.0197  loss: 1.9302  loss_cls: 0.0383  loss_bbox: 0.0322  loss_giou: 0.1014  loss_quality: 0.0549  aux_0_loss_cls: 0.2465  aux_0_loss_bbox: 0.1009  aux_0_loss_giou: 0.2986  aux_1_loss_cls: 0.1650  aux_1_loss_bbox: 0.0489  aux_1_loss_giou: 0.1542  aux_2_loss_cls: 0.0806  aux_2_loss_bbox: 0.0420  aux_2_loss_giou: 0.1364  aux_3_loss_cls: 0.0504  aux_3_loss_bbox: 0.0423  aux_3_loss_giou: 0.1357  aux_4_loss_cls: 0.0495  aux_4_loss_bbox: 0.0365  aux_4_loss_giou: 0.1158
2026/08/09 00:00:13 - mmengine - INFO - Epoch(train)  [3][1700/1750]  lr: 9.3308e-04  eta: 0:33:18  time: 0.1104  data_time: 0.0004  memory: 6354  grad_norm: 0.0234  loss: 1.9780  loss_cls: 0.0368  loss_bbox: 0.0315  loss_giou: 0.1073  loss_quality: 0.0580  aux_0_loss_cls: 0.2414  aux_0_loss_bbox: 0.1005  aux_0_loss_giou: 0.3198  aux_1_loss_cls: 0.1628  aux_1_loss_bbox: 0.0492  aux_1_loss_giou: 0.1666  aux_2_loss_cls: 0.0813  aux_2_loss_bbox: 0.0423  aux_2_loss_giou: 0.1466  aux_3_loss_cls: 0.0485  aux_3_loss_bbox: 0.0407  aux_3_loss_giou: 0.1414  aux_4_loss_cls: 0.0460  aux_4_loss_bbox: 0.0355  aux_4_loss_giou: 0.1216
2026/08/09 00:00:19 - mmengine - INFO - Exp name: capr_quality_final_only_train_24obj_20260808_234630
2026/08/09 00:00:19 - mmengine - INFO - Epoch(train)  [3][1750/1750]  lr: 9.3308e-04  eta: 0:33:11  time: 0.1221  data_time: 0.0003  memory: 7054  grad_norm: 0.0187  loss: 1.9186  loss_cls: 0.0329  loss_bbox: 0.0314  loss_giou: 0.1044  loss_quality: 0.0557  aux_0_loss_cls: 0.2425  aux_0_loss_bbox: 0.0990  aux_0_loss_giou: 0.3045  aux_1_loss_cls: 0.1692  aux_1_loss_bbox: 0.0481  aux_1_loss_giou: 0.1557  aux_2_loss_cls: 0.0812  aux_2_loss_bbox: 0.0409  aux_2_loss_giou: 0.1366  aux_3_loss_cls: 0.0474  aux_3_loss_bbox: 0.0402  aux_3_loss_giou: 0.1335  aux_4_loss_cls: 0.0430  aux_4_loss_bbox: 0.0353  aux_4_loss_giou: 0.1168
2026/08/09 00:00:19 - mmengine - INFO - Saving checkpoint at 3 epochs
2026/08/09 00:00:27 - mmengine - INFO - Epoch(val)  [3][ 50/500]    eta: 0:00:56  time: 0.1245  data_time: 0.0005  memory: 809  
2026/08/09 00:00:33 - mmengine - INFO - Epoch(val)  [3][100/500]    eta: 0:00:49  time: 0.1244  data_time: 0.0002  memory: 806  
2026/08/09 00:00:39 - mmengine - INFO - Epoch(val)  [3][150/500]    eta: 0:00:43  time: 0.1244  data_time: 0.0002  memory: 822  
2026/08/09 00:00:45 - mmengine - INFO - Epoch(val)  [3][200/500]    eta: 0:00:37  time: 0.1233  data_time: 0.0002  memory: 822  
2026/08/09 00:00:51 - mmengine - INFO - Epoch(val)  [3][250/500]    eta: 0:00:30  time: 0.1234  data_time: 0.0002  memory: 822  
2026/08/09 00:00:58 - mmengine - INFO - Epoch(val)  [3][300/500]    eta: 0:00:24  time: 0.1237  data_time: 0.0002  memory: 822  
2026/08/09 00:01:04 - mmengine - INFO - Epoch(val)  [3][350/500]    eta: 0:00:18  time: 0.1236  data_time: 0.0002  memory: 806  
2026/08/09 00:01:10 - mmengine - INFO - Epoch(val)  [3][400/500]    eta: 0:00:12  time: 0.1232  data_time: 0.0002  memory: 809  
2026/08/09 00:01:16 - mmengine - INFO - Epoch(val)  [3][450/500]    eta: 0:00:06  time: 0.1233  data_time: 0.0002  memory: 822  
2026/08/09 00:01:22 - mmengine - INFO - Epoch(val)  [3][500/500]    eta: 0:00:00  time: 0.1233  data_time: 0.0002  memory: 814  
2026/08/09 00:01:24 - mmengine - INFO - Evaluating bbox...
2026/08/09 00:01:30 - mmengine - INFO - 
+----------+-------+--------+--------+-------+-------+-------+
| category | mAP   | mAP_50 | mAP_75 | mAP_s | mAP_m | mAP_l |
+----------+-------+--------+--------+-------+-------+-------+
| A1       | 0.918 | 0.99   | 0.979  | nan   | 0.883 | 0.926 |
| A2       | 0.913 | 0.989  | 0.979  | nan   | 0.879 | 0.926 |
| A3       | 0.912 | 0.994  | 0.989  | nan   | 0.895 | 0.937 |
| B4       | 0.914 | 0.99   | 0.989  | nan   | 0.898 | 0.944 |
| B5       | 0.914 | 0.989  | 0.989  | nan   | 0.905 | 0.949 |
| C6       | 0.909 | 0.993  | 0.989  | nan   | 0.903 | 0.936 |
| C7       | 0.902 | 0.99   | 0.989  | nan   | 0.898 | 0.93  |
| C8       | 0.894 | 0.989  | 0.979  | nan   | 0.892 | 0.951 |
| C9       | 0.885 | 0.99   | 0.979  | nan   | 0.884 | 0.934 |
| C10      | 0.888 | 0.99   | 0.987  | nan   | 0.888 | 0.93  |
| C11      | 0.887 | 0.989  | 0.979  | nan   | 0.887 | 0.948 |
| C12      | 0.899 | 0.998  | 0.989  | nan   | 0.898 | 0.979 |
| D13      | 0.862 | 0.989  | 0.978  | nan   | 0.862 | 0.5   |
| D14      | 0.861 | 0.99   | 0.975  | nan   | 0.861 | nan   |
| D15      | 0.853 | 0.987  | 0.965  | nan   | 0.853 | nan   |
| E16      | 0.862 | 0.99   | 0.988  | nan   | 0.862 | nan   |
| E17      | 0.849 | 0.99   | 0.978  | nan   | 0.849 | nan   |
| E18      | 0.841 | 0.989  | 0.961  | nan   | 0.841 | nan   |
| F19      | 0.824 | 0.989  | 0.959  | 0.702 | 0.825 | nan   |
| F20      | 0.83  | 0.99   | 0.959  | 0.4   | 0.83  | nan   |
| G21      | 0.798 | 0.989  | 0.949  | 0.634 | 0.805 | nan   |
| G22      | 0.796 | 0.987  | 0.936  | 0.556 | 0.802 | nan   |
| X        | 0.888 | 0.985  | 0.98   | nan   | 0.887 | 0.897 |
| Y        | 0.786 | 0.976  | 0.918  | 0.532 | 0.799 | nan   |
+----------+-------+--------+--------+-------+-------+-------+
2026/08/09 00:01:30 - mmengine - INFO - bbox_mAP_copypaste: 0.870 0.989 0.973 0.565 0.866 0.906
2026/08/09 00:01:30 - mmengine - INFO - Epoch(val) [3][500/500]    coco/A1_precision: 0.9180  coco/A1_mAP_50: 0.9900  coco/A1_mAP_75: 0.9790  coco/A1_mAP_s: nan  coco/A1_mAP_m: 0.8830  coco/A1_mAP_l: 0.9260  coco/A2_precision: 0.9130  coco/A2_mAP_50: 0.9890  coco/A2_mAP_75: 0.9790  coco/A2_mAP_s: nan  coco/A2_mAP_m: 0.8790  coco/A2_mAP_l: 0.9260  coco/A3_precision: 0.9120  coco/A3_mAP_50: 0.9940  coco/A3_mAP_75: 0.9890  coco/A3_mAP_s: nan  coco/A3_mAP_m: 0.8950  coco/A3_mAP_l: 0.9370  coco/B4_precision: 0.9140  coco/B4_mAP_50: 0.9900  coco/B4_mAP_75: 0.9890  coco/B4_mAP_s: nan  coco/B4_mAP_m: 0.8980  coco/B4_mAP_l: 0.9440  coco/B5_precision: 0.9140  coco/B5_mAP_50: 0.9890  coco/B5_mAP_75: 0.9890  coco/B5_mAP_s: nan  coco/B5_mAP_m: 0.9050  coco/B5_mAP_l: 0.9490  coco/C6_precision: 0.9090  coco/C6_mAP_50: 0.9930  coco/C6_mAP_75: 0.9890  coco/C6_mAP_s: nan  coco/C6_mAP_m: 0.9030  coco/C6_mAP_l: 0.9360  coco/C7_precision: 0.9020  coco/C7_mAP_50: 0.9900  coco/C7_mAP_75: 0.9890  coco/C7_mAP_s: nan  coco/C7_mAP_m: 0.8980  coco/C7_mAP_l: 0.9300  coco/C8_precision: 0.8940  coco/C8_mAP_50: 0.9890  coco/C8_mAP_75: 0.9790  coco/C8_mAP_s: nan  coco/C8_mAP_m: 0.8920  coco/C8_mAP_l: 0.9510  coco/C9_precision: 0.8850  coco/C9_mAP_50: 0.9900  coco/C9_mAP_75: 0.9790  coco/C9_mAP_s: nan  coco/C9_mAP_m: 0.8840  coco/C9_mAP_l: 0.9340  coco/C10_precision: 0.8880  coco/C10_mAP_50: 0.9900  coco/C10_mAP_75: 0.9870  coco/C10_mAP_s: nan  coco/C10_mAP_m: 0.8880  coco/C10_mAP_l: 0.9300  coco/C11_precision: 0.8870  coco/C11_mAP_50: 0.9890  coco/C11_mAP_75: 0.9790  coco/C11_mAP_s: nan  coco/C11_mAP_m: 0.8870  coco/C11_mAP_l: 0.9480  coco/C12_precision: 0.8990  coco/C12_mAP_50: 0.9980  coco/C12_mAP_75: 0.9890  coco/C12_mAP_s: nan  coco/C12_mAP_m: 0.8980  coco/C12_mAP_l: 0.9790  coco/D13_precision: 0.8620  coco/D13_mAP_50: 0.9890  coco/D13_mAP_75: 0.9780  coco/D13_mAP_s: nan  coco/D13_mAP_m: 0.8620  coco/D13_mAP_l: 0.5000  coco/D14_precision: 0.8610  coco/D14_mAP_50: 0.9900  coco/D14_mAP_75: 0.9750  coco/D14_mAP_s: nan  coco/D14_mAP_m: 0.8610  coco/D14_mAP_l: nan  coco/D15_precision: 0.8530  coco/D15_mAP_50: 0.9870  coco/D15_mAP_75: 0.9650  coco/D15_mAP_s: nan  coco/D15_mAP_m: 0.8530  coco/D15_mAP_l: nan  coco/E16_precision: 0.8620  coco/E16_mAP_50: 0.9900  coco/E16_mAP_75: 0.9880  coco/E16_mAP_s: nan  coco/E16_mAP_m: 0.8620  coco/E16_mAP_l: nan  coco/E17_precision: 0.8490  coco/E17_mAP_50: 0.9900  coco/E17_mAP_75: 0.9780  coco/E17_mAP_s: nan  coco/E17_mAP_m: 0.8490  coco/E17_mAP_l: nan  coco/E18_precision: 0.8410  coco/E18_mAP_50: 0.9890  coco/E18_mAP_75: 0.9610  coco/E18_mAP_s: nan  coco/E18_mAP_m: 0.8410  coco/E18_mAP_l: nan  coco/F19_precision: 0.8240  coco/F19_mAP_50: 0.9890  coco/F19_mAP_75: 0.9590  coco/F19_mAP_s: 0.7020  coco/F19_mAP_m: 0.8250  coco/F19_mAP_l: nan  coco/F20_precision: 0.8300  coco/F20_mAP_50: 0.9900  coco/F20_mAP_75: 0.9590  coco/F20_mAP_s: 0.4000  coco/F20_mAP_m: 0.8300  coco/F20_mAP_l: nan  coco/G21_precision: 0.7980  coco/G21_mAP_50: 0.9890  coco/G21_mAP_75: 0.9490  coco/G21_mAP_s: 0.6340  coco/G21_mAP_m: 0.8050  coco/G21_mAP_l: nan  coco/G22_precision: 0.7960  coco/G22_mAP_50: 0.9870  coco/G22_mAP_75: 0.9360  coco/G22_mAP_s: 0.5560  coco/G22_mAP_m: 0.8020  coco/G22_mAP_l: nan  coco/X_precision: 0.8880  coco/X_mAP_50: 0.9850  coco/X_mAP_75: 0.9800  coco/X_mAP_s: nan  coco/X_mAP_m: 0.8870  coco/X_mAP_l: 0.8970  coco/Y_precision: 0.7860  coco/Y_mAP_50: 0.9760  coco/Y_mAP_75: 0.9180  coco/Y_mAP_s: 0.5320  coco/Y_mAP_m: 0.7990  coco/Y_mAP_l: nan  coco/bbox_mAP: 0.8700  coco/bbox_mAP_50: 0.9890  coco/bbox_mAP_75: 0.9730  coco/bbox_mAP_s: 0.5650  coco/bbox_mAP_m: 0.8660  coco/bbox_mAP_l: 0.9060  data_time: 0.0002  time: 0.1237
2026/08/09 00:01:35 - mmengine - INFO - Epoch(train)  [4][  50/1750]  lr: 8.5370e-04  eta: 0:33:01  time: 0.0990  data_time: 0.0013  memory: 3075  grad_norm: 0.0201  loss: 2.0672  loss_cls: 0.0411  loss_bbox: 0.0351  loss_giou: 0.1168  loss_quality: 0.0599  aux_0_loss_cls: 0.2517  aux_0_loss_bbox: 0.1033  aux_0_loss_giou: 0.3273  aux_1_loss_cls: 0.1688  aux_1_loss_bbox: 0.0522  aux_1_loss_giou: 0.1689  aux_2_loss_cls: 0.0830  aux_2_loss_bbox: 0.0448  aux_2_loss_giou: 0.1481  aux_3_loss_cls: 0.0548  aux_3_loss_bbox: 0.0445  aux_3_loss_giou: 0.1457  aux_4_loss_cls: 0.0512  aux_4_loss_bbox: 0.0395  aux_4_loss_giou: 0.1306
2026/08/09 00:01:42 - mmengine - INFO - Epoch(train)  [4][ 100/1750]  lr: 8.5370e-04  eta: 0:32:54  time: 0.1244  data_time: 0.0004  memory: 19519  grad_norm: 0.0209  loss: 1.9565  loss_cls: 0.0339  loss_bbox: 0.0309  loss_giou: 0.1037  loss_quality: 0.0552  aux_0_loss_cls: 0.2491  aux_0_loss_bbox: 0.0999  aux_0_loss_giou: 0.3177  aux_1_loss_cls: 0.1663  aux_1_loss_bbox: 0.0496  aux_1_loss_giou: 0.1639  aux_2_loss_cls: 0.0819  aux_2_loss_bbox: 0.0422  aux_2_loss_giou: 0.1441  aux_3_loss_cls: 0.0469  aux_3_loss_bbox: 0.0405  aux_3_loss_giou: 0.1381  aux_4_loss_cls: 0.0421  aux_4_loss_bbox: 0.0346  aux_4_loss_giou: 0.1160
2026/08/09 00:01:47 - mmengine - INFO - Epoch(train)  [4][ 150/1750]  lr: 8.5370e-04  eta: 0:32:44  time: 0.0996  data_time: 0.0004  memory: 2886  grad_norm: 0.0198  loss: 2.0479  loss_cls: 0.0414  loss_bbox: 0.0344  loss_giou: 0.1122  loss_quality: 0.0580  aux_0_loss_cls: 0.2525  aux_0_loss_bbox: 0.1045  aux_0_loss_giou: 0.3235  aux_1_loss_cls: 0.1694  aux_1_loss_bbox: 0.0525  aux_1_loss_giou: 0.1694  aux_2_loss_cls: 0.0854  aux_2_loss_bbox: 0.0451  aux_2_loss_giou: 0.1486  aux_3_loss_cls: 0.0530  aux_3_loss_bbox: 0.0439  aux_3_loss_giou: 0.1444  aux_4_loss_cls: 0.0491  aux_4_loss_bbox: 0.0375  aux_4_loss_giou: 0.1230
2026/08/09 00:01:52 - mmengine - INFO - Epoch(train)  [4][ 200/1750]  lr: 8.5370e-04  eta: 0:32:35  time: 0.1101  data_time: 0.0004  memory: 2917  grad_norm: 0.0208  loss: 2.0021  loss_cls: 0.0407  loss_bbox: 0.0330  loss_giou: 0.1070  loss_quality: 0.0575  aux_0_loss_cls: 0.2464  aux_0_loss_bbox: 0.1046  aux_0_loss_giou: 0.3240  aux_1_loss_cls: 0.1680  aux_1_loss_bbox: 0.0502  aux_1_loss_giou: 0.1627  aux_2_loss_cls: 0.0834  aux_2_loss_bbox: 0.0423  aux_2_loss_giou: 0.1405  aux_3_loss_cls: 0.0537  aux_3_loss_bbox: 0.0422  aux_3_loss_giou: 0.1383  aux_4_loss_cls: 0.0499  aux_4_loss_bbox: 0.0371  aux_4_loss_giou: 0.1202
2026/08/09 00:01:57 - mmengine - INFO - Epoch(train)  [4][ 250/1750]  lr: 8.5370e-04  eta: 0:32:27  time: 0.1081  data_time: 0.0004  memory: 2980  grad_norm: 0.0185  loss: 1.9122  loss_cls: 0.0376  loss_bbox: 0.0293  loss_giou: 0.1024  loss_quality: 0.0561  aux_0_loss_cls: 0.2457  aux_0_loss_bbox: 0.0975  aux_0_loss_giou: 0.3126  aux_1_loss_cls: 0.1656  aux_1_loss_bbox: 0.0456  aux_1_loss_giou: 0.1546  aux_2_loss_cls: 0.0802  aux_2_loss_bbox: 0.0377  aux_2_loss_giou: 0.1333  aux_3_loss_cls: 0.0485  aux_3_loss_bbox: 0.0376  aux_3_loss_giou: 0.1320  aux_4_loss_cls: 0.0466  aux_4_loss_bbox: 0.0332  aux_4_loss_giou: 0.1160
2026/08/09 00:02:04 - mmengine - INFO - Epoch(train)  [4][ 300/1750]  lr: 8.5370e-04  eta: 0:32:21  time: 0.1280  data_time: 0.0004  memory: 19085  grad_norm: 0.0193  loss: 1.9805  loss_cls: 0.0377  loss_bbox: 0.0319  loss_giou: 0.1068  loss_quality: 0.0559  aux_0_loss_cls: 0.2488  aux_0_loss_bbox: 0.1053  aux_0_loss_giou: 0.3212  aux_1_loss_cls: 0.1639  aux_1_loss_bbox: 0.0506  aux_1_loss_giou: 0.1652  aux_2_loss_cls: 0.0808  aux_2_loss_bbox: 0.0433  aux_2_loss_giou: 0.1440  aux_3_loss_cls: 0.0480  aux_3_loss_bbox: 0.0409  aux_3_loss_giou: 0.1377  aux_4_loss_cls: 0.0458  aux_4_loss_bbox: 0.0350  aux_4_loss_giou: 0.1179
2026/08/09 00:02:11 - mmengine - INFO - Epoch(train)  [4][ 350/1750]  lr: 8.5370e-04  eta: 0:32:17  time: 0.1444  data_time: 0.0004  memory: 5424  grad_norm: 0.0190  loss: 1.9515  loss_cls: 0.0355  loss_bbox: 0.0302  loss_giou: 0.1061  loss_quality: 0.0570  aux_0_loss_cls: 0.2579  aux_0_loss_bbox: 0.0933  aux_0_loss_giou: 0.3052  aux_1_loss_cls: 0.1754  aux_1_loss_bbox: 0.0455  aux_1_loss_giou: 0.1595  aux_2_loss_cls: 0.0802  aux_2_loss_bbox: 0.0392  aux_2_loss_giou: 0.1406  aux_3_loss_cls: 0.0493  aux_3_loss_bbox: 0.0386  aux_3_loss_giou: 0.1384  aux_4_loss_cls: 0.0459  aux_4_loss_bbox: 0.0339  aux_4_loss_giou: 0.1197
2026/08/09 00:02:16 - mmengine - INFO - Epoch(train)  [4][ 400/1750]  lr: 8.5370e-04  eta: 0:32:08  time: 0.1060  data_time: 0.0004  memory: 3072  grad_norm: 0.0176  loss: 1.9373  loss_cls: 0.0343  loss_bbox: 0.0313  loss_giou: 0.1054  loss_quality: 0.0568  aux_0_loss_cls: 0.2446  aux_0_loss_bbox: 0.1011  aux_0_loss_giou: 0.3131  aux_1_loss_cls: 0.1613  aux_1_loss_bbox: 0.0494  aux_1_loss_giou: 0.1604  aux_2_loss_cls: 0.0790  aux_2_loss_bbox: 0.0417  aux_2_loss_giou: 0.1404  aux_3_loss_cls: 0.0457  aux_3_loss_bbox: 0.0406  aux_3_loss_giou: 0.1355  aux_4_loss_cls: 0.0436  aux_4_loss_bbox: 0.0352  aux_4_loss_giou: 0.1180
2026/08/09 00:02:25 - mmengine - INFO - Epoch(train)  [4][ 450/1750]  lr: 8.5370e-04  eta: 0:32:07  time: 0.1684  data_time: 0.0004  memory: 19283  grad_norm: 0.0195  loss: 1.9064  loss_cls: 0.0339  loss_bbox: 0.0291  loss_giou: 0.1059  loss_quality: 0.0566  aux_0_loss_cls: 0.2471  aux_0_loss_bbox: 0.0950  aux_0_loss_giou: 0.3093  aux_1_loss_cls: 0.1641  aux_1_loss_bbox: 0.0444  aux_1_loss_giou: 0.1560  aux_2_loss_cls: 0.0797  aux_2_loss_bbox: 0.0376  aux_2_loss_giou: 0.1371  aux_3_loss_cls: 0.0454  aux_3_loss_bbox: 0.0374  aux_3_loss_giou: 0.1343  aux_4_loss_cls: 0.0421  aux_4_loss_bbox: 0.0329  aux_4_loss_giou: 0.1185
2026/08/09 00:02:31 - mmengine - INFO - Epoch(train)  [4][ 500/1750]  lr: 8.5370e-04  eta: 0:32:00  time: 0.1187  data_time: 0.0004  memory: 10129  grad_norm: 0.0175  loss: 1.9277  loss_cls: 0.0337  loss_bbox: 0.0318  loss_giou: 0.1074  loss_quality: 0.0559  aux_0_loss_cls: 0.2457  aux_0_loss_bbox: 0.0983  aux_0_loss_giou: 0.3116  aux_1_loss_cls: 0.1643  aux_1_loss_bbox: 0.0480  aux_1_loss_giou: 0.1599  aux_2_loss_cls: 0.0791  aux_2_loss_bbox: 0.0401  aux_2_loss_giou: 0.1380  aux_3_loss_cls: 0.0450  aux_3_loss_bbox: 0.0386  aux_3_loss_giou: 0.1322  aux_4_loss_cls: 0.0434  aux_4_loss_bbox: 0.0350  aux_4_loss_giou: 0.1198
2026/08/09 00:02:36 - mmengine - INFO - Epoch(train)  [4][ 550/1750]  lr: 8.5370e-04  eta: 0:31:50  time: 0.0990  data_time: 0.0004  memory: 2793  grad_norm: 0.0171  loss: 1.8448  loss_cls: 0.0304  loss_bbox: 0.0283  loss_giou: 0.1006  loss_quality: 0.0547  aux_0_loss_cls: 0.2388  aux_0_loss_bbox: 0.0959  aux_0_loss_giou: 0.3075  aux_1_loss_cls: 0.1604  aux_1_loss_bbox: 0.0444  aux_1_loss_giou: 0.1517  aux_2_loss_cls: 0.0767  aux_2_loss_bbox: 0.0369  aux_2_loss_giou: 0.1317  aux_3_loss_cls: 0.0412  aux_3_loss_bbox: 0.0357  aux_3_loss_giou: 0.1277  aux_4_loss_cls: 0.0386  aux_4_loss_bbox: 0.0315  aux_4_loss_giou: 0.1120
2026/08/09 00:02:41 - mmengine - INFO - Epoch(train)  [4][ 600/1750]  lr: 8.5370e-04  eta: 0:31:42  time: 0.1094  data_time: 0.0004  memory: 2856  grad_norm: 0.0174  loss: 1.9499  loss_cls: 0.0373  loss_bbox: 0.0317  loss_giou: 0.1054  loss_quality: 0.0557  aux_0_loss_cls: 0.2412  aux_0_loss_bbox: 0.1001  aux_0_loss_giou: 0.3035  aux_1_loss_cls: 0.1681  aux_1_loss_bbox: 0.0502  aux_1_loss_giou: 0.1612  aux_2_loss_cls: 0.0826  aux_2_loss_bbox: 0.0429  aux_2_loss_giou: 0.1421  aux_3_loss_cls: 0.0477  aux_3_loss_bbox: 0.0419  aux_3_loss_giou: 0.1397  aux_4_loss_cls: 0.0457  aux_4_loss_bbox: 0.0357  aux_4_loss_giou: 0.1171
2026/08/09 00:02:47 - mmengine - INFO - Epoch(train)  [4][ 650/1750]  lr: 8.5370e-04  eta: 0:31:35  time: 0.1180  data_time: 0.0004  memory: 2848  grad_norm: 0.0189  loss: 2.0236  loss_cls: 0.0412  loss_bbox: 0.0343  loss_giou: 0.1123  loss_quality: 0.0574  aux_0_loss_cls: 0.2496  aux_0_loss_bbox: 0.1025  aux_0_loss_giou: 0.3134  aux_1_loss_cls: 0.1664  aux_1_loss_bbox: 0.0516  aux_1_loss_giou: 0.1648  aux_2_loss_cls: 0.0841  aux_2_loss_bbox: 0.0438  aux_2_loss_giou: 0.1445  aux_3_loss_cls: 0.0550  aux_3_loss_bbox: 0.0447  aux_3_loss_giou: 0.1458  aux_4_loss_cls: 0.0506  aux_4_loss_bbox: 0.0377  aux_4_loss_giou: 0.1238
2026/08/09 00:02:52 - mmengine - INFO - Epoch(train)  [4][ 700/1750]  lr: 8.5370e-04  eta: 0:31:25  time: 0.0990  data_time: 0.0004  memory: 2983  grad_norm: 0.0172  loss: 1.8963  loss_cls: 0.0328  loss_bbox: 0.0306  loss_giou: 0.1049  loss_quality: 0.0556  aux_0_loss_cls: 0.2376  aux_0_loss_bbox: 0.0976  aux_0_loss_giou: 0.3030  aux_1_loss_cls: 0.1609  aux_1_loss_bbox: 0.0474  aux_1_loss_giou: 0.1579  aux_2_loss_cls: 0.0764  aux_2_loss_bbox: 0.0402  aux_2_loss_giou: 0.1386  aux_3_loss_cls: 0.0440  aux_3_loss_bbox: 0.0392  aux_3_loss_giou: 0.1354  aux_4_loss_cls: 0.0422  aux_4_loss_bbox: 0.0342  aux_4_loss_giou: 0.1177
2026/08/09 00:02:57 - mmengine - INFO - Exp name: capr_quality_final_only_train_24obj_20260808_234630
2026/08/09 00:02:57 - mmengine - INFO - Epoch(train)  [4][ 750/1750]  lr: 8.5370e-04  eta: 0:31:15  time: 0.0991  data_time: 0.0004  memory: 2983  grad_norm: 0.0169  loss: 1.8717  loss_cls: 0.0296  loss_bbox: 0.0293  loss_giou: 0.1004  loss_quality: 0.0543  aux_0_loss_cls: 0.2469  aux_0_loss_bbox: 0.0970  aux_0_loss_giou: 0.3031  aux_1_loss_cls: 0.1642  aux_1_loss_bbox: 0.0468  aux_1_loss_giou: 0.1550  aux_2_loss_cls: 0.0769  aux_2_loss_bbox: 0.0398  aux_2_loss_giou: 0.1371  aux_3_loss_cls: 0.0407  aux_3_loss_bbox: 0.0378  aux_3_loss_giou: 0.1300  aux_4_loss_cls: 0.0385  aux_4_loss_bbox: 0.0328  aux_4_loss_giou: 0.1116
2026/08/09 00:03:02 - mmengine - INFO - Epoch(train)  [4][ 800/1750]  lr: 8.5370e-04  eta: 0:31:07  time: 0.1074  data_time: 0.0004  memory: 2853  grad_norm: 0.0178  loss: 1.8433  loss_cls: 0.0316  loss_bbox: 0.0286  loss_giou: 0.0983  loss_quality: 0.0544  aux_0_loss_cls: 0.2429  aux_0_loss_bbox: 0.0930  aux_0_loss_giou: 0.3027  aux_1_loss_cls: 0.1625  aux_1_loss_bbox: 0.0437  aux_1_loss_giou: 0.1511  aux_2_loss_cls: 0.0765  aux_2_loss_bbox: 0.0371  aux_2_loss_giou: 0.1319  aux_3_loss_cls: 0.0424  aux_3_loss_bbox: 0.0366  aux_3_loss_giou: 0.1287  aux_4_loss_cls: 0.0398  aux_4_loss_bbox: 0.0319  aux_4_loss_giou: 0.1096
2026/08/09 00:03:09 - mmengine - INFO - Epoch(train)  [4][ 850/1750]  lr: 8.5370e-04  eta: 0:31:01  time: 0.1291  data_time: 0.0004  memory: 2885  grad_norm: 0.0196  loss: 1.9556  loss_cls: 0.0354  loss_bbox: 0.0311  loss_giou: 0.1066  loss_quality: 0.0560  aux_0_loss_cls: 0.2480  aux_0_loss_bbox: 0.0998  aux_0_loss_giou: 0.3195  aux_1_loss_cls: 0.1639  aux_1_loss_bbox: 0.0473  aux_1_loss_giou: 0.1592  aux_2_loss_cls: 0.0815  aux_2_loss_bbox: 0.0403  aux_2_loss_giou: 0.1393  aux_3_loss_cls: 0.0502  aux_3_loss_bbox: 0.0403  aux_3_loss_giou: 0.1381  aux_4_loss_cls: 0.0451  aux_4_loss_bbox: 0.0350  aux_4_loss_giou: 0.1188
2026/08/09 00:03:14 - mmengine - INFO - Epoch(train)  [4][ 900/1750]  lr: 8.5370e-04  eta: 0:30:53  time: 0.1091  data_time: 0.0004  memory: 2885  grad_norm: 0.0190  loss: 1.9852  loss_cls: 0.0389  loss_bbox: 0.0320  loss_giou: 0.1082  loss_quality: 0.0578  aux_0_loss_cls: 0.2464  aux_0_loss_bbox: 0.1021  aux_0_loss_giou: 0.3170  aux_1_loss_cls: 0.1646  aux_1_loss_bbox: 0.0499  aux_1_loss_giou: 0.1632  aux_2_loss_cls: 0.0807  aux_2_loss_bbox: 0.0425  aux_2_loss_giou: 0.1423  aux_3_loss_cls: 0.0540  aux_3_loss_bbox: 0.0412  aux_3_loss_giou: 0.1391  aux_4_loss_cls: 0.0484  aux_4_loss_bbox: 0.0358  aux_4_loss_giou: 0.1212
2026/08/09 00:03:20 - mmengine - INFO - Epoch(train)  [4][ 950/1750]  lr: 8.5370e-04  eta: 0:30:46  time: 0.1190  data_time: 0.0004  memory: 3337  grad_norm: 0.0211  loss: 1.9550  loss_cls: 0.0357  loss_bbox: 0.0301  loss_giou: 0.1018  loss_quality: 0.0559  aux_0_loss_cls: 0.2480  aux_0_loss_bbox: 0.0977  aux_0_loss_giou: 0.3061  aux_1_loss_cls: 0.1792  aux_1_loss_bbox: 0.0481  aux_1_loss_giou: 0.1583  aux_2_loss_cls: 0.0886  aux_2_loss_bbox: 0.0411  aux_2_loss_giou: 0.1394  aux_3_loss_cls: 0.0529  aux_3_loss_bbox: 0.0406  aux_3_loss_giou: 0.1384  aux_4_loss_cls: 0.0458  aux_4_loss_bbox: 0.0337  aux_4_loss_giou: 0.1135
2026/08/09 00:03:25 - mmengine - INFO - Epoch(train)  [4][1000/1750]  lr: 8.5370e-04  eta: 0:30:37  time: 0.0981  data_time: 0.0004  memory: 2729  grad_norm: 0.0163  loss: 1.8746  loss_cls: 0.0357  loss_bbox: 0.0302  loss_giou: 0.0999  loss_quality: 0.0556  aux_0_loss_cls: 0.2454  aux_0_loss_bbox: 0.0974  aux_0_loss_giou: 0.2991  aux_1_loss_cls: 0.1598  aux_1_loss_bbox: 0.0458  aux_1_loss_giou: 0.1504  aux_2_loss_cls: 0.0788  aux_2_loss_bbox: 0.0386  aux_2_loss_giou: 0.1314  aux_3_loss_cls: 0.0473  aux_3_loss_bbox: 0.0390  aux_3_loss_giou: 0.1305  aux_4_loss_cls: 0.0451  aux_4_loss_bbox: 0.0337  aux_4_loss_giou: 0.1110
2026/08/09 00:03:31 - mmengine - INFO - Epoch(train)  [4][1050/1750]  lr: 8.5370e-04  eta: 0:30:29  time: 0.1132  data_time: 0.0004  memory: 5811  grad_norm: 0.0166  loss: 1.9459  loss_cls: 0.0331  loss_bbox: 0.0306  loss_giou: 0.1067  loss_quality: 0.0565  aux_0_loss_cls: 0.2476  aux_0_loss_bbox: 0.0991  aux_0_loss_giou: 0.3144  aux_1_loss_cls: 0.1659  aux_1_loss_bbox: 0.0488  aux_1_loss_giou: 0.1635  aux_2_loss_cls: 0.0777  aux_2_loss_bbox: 0.0407  aux_2_loss_giou: 0.1418  aux_3_loss_cls: 0.0456  aux_3_loss_bbox: 0.0399  aux_3_loss_giou: 0.1382  aux_4_loss_cls: 0.0428  aux_4_loss_bbox: 0.0342  aux_4_loss_giou: 0.1188
2026/08/09 00:03:38 - mmengine - INFO - Epoch(train)  [4][1100/1750]  lr: 8.5370e-04  eta: 0:30:24  time: 0.1363  data_time: 0.0004  memory: 2813  grad_norm: 0.0173  loss: 1.9560  loss_cls: 0.0369  loss_bbox: 0.0308  loss_giou: 0.1059  loss_quality: 0.0565  aux_0_loss_cls: 0.2458  aux_0_loss_bbox: 0.0990  aux_0_loss_giou: 0.3168  aux_1_loss_cls: 0.1645  aux_1_loss_bbox: 0.0474  aux_1_loss_giou: 0.1608  aux_2_loss_cls: 0.0802  aux_2_loss_bbox: 0.0402  aux_2_loss_giou: 0.1395  aux_3_loss_cls: 0.0517  aux_3_loss_bbox: 0.0401  aux_3_loss_giou: 0.1398  aux_4_loss_cls: 0.0470  aux_4_loss_bbox: 0.0347  aux_4_loss_giou: 0.1187
2026/08/09 00:03:43 - mmengine - INFO - Epoch(train)  [4][1150/1750]  lr: 8.5370e-04  eta: 0:30:16  time: 0.1045  data_time: 0.0004  memory: 2661  grad_norm: 0.0167  loss: 2.0090  loss_cls: 0.0368  loss_bbox: 0.0322  loss_giou: 0.1108  loss_quality: 0.0575  aux_0_loss_cls: 0.2465  aux_0_loss_bbox: 0.1027  aux_0_loss_giou: 0.3243  aux_1_loss_cls: 0.1630  aux_1_loss_bbox: 0.0504  aux_1_loss_giou: 0.1714  aux_2_loss_cls: 0.0808  aux_2_loss_bbox: 0.0431  aux_2_loss_giou: 0.1493  aux_3_loss_cls: 0.0488  aux_3_loss_bbox: 0.0414  aux_3_loss_giou: 0.1444  aux_4_loss_cls: 0.0464  aux_4_loss_bbox: 0.0360  aux_4_loss_giou: 0.1232
2026/08/09 00:03:49 - mmengine - INFO - Epoch(train)  [4][1200/1750]  lr: 8.5370e-04  eta: 0:30:09  time: 0.1155  data_time: 0.0004  memory: 2685  grad_norm: 0.0172  loss: 1.9490  loss_cls: 0.0341  loss_bbox: 0.0316  loss_giou: 0.1053  loss_quality: 0.0556  aux_0_loss_cls: 0.2548  aux_0_loss_bbox: 0.1009  aux_0_loss_giou: 0.3153  aux_1_loss_cls: 0.1651  aux_1_loss_bbox: 0.0487  aux_1_loss_giou: 0.1609  aux_2_loss_cls: 0.0786  aux_2_loss_bbox: 0.0399  aux_2_loss_giou: 0.1374  aux_3_loss_cls: 0.0476  aux_3_loss_bbox: 0.0398  aux_3_loss_giou: 0.1360  aux_4_loss_cls: 0.0439  aux_4_loss_bbox: 0.0352  aux_4_loss_giou: 0.1180
2026/08/09 00:03:54 - mmengine - INFO - Epoch(train)  [4][1250/1750]  lr: 8.5370e-04  eta: 0:30:02  time: 0.1171  data_time: 0.0004  memory: 2848  grad_norm: 0.0171  loss: 1.9651  loss_cls: 0.0353  loss_bbox: 0.0325  loss_giou: 0.1083  loss_quality: 0.0563  aux_0_loss_cls: 0.2505  aux_0_loss_bbox: 0.1033  aux_0_loss_giou: 0.3102  aux_1_loss_cls: 0.1651  aux_1_loss_bbox: 0.0494  aux_1_loss_giou: 0.1604  aux_2_loss_cls: 0.0798  aux_2_loss_bbox: 0.0425  aux_2_loss_giou: 0.1416  aux_3_loss_cls: 0.0478  aux_3_loss_bbox: 0.0418  aux_3_loss_giou: 0.1399  aux_4_loss_cls: 0.0438  aux_4_loss_bbox: 0.0365  aux_4_loss_giou: 0.1200
2026/08/09 00:04:00 - mmengine - INFO - Epoch(train)  [4][1300/1750]  lr: 8.5370e-04  eta: 0:29:54  time: 0.1100  data_time: 0.0004  memory: 3015  grad_norm: 0.0199  loss: 2.0014  loss_cls: 0.0391  loss_bbox: 0.0328  loss_giou: 0.1123  loss_quality: 0.0584  aux_0_loss_cls: 0.2458  aux_0_loss_bbox: 0.1016  aux_0_loss_giou: 0.3180  aux_1_loss_cls: 0.1668  aux_1_loss_bbox: 0.0500  aux_1_loss_giou: 0.1668  aux_2_loss_cls: 0.0808  aux_2_loss_bbox: 0.0421  aux_2_loss_giou: 0.1465  aux_3_loss_cls: 0.0506  aux_3_loss_bbox: 0.0409  aux_3_loss_giou: 0.1406  aux_4_loss_cls: 0.0474  aux_4_loss_bbox: 0.0364  aux_4_loss_giou: 0.1244
2026/08/09 00:04:05 - mmengine - INFO - Epoch(train)  [4][1350/1750]  lr: 8.5370e-04  eta: 0:29:45  time: 0.0986  data_time: 0.0003  memory: 2851  grad_norm: 0.0181  loss: 1.9219  loss_cls: 0.0324  loss_bbox: 0.0312  loss_giou: 0.1054  loss_quality: 0.0552  aux_0_loss_cls: 0.2399  aux_0_loss_bbox: 0.1008  aux_0_loss_giou: 0.3126  aux_1_loss_cls: 0.1592  aux_1_loss_bbox: 0.0479  aux_1_loss_giou: 0.1612  aux_2_loss_cls: 0.0782  aux_2_loss_bbox: 0.0410  aux_2_loss_giou: 0.1418  aux_3_loss_cls: 0.0478  aux_3_loss_bbox: 0.0394  aux_3_loss_giou: 0.1355  aux_4_loss_cls: 0.0408  aux_4_loss_bbox: 0.0346  aux_4_loss_giou: 0.1168
2026/08/09 00:04:10 - mmengine - INFO - Epoch(train)  [4][1400/1750]  lr: 8.5370e-04  eta: 0:29:36  time: 0.0994  data_time: 0.0004  memory: 2740  grad_norm: 0.0177  loss: 1.9468  loss_cls: 0.0342  loss_bbox: 0.0311  loss_giou: 0.1060  loss_quality: 0.0568  aux_0_loss_cls: 0.2434  aux_0_loss_bbox: 0.1002  aux_0_loss_giou: 0.3120  aux_1_loss_cls: 0.1646  aux_1_loss_bbox: 0.0485  aux_1_loss_giou: 0.1600  aux_2_loss_cls: 0.0801  aux_2_loss_bbox: 0.0414  aux_2_loss_giou: 0.1406  aux_3_loss_cls: 0.0498  aux_3_loss_bbox: 0.0406  aux_3_loss_giou: 0.1366  aux_4_loss_cls: 0.0458  aux_4_loss_bbox: 0.0352  aux_4_loss_giou: 0.1199
2026/08/09 00:04:16 - mmengine - INFO - Epoch(train)  [4][1450/1750]  lr: 8.5370e-04  eta: 0:29:30  time: 0.1285  data_time: 0.0004  memory: 19164  grad_norm: 0.0176  loss: 1.9357  loss_cls: 0.0379  loss_bbox: 0.0312  loss_giou: 0.1045  loss_quality: 0.0564  aux_0_loss_cls: 0.2478  aux_0_loss_bbox: 0.1028  aux_0_loss_giou: 0.3174  aux_1_loss_cls: 0.1660  aux_1_loss_bbox: 0.0467  aux_1_loss_giou: 0.1520  aux_2_loss_cls: 0.0829  aux_2_loss_bbox: 0.0392  aux_2_loss_giou: 0.1313  aux_3_loss_cls: 0.0503  aux_3_loss_bbox: 0.0397  aux_3_loss_giou: 0.1321  aux_4_loss_cls: 0.0460  aux_4_loss_bbox: 0.0349  aux_4_loss_giou: 0.1166
2026/08/09 00:04:22 - mmengine - INFO - Epoch(train)  [4][1500/1750]  lr: 8.5370e-04  eta: 0:29:22  time: 0.1069  data_time: 0.0004  memory: 2663  grad_norm: 0.0217  loss: 1.9676  loss_cls: 0.0347  loss_bbox: 0.0305  loss_giou: 0.1083  loss_quality: 0.0572  aux_0_loss_cls: 0.2452  aux_0_loss_bbox: 0.0997  aux_0_loss_giou: 0.3220  aux_1_loss_cls: 0.1648  aux_1_loss_bbox: 0.0480  aux_1_loss_giou: 0.1652  aux_2_loss_cls: 0.0806  aux_2_loss_bbox: 0.0403  aux_2_loss_giou: 0.1435  aux_3_loss_cls: 0.0495  aux_3_loss_bbox: 0.0389  aux_3_loss_giou: 0.1388  aux_4_loss_cls: 0.0447  aux_4_loss_bbox: 0.0344  aux_4_loss_giou: 0.1216
2026/08/09 00:04:28 - mmengine - INFO - Epoch(train)  [4][1550/1750]  lr: 8.5370e-04  eta: 0:29:16  time: 0.1209  data_time: 0.0004  memory: 2632  grad_norm: 0.0176  loss: 1.9368  loss_cls: 0.0344  loss_bbox: 0.0303  loss_giou: 0.1084  loss_quality: 0.0567  aux_0_loss_cls: 0.2425  aux_0_loss_bbox: 0.0943  aux_0_loss_giou: 0.3086  aux_1_loss_cls: 0.1660  aux_1_loss_bbox: 0.0473  aux_1_loss_giou: 0.1649  aux_2_loss_cls: 0.0774  aux_2_loss_bbox: 0.0396  aux_2_loss_giou: 0.1432  aux_3_loss_cls: 0.0461  aux_3_loss_bbox: 0.0389  aux_3_loss_giou: 0.1395  aux_4_loss_cls: 0.0436  aux_4_loss_bbox: 0.0338  aux_4_loss_giou: 0.1211
2026/08/09 00:04:34 - mmengine - INFO - Epoch(train)  [4][1600/1750]  lr: 8.5370e-04  eta: 0:29:09  time: 0.1175  data_time: 0.0004  memory: 2704  grad_norm: 0.0169  loss: 1.8871  loss_cls: 0.0308  loss_bbox: 0.0301  loss_giou: 0.1004  loss_quality: 0.0540  aux_0_loss_cls: 0.2439  aux_0_loss_bbox: 0.0999  aux_0_loss_giou: 0.3093  aux_1_loss_cls: 0.1657  aux_1_loss_bbox: 0.0465  aux_1_loss_giou: 0.1539  aux_2_loss_cls: 0.0788  aux_2_loss_bbox: 0.0392  aux_2_loss_giou: 0.1323  aux_3_loss_cls: 0.0468  aux_3_loss_bbox: 0.0382  aux_3_loss_giou: 0.1295  aux_4_loss_cls: 0.0422  aux_4_loss_bbox: 0.0334  aux_4_loss_giou: 0.1122
2026/08/09 00:04:40 - mmengine - INFO - Epoch(train)  [4][1650/1750]  lr: 8.5370e-04  eta: 0:29:04  time: 0.1376  data_time: 0.0004  memory: 9774  grad_norm: 0.0182  loss: 1.9465  loss_cls: 0.0355  loss_bbox: 0.0320  loss_giou: 0.1073  loss_quality: 0.0568  aux_0_loss_cls: 0.2454  aux_0_loss_bbox: 0.0996  aux_0_loss_giou: 0.3115  aux_1_loss_cls: 0.1659  aux_1_loss_bbox: 0.0480  aux_1_loss_giou: 0.1594  aux_2_loss_cls: 0.0815  aux_2_loss_bbox: 0.0405  aux_2_loss_giou: 0.1386  aux_3_loss_cls: 0.0487  aux_3_loss_bbox: 0.0405  aux_3_loss_giou: 0.1363  aux_4_loss_cls: 0.0450  aux_4_loss_bbox: 0.0353  aux_4_loss_giou: 0.1187
2026/08/09 00:04:47 - mmengine - INFO - Epoch(train)  [4][1700/1750]  lr: 8.5370e-04  eta: 0:28:59  time: 0.1339  data_time: 0.0004  memory: 10461  grad_norm: 0.0190  loss: 1.9917  loss_cls: 0.0372  loss_bbox: 0.0323  loss_giou: 0.1104  loss_quality: 0.0574  aux_0_loss_cls: 0.2507  aux_0_loss_bbox: 0.0980  aux_0_loss_giou: 0.3182  aux_1_loss_cls: 0.1735  aux_1_loss_bbox: 0.0484  aux_1_loss_giou: 0.1633  aux_2_loss_cls: 0.0856  aux_2_loss_bbox: 0.0415  aux_2_loss_giou: 0.1429  aux_3_loss_cls: 0.0491  aux_3_loss_bbox: 0.0411  aux_3_loss_giou: 0.1409  aux_4_loss_cls: 0.0450  aux_4_loss_bbox: 0.0354  aux_4_loss_giou: 0.1209
2026/08/09 00:04:52 - mmengine - INFO - Exp name: capr_quality_final_only_train_24obj_20260808_234630
2026/08/09 00:04:52 - mmengine - INFO - Epoch(train)  [4][1750/1750]  lr: 8.5370e-04  eta: 0:28:51  time: 0.1006  data_time: 0.0003  memory: 2982  grad_norm: 0.0175  loss: 1.9723  loss_cls: 0.0398  loss_bbox: 0.0313  loss_giou: 0.1066  loss_quality: 0.0569  aux_0_loss_cls: 0.2522  aux_0_loss_bbox: 0.1001  aux_0_loss_giou: 0.3156  aux_1_loss_cls: 0.1636  aux_1_loss_bbox: 0.0482  aux_1_loss_giou: 0.1597  aux_2_loss_cls: 0.0827  aux_2_loss_bbox: 0.0417  aux_2_loss_giou: 0.1412  aux_3_loss_cls: 0.0508  aux_3_loss_bbox: 0.0411  aux_3_loss_giou: 0.1377  aux_4_loss_cls: 0.0490  aux_4_loss_bbox: 0.0352  aux_4_loss_giou: 0.1189
2026/08/09 00:04:52 - mmengine - INFO - Saving checkpoint at 4 epochs
2026/08/09 00:05:00 - mmengine - INFO - Epoch(val)  [4][ 50/500]    eta: 0:00:56  time: 0.1249  data_time: 0.0005  memory: 808  
2026/08/09 00:05:06 - mmengine - INFO - Epoch(val)  [4][100/500]    eta: 0:00:49  time: 0.1243  data_time: 0.0002  memory: 805  
2026/08/09 00:05:13 - mmengine - INFO - Epoch(val)  [4][150/500]    eta: 0:00:43  time: 0.1248  data_time: 0.0002  memory: 822  
2026/08/09 00:05:19 - mmengine - INFO - Epoch(val)  [4][200/500]    eta: 0:00:37  time: 0.1261  data_time: 0.0002  memory: 822  
2026/08/09 00:05:25 - mmengine - INFO - Epoch(val)  [4][250/500]    eta: 0:00:31  time: 0.1255  data_time: 0.0002  memory: 822  
2026/08/09 00:05:32 - mmengine - INFO - Epoch(val)  [4][300/500]    eta: 0:00:25  time: 0.1266  data_time: 0.0002  memory: 822  
2026/08/09 00:05:38 - mmengine - INFO - Epoch(val)  [4][350/500]    eta: 0:00:18  time: 0.1252  data_time: 0.0002  memory: 805  
2026/08/09 00:05:44 - mmengine - INFO - Epoch(val)  [4][400/500]    eta: 0:00:12  time: 0.1248  data_time: 0.0002  memory: 808  
2026/08/09 00:05:50 - mmengine - INFO - Epoch(val)  [4][450/500]    eta: 0:00:06  time: 0.1247  data_time: 0.0002  memory: 822  
2026/08/09 00:05:57 - mmengine - INFO - Epoch(val)  [4][500/500]    eta: 0:00:00  time: 0.1262  data_time: 0.0002  memory: 814  
2026/08/09 00:05:58 - mmengine - INFO - Evaluating bbox...
2026/08/09 00:06:05 - mmengine - INFO - 
+----------+-------+--------+--------+-------+-------+-------+
| category | mAP   | mAP_50 | mAP_75 | mAP_s | mAP_m | mAP_l |
+----------+-------+--------+--------+-------+-------+-------+
| A1       | 0.92  | 0.99   | 0.98   | nan   | 0.89  | 0.929 |
| A2       | 0.915 | 0.989  | 0.978  | nan   | 0.881 | 0.926 |
| A3       | 0.913 | 0.997  | 0.989  | nan   | 0.897 | 0.937 |
| B4       | 0.913 | 0.995  | 0.984  | nan   | 0.899 | 0.944 |
| B5       | 0.914 | 0.989  | 0.989  | nan   | 0.904 | 0.949 |
| C6       | 0.909 | 0.99   | 0.989  | nan   | 0.903 | 0.943 |
| C7       | 0.899 | 0.99   | 0.98   | nan   | 0.896 | 0.927 |
| C8       | 0.897 | 0.99   | 0.988  | nan   | 0.895 | 0.949 |
| C9       | 0.886 | 0.99   | 0.979  | nan   | 0.885 | 0.947 |
| C10      | 0.888 | 0.99   | 0.979  | nan   | 0.887 | 0.953 |
| C11      | 0.885 | 0.99   | 0.979  | nan   | 0.884 | 0.929 |
| C12      | 0.896 | 0.99   | 0.989  | nan   | 0.894 | 0.967 |
| D13      | 0.863 | 0.989  | 0.978  | nan   | 0.863 | 0.5   |
| D14      | 0.861 | 0.99   | 0.975  | nan   | 0.861 | nan   |
| D15      | 0.85  | 0.987  | 0.966  | nan   | 0.85  | nan   |
| E16      | 0.86  | 0.989  | 0.987  | nan   | 0.86  | nan   |
| E17      | 0.85  | 0.989  | 0.978  | nan   | 0.85  | nan   |
| E18      | 0.842 | 0.989  | 0.959  | nan   | 0.842 | nan   |
| F19      | 0.825 | 0.989  | 0.96   | 0.619 | 0.827 | nan   |
| F20      | 0.827 | 0.99   | 0.959  | 0.3   | 0.828 | nan   |
| G21      | 0.797 | 0.989  | 0.948  | 0.651 | 0.804 | nan   |
| G22      | 0.797 | 0.987  | 0.939  | 0.568 | 0.803 | nan   |
| X        | 0.886 | 0.984  | 0.978  | nan   | 0.886 | 0.896 |
| Y        | 0.786 | 0.974  | 0.921  | 0.534 | 0.8   | nan   |
+----------+-------+--------+--------+-------+-------+-------+
2026/08/09 00:06:05 - mmengine - INFO - bbox_mAP_copypaste: 0.870 0.989 0.973 0.534 0.866 0.907
2026/08/09 00:06:05 - mmengine - INFO - Epoch(val) [4][500/500]    coco/A1_precision: 0.9200  coco/A1_mAP_50: 0.9900  coco/A1_mAP_75: 0.9800  coco/A1_mAP_s: nan  coco/A1_mAP_m: 0.8900  coco/A1_mAP_l: 0.9290  coco/A2_precision: 0.9150  coco/A2_mAP_50: 0.9890  coco/A2_mAP_75: 0.9780  coco/A2_mAP_s: nan  coco/A2_mAP_m: 0.8810  coco/A2_mAP_l: 0.9260  coco/A3_precision: 0.9130  coco/A3_mAP_50: 0.9970  coco/A3_mAP_75: 0.9890  coco/A3_mAP_s: nan  coco/A3_mAP_m: 0.8970  coco/A3_mAP_l: 0.9370  coco/B4_precision: 0.9130  coco/B4_mAP_50: 0.9950  coco/B4_mAP_75: 0.9840  coco/B4_mAP_s: nan  coco/B4_mAP_m: 0.8990  coco/B4_mAP_l: 0.9440  coco/B5_precision: 0.9140  coco/B5_mAP_50: 0.9890  coco/B5_mAP_75: 0.9890  coco/B5_mAP_s: nan  coco/B5_mAP_m: 0.9040  coco/B5_mAP_l: 0.9490  coco/C6_precision: 0.9090  coco/C6_mAP_50: 0.9900  coco/C6_mAP_75: 0.9890  coco/C6_mAP_s: nan  coco/C6_mAP_m: 0.9030  coco/C6_mAP_l: 0.9430  coco/C7_precision: 0.8990  coco/C7_mAP_50: 0.9900  coco/C7_mAP_75: 0.9800  coco/C7_mAP_s: nan  coco/C7_mAP_m: 0.8960  coco/C7_mAP_l: 0.9270  coco/C8_precision: 0.8970  coco/C8_mAP_50: 0.9900  coco/C8_mAP_75: 0.9880  coco/C8_mAP_s: nan  coco/C8_mAP_m: 0.8950  coco/C8_mAP_l: 0.9490  coco/C9_precision: 0.8860  coco/C9_mAP_50: 0.9900  coco/C9_mAP_75: 0.9790  coco/C9_mAP_s: nan  coco/C9_mAP_m: 0.8850  coco/C9_mAP_l: 0.9470  coco/C10_precision: 0.8880  coco/C10_mAP_50: 0.9900  coco/C10_mAP_75: 0.9790  coco/C10_mAP_s: nan  coco/C10_mAP_m: 0.8870  coco/C10_mAP_l: 0.9530  coco/C11_precision: 0.8850  coco/C11_mAP_50: 0.9900  coco/C11_mAP_75: 0.9790  coco/C11_mAP_s: nan  coco/C11_mAP_m: 0.8840  coco/C11_mAP_l: 0.9290  coco/C12_precision: 0.8960  coco/C12_mAP_50: 0.9900  coco/C12_mAP_75: 0.9890  coco/C12_mAP_s: nan  coco/C12_mAP_m: 0.8940  coco/C12_mAP_l: 0.9670  coco/D13_precision: 0.8630  coco/D13_mAP_50: 0.9890  coco/D13_mAP_75: 0.9780  coco/D13_mAP_s: nan  coco/D13_mAP_m: 0.8630  coco/D13_mAP_l: 0.5000  coco/D14_precision: 0.8610  coco/D14_mAP_50: 0.9900  coco/D14_mAP_75: 0.9750  coco/D14_mAP_s: nan  coco/D14_mAP_m: 0.8610  coco/D14_mAP_l: nan  coco/D15_precision: 0.8500  coco/D15_mAP_50: 0.9870  coco/D15_mAP_75: 0.9660  coco/D15_mAP_s: nan  coco/D15_mAP_m: 0.8500  coco/D15_mAP_l: nan  coco/E16_precision: 0.8600  coco/E16_mAP_50: 0.9890  coco/E16_mAP_75: 0.9870  coco/E16_mAP_s: nan  coco/E16_mAP_m: 0.8600  coco/E16_mAP_l: nan  coco/E17_precision: 0.8500  coco/E17_mAP_50: 0.9890  coco/E17_mAP_75: 0.9780  coco/E17_mAP_s: nan  coco/E17_mAP_m: 0.8500  coco/E17_mAP_l: nan  coco/E18_precision: 0.8420  coco/E18_mAP_50: 0.9890  coco/E18_mAP_75: 0.9590  coco/E18_mAP_s: nan  coco/E18_mAP_m: 0.8420  coco/E18_mAP_l: nan  coco/F19_precision: 0.8250  coco/F19_mAP_50: 0.9890  coco/F19_mAP_75: 0.9600  coco/F19_mAP_s: 0.6190  coco/F19_mAP_m: 0.8270  coco/F19_mAP_l: nan  coco/F20_precision: 0.8270  coco/F20_mAP_50: 0.9900  coco/F20_mAP_75: 0.9590  coco/F20_mAP_s: 0.3000  coco/F20_mAP_m: 0.8280  coco/F20_mAP_l: nan  coco/G21_precision: 0.7970  coco/G21_mAP_50: 0.9890  coco/G21_mAP_75: 0.9480  coco/G21_mAP_s: 0.6510  coco/G21_mAP_m: 0.8040  coco/G21_mAP_l: nan  coco/G22_precision: 0.7970  coco/G22_mAP_50: 0.9870  coco/G22_mAP_75: 0.9390  coco/G22_mAP_s: 0.5680  coco/G22_mAP_m: 0.8030  coco/G22_mAP_l: nan  coco/X_precision: 0.8860  coco/X_mAP_50: 0.9840  coco/X_mAP_75: 0.9780  coco/X_mAP_s: nan  coco/X_mAP_m: 0.8860  coco/X_mAP_l: 0.8960  coco/Y_precision: 0.7860  coco/Y_mAP_50: 0.9740  coco/Y_mAP_75: 0.9210  coco/Y_mAP_s: 0.5340  coco/Y_mAP_m: 0.8000  coco/Y_mAP_l: nan  coco/bbox_mAP: 0.8700  coco/bbox_mAP_50: 0.9890  coco/bbox_mAP_75: 0.9730  coco/bbox_mAP_s: 0.5340  coco/bbox_mAP_m: 0.8660  coco/bbox_mAP_l: 0.9070  data_time: 0.0002  time: 0.1253
2026/08/09 00:06:10 - mmengine - INFO - Epoch(train)  [5][  50/1750]  lr: 7.5025e-04  eta: 0:28:42  time: 0.1002  data_time: 0.0011  memory: 2762  grad_norm: 0.0160  loss: 1.9093  loss_cls: 0.0370  loss_bbox: 0.0324  loss_giou: 0.1031  loss_quality: 0.0545  aux_0_loss_cls: 0.2416  aux_0_loss_bbox: 0.1006  aux_0_loss_giou: 0.3052  aux_1_loss_cls: 0.1602  aux_1_loss_bbox: 0.0483  aux_1_loss_giou: 0.1530  aux_2_loss_cls: 0.0792  aux_2_loss_bbox: 0.0414  aux_2_loss_giou: 0.1342  aux_3_loss_cls: 0.0475  aux_3_loss_bbox: 0.0404  aux_3_loss_giou: 0.1324  aux_4_loss_cls: 0.0452  aux_4_loss_bbox: 0.0365  aux_4_loss_giou: 0.1167
2026/08/09 00:06:15 - mmengine - INFO - Epoch(train)  [5][ 100/1750]  lr: 7.5025e-04  eta: 0:28:34  time: 0.0993  data_time: 0.0004  memory: 2883  grad_norm: 0.0188  loss: 1.9928  loss_cls: 0.0379  loss_bbox: 0.0337  loss_giou: 0.1092  loss_quality: 0.0568  aux_0_loss_cls: 0.2486  aux_0_loss_bbox: 0.1033  aux_0_loss_giou: 0.3184  aux_1_loss_cls: 0.1642  aux_1_loss_bbox: 0.0506  aux_1_loss_giou: 0.1653  aux_2_loss_cls: 0.0800  aux_2_loss_bbox: 0.0431  aux_2_loss_giou: 0.1442  aux_3_loss_cls: 0.0474  aux_3_loss_bbox: 0.0422  aux_3_loss_giou: 0.1406  aux_4_loss_cls: 0.0464  aux_4_loss_bbox: 0.0377  aux_4_loss_giou: 0.1232
2026/08/09 00:06:20 - mmengine - INFO - Epoch(train)  [5][ 150/1750]  lr: 7.5025e-04  eta: 0:28:26  time: 0.1065  data_time: 0.0003  memory: 2820  grad_norm: 0.0185  loss: 1.9783  loss_cls: 0.0353  loss_bbox: 0.0307  loss_giou: 0.1100  loss_quality: 0.0570  aux_0_loss_cls: 0.2449  aux_0_loss_bbox: 0.0985  aux_0_loss_giou: 0.3208  aux_1_loss_cls: 0.1664  aux_1_loss_bbox: 0.0484  aux_1_loss_giou: 0.1662  aux_2_loss_cls: 0.0825  aux_2_loss_bbox: 0.0410  aux_2_loss_giou: 0.1460  aux_3_loss_cls: 0.0481  aux_3_loss_bbox: 0.0396  aux_3_loss_giou: 0.1430  aux_4_loss_cls: 0.0434  aux_4_loss_bbox: 0.0341  aux_4_loss_giou: 0.1224
2026/08/09 00:06:26 - mmengine - INFO - Epoch(train)  [5][ 200/1750]  lr: 7.5025e-04  eta: 0:28:19  time: 0.1135  data_time: 0.0003  memory: 2614  grad_norm: 0.0183  loss: 1.9519  loss_cls: 0.0366  loss_bbox: 0.0315  loss_giou: 0.1086  loss_quality: 0.0569  aux_0_loss_cls: 0.2433  aux_0_loss_bbox: 0.0988  aux_0_loss_giou: 0.3160  aux_1_loss_cls: 0.1669  aux_1_loss_bbox: 0.0471  aux_1_loss_giou: 0.1591  aux_2_loss_cls: 0.0806  aux_2_loss_bbox: 0.0399  aux_2_loss_giou: 0.1393  aux_3_loss_cls: 0.0494  aux_3_loss_bbox: 0.0402  aux_3_loss_giou: 0.1373  aux_4_loss_cls: 0.0445  aux_4_loss_bbox: 0.0350  aux_4_loss_giou: 0.1207
2026/08/09 00:06:31 - mmengine - INFO - Epoch(train)  [5][ 250/1750]  lr: 7.5025e-04  eta: 0:28:10  time: 0.0978  data_time: 0.0004  memory: 2629  grad_norm: 0.0188  loss: 2.0232  loss_cls: 0.0421  loss_bbox: 0.0330  loss_giou: 0.1114  loss_quality: 0.0578  aux_0_loss_cls: 0.2527  aux_0_loss_bbox: 0.1007  aux_0_loss_giou: 0.3206  aux_1_loss_cls: 0.1691  aux_1_loss_bbox: 0.0498  aux_1_loss_giou: 0.1656  aux_2_loss_cls: 0.0843  aux_2_loss_bbox: 0.0417  aux_2_loss_giou: 0.1440  aux_3_loss_cls: 0.0538  aux_3_loss_bbox: 0.0415  aux_3_loss_giou: 0.1420  aux_4_loss_cls: 0.0514  aux_4_loss_bbox: 0.0368  aux_4_loss_giou: 0.1248
2026/08/09 00:06:36 - mmengine - INFO - Epoch(train)  [5][ 300/1750]  lr: 7.5025e-04  eta: 0:28:02  time: 0.1041  data_time: 0.0004  memory: 9666  grad_norm: 0.0160  loss: 1.9372  loss_cls: 0.0394  loss_bbox: 0.0312  loss_giou: 0.1038  loss_quality: 0.0550  aux_0_loss_cls: 0.2444  aux_0_loss_bbox: 0.0962  aux_0_loss_giou: 0.3037  aux_1_loss_cls: 0.1686  aux_1_loss_bbox: 0.0471  aux_1_loss_giou: 0.1574  aux_2_loss_cls: 0.0824  aux_2_loss_bbox: 0.0411  aux_2_loss_giou: 0.1400  aux_3_loss_cls: 0.0507  aux_3_loss_bbox: 0.0404  aux_3_loss_giou: 0.1363  aux_4_loss_cls: 0.0490  aux_4_loss_bbox: 0.0348  aux_4_loss_giou: 0.1159
2026/08/09 00:06:41 - mmengine - INFO - Epoch(train)  [5][ 350/1750]  lr: 7.5025e-04  eta: 0:27:55  time: 0.1077  data_time: 0.0004  memory: 2847  grad_norm: 0.0191  loss: 1.9056  loss_cls: 0.0342  loss_bbox: 0.0290  loss_giou: 0.1013  loss_quality: 0.0555  aux_0_loss_cls: 0.2474  aux_0_loss_bbox: 0.0994  aux_0_loss_giou: 0.3136  aux_1_loss_cls: 0.1621  aux_1_loss_bbox: 0.0462  aux_1_loss_giou: 0.1560  aux_2_loss_cls: 0.0784  aux_2_loss_bbox: 0.0388  aux_2_loss_giou: 0.1355  aux_3_loss_cls: 0.0480  aux_3_loss_bbox: 0.0380  aux_3_loss_giou: 0.1316  aux_4_loss_cls: 0.0439  aux_4_loss_bbox: 0.0329  aux_4_loss_giou: 0.1138
2026/08/09 00:06:48 - mmengine - INFO - Epoch(train)  [5][ 400/1750]  lr: 7.5025e-04  eta: 0:27:50  time: 0.1391  data_time: 0.0004  memory: 19248  grad_norm: 0.0182  loss: 2.0207  loss_cls: 0.0393  loss_bbox: 0.0342  loss_giou: 0.1100  loss_quality: 0.0568  aux_0_loss_cls: 0.2509  aux_0_loss_bbox: 0.1066  aux_0_loss_giou: 0.3130  aux_1_loss_cls: 0.1705  aux_1_loss_bbox: 0.0525  aux_1_loss_giou: 0.1626  aux_2_loss_cls: 0.0834  aux_2_loss_bbox: 0.0456  aux_2_loss_giou: 0.1448  aux_3_loss_cls: 0.0535  aux_3_loss_bbox: 0.0447  aux_3_loss_giou: 0.1420  aux_4_loss_cls: 0.0480  aux_4_loss_bbox: 0.0387  aux_4_loss_giou: 0.1235
2026/08/09 00:06:53 - mmengine - INFO - Epoch(train)  [5][ 450/1750]  lr: 7.5025e-04  eta: 0:27:42  time: 0.0979  data_time: 0.0004  memory: 2786  grad_norm: 0.0189  loss: 1.8972  loss_cls: 0.0346  loss_bbox: 0.0300  loss_giou: 0.1038  loss_quality: 0.0558  aux_0_loss_cls: 0.2384  aux_0_loss_bbox: 0.0958  aux_0_loss_giou: 0.2990  aux_1_loss_cls: 0.1609  aux_1_loss_bbox: 0.0478  aux_1_loss_giou: 0.1567  aux_2_loss_cls: 0.0795  aux_2_loss_bbox: 0.0412  aux_2_loss_giou: 0.1390  aux_3_loss_cls: 0.0481  aux_3_loss_bbox: 0.0396  aux_3_loss_giou: 0.1340  aux_4_loss_cls: 0.0446  aux_4_loss_bbox: 0.0334  aux_4_loss_giou: 0.1150
2026/08/09 00:07:00 - mmengine - INFO - Epoch(train)  [5][ 500/1750]  lr: 7.5025e-04  eta: 0:27:36  time: 0.1276  data_time: 0.0004  memory: 3106  grad_norm: 0.0171  loss: 1.9115  loss_cls: 0.0370  loss_bbox: 0.0310  loss_giou: 0.1037  loss_quality: 0.0561  aux_0_loss_cls: 0.2468  aux_0_loss_bbox: 0.0996  aux_0_loss_giou: 0.3045  aux_1_loss_cls: 0.1614  aux_1_loss_bbox: 0.0466  aux_1_loss_giou: 0.1537  aux_2_loss_cls: 0.0787  aux_2_loss_bbox: 0.0403  aux_2_loss_giou: 0.1363  aux_3_loss_cls: 0.0472  aux_3_loss_bbox: 0.0400  aux_3_loss_giou: 0.1340  aux_4_loss_cls: 0.0441  aux_4_loss_bbox: 0.0349  aux_4_loss_giou: 0.1158
2026/08/09 00:07:06 - mmengine - INFO - Epoch(train)  [5][ 550/1750]  lr: 7.5025e-04  eta: 0:27:29  time: 0.1193  data_time: 0.0004  memory: 19208  grad_norm: 0.0176  loss: 1.9252  loss_cls: 0.0337  loss_bbox: 0.0310  loss_giou: 0.1033  loss_quality: 0.0558  aux_0_loss_cls: 0.2438  aux_0_loss_bbox: 0.1004  aux_0_loss_giou: 0.3095  aux_1_loss_cls: 0.1612  aux_1_loss_bbox: 0.0486  aux_1_loss_giou: 0.1597  aux_2_loss_cls: 0.0777  aux_2_loss_bbox: 0.0416  aux_2_loss_giou: 0.1407  aux_3_loss_cls: 0.0467  aux_3_loss_bbox: 0.0412  aux_3_loss_giou: 0.1374  aux_4_loss_cls: 0.0422  aux_4_loss_bbox: 0.0348  aux_4_loss_giou: 0.1159
2026/08/09 00:07:11 - mmengine - INFO - Epoch(train)  [5][ 600/1750]  lr: 7.5025e-04  eta: 0:27:22  time: 0.1083  data_time: 0.0004  memory: 2697  grad_norm: 0.0204  loss: 2.0548  loss_cls: 0.0405  loss_bbox: 0.0358  loss_giou: 0.1140  loss_quality: 0.0591  aux_0_loss_cls: 0.2515  aux_0_loss_bbox: 0.1044  aux_0_loss_giou: 0.3156  aux_1_loss_cls: 0.1679  aux_1_loss_bbox: 0.0536  aux_1_loss_giou: 0.1691  aux_2_loss_cls: 0.0866  aux_2_loss_bbox: 0.0465  aux_2_loss_giou: 0.1493  aux_3_loss_cls: 0.0554  aux_3_loss_bbox: 0.0445  aux_3_loss_giou: 0.1435  aux_4_loss_cls: 0.0506  aux_4_loss_bbox: 0.0398  aux_4_loss_giou: 0.1271
2026/08/09 00:07:17 - mmengine - INFO - Epoch(train)  [5][ 650/1750]  lr: 7.5025e-04  eta: 0:27:16  time: 0.1281  data_time: 0.0004  memory: 6208  grad_norm: 0.0160  loss: 1.9158  loss_cls: 0.0344  loss_bbox: 0.0306  loss_giou: 0.1042  loss_quality: 0.0553  aux_0_loss_cls: 0.2494  aux_0_loss_bbox: 0.0971  aux_0_loss_giou: 0.3029  aux_1_loss_cls: 0.1676  aux_1_loss_bbox: 0.0453  aux_1_loss_giou: 0.1518  aux_2_loss_cls: 0.0843  aux_2_loss_bbox: 0.0394  aux_2_loss_giou: 0.1356  aux_3_loss_cls: 0.0520  aux_3_loss_bbox: 0.0382  aux_3_loss_giou: 0.1324  aux_4_loss_cls: 0.0446  aux_4_loss_bbox: 0.0338  aux_4_loss_giou: 0.1168
2026/08/09 00:07:23 - mmengine - INFO - Epoch(train)  [5][ 700/1750]  lr: 7.5025e-04  eta: 0:27:10  time: 0.1155  data_time: 0.0004  memory: 3073  grad_norm: 0.0170  loss: 1.9303  loss_cls: 0.0357  loss_bbox: 0.0296  loss_giou: 0.1042  loss_quality: 0.0570  aux_0_loss_cls: 0.2476  aux_0_loss_bbox: 0.0972  aux_0_loss_giou: 0.3113  aux_1_loss_cls: 0.1658  aux_1_loss_bbox: 0.0469  aux_1_loss_giou: 0.1588  aux_2_loss_cls: 0.0807  aux_2_loss_bbox: 0.0395  aux_2_loss_giou: 0.1388  aux_3_loss_cls: 0.0493  aux_3_loss_bbox: 0.0384  aux_3_loss_giou: 0.1344  aux_4_loss_cls: 0.0450  aux_4_loss_bbox: 0.0336  aux_4_loss_giou: 0.1164
2026/08/09 00:07:28 - mmengine - INFO - Epoch(train)  [5][ 750/1750]  lr: 7.5025e-04  eta: 0:27:01  time: 0.0984  data_time: 0.0004  memory: 2668  grad_norm: 0.0189  loss: 1.9604  loss_cls: 0.0356  loss_bbox: 0.0305  loss_giou: 0.1087  loss_quality: 0.0571  aux_0_loss_cls: 0.2442  aux_0_loss_bbox: 0.0963  aux_0_loss_giou: 0.3097  aux_1_loss_cls: 0.1646  aux_1_loss_bbox: 0.0480  aux_1_loss_giou: 0.1655  aux_2_loss_cls: 0.0812  aux_2_loss_bbox: 0.0407  aux_2_loss_giou: 0.1444  aux_3_loss_cls: 0.0496  aux_3_loss_bbox: 0.0403  aux_3_loss_giou: 0.1420  aux_4_loss_cls: 0.0458  aux_4_loss_bbox: 0.0345  aux_4_loss_giou: 0.1217
2026/08/09 00:07:34 - mmengine - INFO - Epoch(train)  [5][ 800/1750]  lr: 7.5025e-04  eta: 0:26:54  time: 0.1117  data_time: 0.0004  memory: 7151  grad_norm: 0.0181  loss: 1.9790  loss_cls: 0.0390  loss_bbox: 0.0324  loss_giou: 0.1060  loss_quality: 0.0562  aux_0_loss_cls: 0.2518  aux_0_loss_bbox: 0.1010  aux_0_loss_giou: 0.3127  aux_1_loss_cls: 0.1692  aux_1_loss_bbox: 0.0498  aux_1_loss_giou: 0.1611  aux_2_loss_cls: 0.0838  aux_2_loss_bbox: 0.0422  aux_2_loss_giou: 0.1396  aux_3_loss_cls: 0.0512  aux_3_loss_bbox: 0.0413  aux_3_loss_giou: 0.1373  aux_4_loss_cls: 0.0497  aux_4_loss_bbox: 0.0362  aux_4_loss_giou: 0.1186
2026/08/09 00:07:40 - mmengine - INFO - Epoch(train)  [5][ 850/1750]  lr: 7.5025e-04  eta: 0:26:48  time: 0.1202  data_time: 0.0004  memory: 2695  grad_norm: 0.0157  loss: 1.9946  loss_cls: 0.0411  loss_bbox: 0.0319  loss_giou: 0.1102  loss_quality: 0.0575  aux_0_loss_cls: 0.2474  aux_0_loss_bbox: 0.1005  aux_0_loss_giou: 0.3233  aux_1_loss_cls: 0.1657  aux_1_loss_bbox: 0.0482  aux_1_loss_giou: 0.1641  aux_2_loss_cls: 0.0815  aux_2_loss_bbox: 0.0413  aux_2_loss_giou: 0.1430  aux_3_loss_cls: 0.0520  aux_3_loss_bbox: 0.0406  aux_3_loss_giou: 0.1399  aux_4_loss_cls: 0.0486  aux_4_loss_bbox: 0.0352  aux_4_loss_giou: 0.1225
2026/08/09 00:07:45 - mmengine - INFO - Epoch(train)  [5][ 900/1750]  lr: 7.5025e-04  eta: 0:26:41  time: 0.1079  data_time: 0.0004  memory: 2791  grad_norm: 0.0179  loss: 1.9627  loss_cls: 0.0377  loss_bbox: 0.0321  loss_giou: 0.1047  loss_quality: 0.0563  aux_0_loss_cls: 0.2417  aux_0_loss_bbox: 0.1024  aux_0_loss_giou: 0.3132  aux_1_loss_cls: 0.1634  aux_1_loss_bbox: 0.0506  aux_1_loss_giou: 0.1626  aux_2_loss_cls: 0.0783  aux_2_loss_bbox: 0.0426  aux_2_loss_giou: 0.1420  aux_3_loss_cls: 0.0502  aux_3_loss_bbox: 0.0427  aux_3_loss_giou: 0.1411  aux_4_loss_cls: 0.0470  aux_4_loss_bbox: 0.0360  aux_4_loss_giou: 0.1181
2026/08/09 00:07:51 - mmengine - INFO - Epoch(train)  [5][ 950/1750]  lr: 7.5025e-04  eta: 0:26:34  time: 0.1161  data_time: 0.0004  memory: 2961  grad_norm: 0.0188  loss: 2.0123  loss_cls: 0.0397  loss_bbox: 0.0319  loss_giou: 0.1088  loss_quality: 0.0581  aux_0_loss_cls: 0.2548  aux_0_loss_bbox: 0.0978  aux_0_loss_giou: 0.3094  aux_1_loss_cls: 0.1801  aux_1_loss_bbox: 0.0502  aux_1_loss_giou: 0.1659  aux_2_loss_cls: 0.0862  aux_2_loss_bbox: 0.0426  aux_2_loss_giou: 0.1452  aux_3_loss_cls: 0.0532  aux_3_loss_bbox: 0.0416  aux_3_loss_giou: 0.1417  aux_4_loss_cls: 0.0479  aux_4_loss_bbox: 0.0355  aux_4_loss_giou: 0.1218
2026/08/09 00:07:56 - mmengine - INFO - Exp name: capr_quality_final_only_train_24obj_20260808_234630
2026/08/09 00:07:56 - mmengine - INFO - Epoch(train)  [5][1000/1750]  lr: 7.5025e-04  eta: 0:26:27  time: 0.1099  data_time: 0.0004  memory: 6984  grad_norm: 0.0200  loss: 1.9740  loss_cls: 0.0353  loss_bbox: 0.0315  loss_giou: 0.1108  loss_quality: 0.0578  aux_0_loss_cls: 0.2472  aux_0_loss_bbox: 0.0991  aux_0_loss_giou: 0.3182  aux_1_loss_cls: 0.1617  aux_1_loss_bbox: 0.0474  aux_1_loss_giou: 0.1644  aux_2_loss_cls: 0.0813  aux_2_loss_bbox: 0.0409  aux_2_loss_giou: 0.1456  aux_3_loss_cls: 0.0496  aux_3_loss_bbox: 0.0406  aux_3_loss_giou: 0.1418  aux_4_loss_cls: 0.0436  aux_4_loss_bbox: 0.0350  aux_4_loss_giou: 0.1222
2026/08/09 00:08:02 - mmengine - INFO - Epoch(train)  [5][1050/1750]  lr: 7.5025e-04  eta: 0:26:20  time: 0.1076  data_time: 0.0004  memory: 2574  grad_norm: 0.0165  loss: 1.9857  loss_cls: 0.0383  loss_bbox: 0.0318  loss_giou: 0.1058  loss_quality: 0.0564  aux_0_loss_cls: 0.2522  aux_0_loss_bbox: 0.1027  aux_0_loss_giou: 0.3145  aux_1_loss_cls: 0.1683  aux_1_loss_bbox: 0.0509  aux_1_loss_giou: 0.1643  aux_2_loss_cls: 0.0822  aux_2_loss_bbox: 0.0430  aux_2_loss_giou: 0.1434  aux_3_loss_cls: 0.0497  aux_3_loss_bbox: 0.0415  aux_3_loss_giou: 0.1376  aux_4_loss_cls: 0.0488  aux_4_loss_bbox: 0.0360  aux_4_loss_giou: 0.1183
2026/08/09 00:08:07 - mmengine - INFO - Epoch(train)  [5][1100/1750]  lr: 7.5025e-04  eta: 0:26:12  time: 0.1060  data_time: 0.0004  memory: 2847  grad_norm: 0.0201  loss: 1.9282  loss_cls: 0.0345  loss_bbox: 0.0298  loss_giou: 0.1037  loss_quality: 0.0563  aux_0_loss_cls: 0.2461  aux_0_loss_bbox: 0.0973  aux_0_loss_giou: 0.3122  aux_1_loss_cls: 0.1622  aux_1_loss_bbox: 0.0464  aux_1_loss_giou: 0.1598  aux_2_loss_cls: 0.0803  aux_2_loss_bbox: 0.0398  aux_2_loss_giou: 0.1411  aux_3_loss_cls: 0.0475  aux_3_loss_bbox: 0.0390  aux_3_loss_giou: 0.1375  aux_4_loss_cls: 0.0438  aux_4_loss_bbox: 0.0339  aux_4_loss_giou: 0.1171
2026/08/09 00:08:13 - mmengine - INFO - Epoch(train)  [5][1150/1750]  lr: 7.5025e-04  eta: 0:26:07  time: 0.1242  data_time: 0.0004  memory: 3128  grad_norm: 0.0186  loss: 1.9038  loss_cls: 0.0399  loss_bbox: 0.0299  loss_giou: 0.1021  loss_quality: 0.0560  aux_0_loss_cls: 0.2373  aux_0_loss_bbox: 0.0966  aux_0_loss_giou: 0.3055  aux_1_loss_cls: 0.1598  aux_1_loss_bbox: 0.0461  aux_1_loss_giou: 0.1544  aux_2_loss_cls: 0.0789  aux_2_loss_bbox: 0.0384  aux_2_loss_giou: 0.1342  aux_3_loss_cls: 0.0521  aux_3_loss_bbox: 0.0385  aux_3_loss_giou: 0.1344  aux_4_loss_cls: 0.0500  aux_4_loss_bbox: 0.0341  aux_4_loss_giou: 0.1155
2026/08/09 00:08:21 - mmengine - INFO - Epoch(train)  [5][1200/1750]  lr: 7.5025e-04  eta: 0:26:03  time: 0.1494  data_time: 0.0005  memory: 10071  grad_norm: 0.0189  loss: 2.0143  loss_cls: 0.0412  loss_bbox: 0.0323  loss_giou: 0.1106  loss_quality: 0.0579  aux_0_loss_cls: 0.2505  aux_0_loss_bbox: 0.0996  aux_0_loss_giou: 0.3169  aux_1_loss_cls: 0.1694  aux_1_loss_bbox: 0.0489  aux_1_loss_giou: 0.1638  aux_2_loss_cls: 0.0873  aux_2_loss_bbox: 0.0420  aux_2_loss_giou: 0.1440  aux_3_loss_cls: 0.0537  aux_3_loss_bbox: 0.0419  aux_3_loss_giou: 0.1432  aux_4_loss_cls: 0.0500  aux_4_loss_bbox: 0.0366  aux_4_loss_giou: 0.1246
2026/08/09 00:08:26 - mmengine - INFO - Epoch(train)  [5][1250/1750]  lr: 7.5025e-04  eta: 0:25:55  time: 0.1010  data_time: 0.0004  memory: 2792  grad_norm: 0.0180  loss: 1.9623  loss_cls: 0.0344  loss_bbox: 0.0329  loss_giou: 0.1093  loss_quality: 0.0564  aux_0_loss_cls: 0.2473  aux_0_loss_bbox: 0.1024  aux_0_loss_giou: 0.3144  aux_1_loss_cls: 0.1613  aux_1_loss_bbox: 0.0504  aux_1_loss_giou: 0.1632  aux_2_loss_cls: 0.0782  aux_2_loss_bbox: 0.0429  aux_2_loss_giou: 0.1430  aux_3_loss_cls: 0.0458  aux_3_loss_bbox: 0.0418  aux_3_loss_giou: 0.1392  aux_4_loss_cls: 0.0427  aux_4_loss_bbox: 0.0364  aux_4_loss_giou: 0.1202
2026/08/09 00:08:32 - mmengine - INFO - Epoch(train)  [5][1300/1750]  lr: 7.5025e-04  eta: 0:25:49  time: 0.1303  data_time: 0.0004  memory: 5943  grad_norm: 0.0158  loss: 1.9992  loss_cls: 0.0417  loss_bbox: 0.0330  loss_giou: 0.1072  loss_quality: 0.0562  aux_0_loss_cls: 0.2513  aux_0_loss_bbox: 0.1036  aux_0_loss_giou: 0.3142  aux_1_loss_cls: 0.1683  aux_1_loss_bbox: 0.0507  aux_1_loss_giou: 0.1613  aux_2_loss_cls: 0.0867  aux_2_loss_bbox: 0.0427  aux_2_loss_giou: 0.1409  aux_3_loss_cls: 0.0529  aux_3_loss_bbox: 0.0423  aux_3_loss_giou: 0.1388  aux_4_loss_cls: 0.0498  aux_4_loss_bbox: 0.0375  aux_4_loss_giou: 0.1201
2026/08/09 00:08:38 - mmengine - INFO - Epoch(train)  [5][1350/1750]  lr: 7.5025e-04  eta: 0:25:43  time: 0.1165  data_time: 0.0004  memory: 2738  grad_norm: 0.0158  loss: 1.8914  loss_cls: 0.0327  loss_bbox: 0.0296  loss_giou: 0.1032  loss_quality: 0.0551  aux_0_loss_cls: 0.2418  aux_0_loss_bbox: 0.0986  aux_0_loss_giou: 0.3110  aux_1_loss_cls: 0.1611  aux_1_loss_bbox: 0.0464  aux_1_loss_giou: 0.1570  aux_2_loss_cls: 0.0776  aux_2_loss_bbox: 0.0387  aux_2_loss_giou: 0.1357  aux_3_loss_cls: 0.0446  aux_3_loss_bbox: 0.0378  aux_3_loss_giou: 0.1319  aux_4_loss_cls: 0.0416  aux_4_loss_bbox: 0.0328  aux_4_loss_giou: 0.1139
2026/08/09 00:08:44 - mmengine - INFO - Epoch(train)  [5][1400/1750]  lr: 7.5025e-04  eta: 0:25:36  time: 0.1172  data_time: 0.0004  memory: 2985  grad_norm: 0.0186  loss: 1.9806  loss_cls: 0.0397  loss_bbox: 0.0321  loss_giou: 0.1092  loss_quality: 0.0576  aux_0_loss_cls: 0.2456  aux_0_loss_bbox: 0.1001  aux_0_loss_giou: 0.3158  aux_1_loss_cls: 0.1684  aux_1_loss_bbox: 0.0485  aux_1_loss_giou: 0.1610  aux_2_loss_cls: 0.0830  aux_2_loss_bbox: 0.0413  aux_2_loss_giou: 0.1415  aux_3_loss_cls: 0.0499  aux_3_loss_bbox: 0.0406  aux_3_loss_giou: 0.1395  aux_4_loss_cls: 0.0496  aux_4_loss_bbox: 0.0357  aux_4_loss_giou: 0.1213
2026/08/09 00:08:49 - mmengine - INFO - Epoch(train)  [5][1450/1750]  lr: 7.5025e-04  eta: 0:25:29  time: 0.1003  data_time: 0.0004  memory: 2739  grad_norm: 0.0166  loss: 1.9907  loss_cls: 0.0365  loss_bbox: 0.0325  loss_giou: 0.1093  loss_quality: 0.0565  aux_0_loss_cls: 0.2451  aux_0_loss_bbox: 0.1022  aux_0_loss_giou: 0.3185  aux_1_loss_cls: 0.1628  aux_1_loss_bbox: 0.0504  aux_1_loss_giou: 0.1670  aux_2_loss_cls: 0.0811  aux_2_loss_bbox: 0.0429  aux_2_loss_giou: 0.1464  aux_3_loss_cls: 0.0515  aux_3_loss_bbox: 0.0428  aux_3_loss_giou: 0.1442  aux_4_loss_cls: 0.0444  aux_4_loss_bbox: 0.0358  aux_4_loss_giou: 0.1209
2026/08/09 00:08:55 - mmengine - INFO - Epoch(train)  [5][1500/1750]  lr: 7.5025e-04  eta: 0:25:22  time: 0.1127  data_time: 0.0004  memory: 3720  grad_norm: 0.0180  loss: 1.9859  loss_cls: 0.0411  loss_bbox: 0.0336  loss_giou: 0.1088  loss_quality: 0.0562  aux_0_loss_cls: 0.2536  aux_0_loss_bbox: 0.0993  aux_0_loss_giou: 0.3027  aux_1_loss_cls: 0.1755  aux_1_loss_bbox: 0.0492  aux_1_loss_giou: 0.1569  aux_2_loss_cls: 0.0886  aux_2_loss_bbox: 0.0422  aux_2_loss_giou: 0.1384  aux_3_loss_cls: 0.0549  aux_3_loss_bbox: 0.0416  aux_3_loss_giou: 0.1375  aux_4_loss_cls: 0.0490  aux_4_loss_bbox: 0.0369  aux_4_loss_giou: 0.1199
2026/08/09 00:09:01 - mmengine - INFO - Epoch(train)  [5][1550/1750]  lr: 7.5025e-04  eta: 0:25:16  time: 0.1261  data_time: 0.0004  memory: 10014  grad_norm: 0.0191  loss: 2.0186  loss_cls: 0.0395  loss_bbox: 0.0329  loss_giou: 0.1096  loss_quality: 0.0582  aux_0_loss_cls: 0.2527  aux_0_loss_bbox: 0.1039  aux_0_loss_giou: 0.3236  aux_1_loss_cls: 0.1683  aux_1_loss_bbox: 0.0505  aux_1_loss_giou: 0.1654  aux_2_loss_cls: 0.0839  aux_2_loss_bbox: 0.0426  aux_2_loss_giou: 0.1439  aux_3_loss_cls: 0.0523  aux_3_loss_bbox: 0.0424  aux_3_loss_giou: 0.1420  aux_4_loss_cls: 0.0476  aux_4_loss_bbox: 0.0367  aux_4_loss_giou: 0.1223
2026/08/09 00:09:07 - mmengine - INFO - Epoch(train)  [5][1600/1750]  lr: 7.5025e-04  eta: 0:25:10  time: 0.1165  data_time: 0.0004  memory: 10412  grad_norm: 0.0172  loss: 1.8957  loss_cls: 0.0328  loss_bbox: 0.0311  loss_giou: 0.1036  loss_quality: 0.0556  aux_0_loss_cls: 0.2363  aux_0_loss_bbox: 0.0981  aux_0_loss_giou: 0.3026  aux_1_loss_cls: 0.1583  aux_1_loss_bbox: 0.0488  aux_1_loss_giou: 0.1573  aux_2_loss_cls: 0.0786  aux_2_loss_bbox: 0.0418  aux_2_loss_giou: 0.1382  aux_3_loss_cls: 0.0460  aux_3_loss_bbox: 0.0406  aux_3_loss_giou: 0.1347  aux_4_loss_cls: 0.0412  aux_4_loss_bbox: 0.0350  aux_4_loss_giou: 0.1152
2026/08/09 00:09:13 - mmengine - INFO - Epoch(train)  [5][1650/1750]  lr: 7.5025e-04  eta: 0:25:03  time: 0.1155  data_time: 0.0004  memory: 2982  grad_norm: 0.0181  loss: 1.9840  loss_cls: 0.0362  loss_bbox: 0.0325  loss_giou: 0.1074  loss_quality: 0.0568  aux_0_loss_cls: 0.2495  aux_0_loss_bbox: 0.1016  aux_0_loss_giou: 0.3148  aux_1_loss_cls: 0.1688  aux_1_loss_bbox: 0.0500  aux_1_loss_giou: 0.1639  aux_2_loss_cls: 0.0813  aux_2_loss_bbox: 0.0430  aux_2_loss_giou: 0.1439  aux_3_loss_cls: 0.0499  aux_3_loss_bbox: 0.0420  aux_3_loss_giou: 0.1410  aux_4_loss_cls: 0.0447  aux_4_loss_bbox: 0.0363  aux_4_loss_giou: 0.1204
2026/08/09 00:09:19 - mmengine - INFO - Epoch(train)  [5][1700/1750]  lr: 7.5025e-04  eta: 0:24:57  time: 0.1203  data_time: 0.0004  memory: 3072  grad_norm: 0.0204  loss: 1.9607  loss_cls: 0.0413  loss_bbox: 0.0310  loss_giou: 0.1038  loss_quality: 0.0572  aux_0_loss_cls: 0.2527  aux_0_loss_bbox: 0.0950  aux_0_loss_giou: 0.2955  aux_1_loss_cls: 0.1759  aux_1_loss_bbox: 0.0483  aux_1_loss_giou: 0.1582  aux_2_loss_cls: 0.0874  aux_2_loss_bbox: 0.0409  aux_2_loss_giou: 0.1378  aux_3_loss_cls: 0.0581  aux_3_loss_bbox: 0.0405  aux_3_loss_giou: 0.1352  aux_4_loss_cls: 0.0507  aux_4_loss_bbox: 0.0350  aux_4_loss_giou: 0.1163
2026/08/09 00:09:26 - mmengine - INFO - Exp name: capr_quality_final_only_train_24obj_20260808_234630
2026/08/09 00:09:26 - mmengine - INFO - Epoch(train)  [5][1750/1750]  lr: 7.5025e-04  eta: 0:24:52  time: 0.1437  data_time: 0.0003  memory: 19293  grad_norm: 0.0218  loss: 1.9317  loss_cls: 0.0365  loss_bbox: 0.0322  loss_giou: 0.1076  loss_quality: 0.0572  aux_0_loss_cls: 0.2460  aux_0_loss_bbox: 0.0943  aux_0_loss_giou: 0.2972  aux_1_loss_cls: 0.1669  aux_1_loss_bbox: 0.0468  aux_1_loss_giou: 0.1570  aux_2_loss_cls: 0.0811  aux_2_loss_bbox: 0.0405  aux_2_loss_giou: 0.1388  aux_3_loss_cls: 0.0496  aux_3_loss_bbox: 0.0406  aux_3_loss_giou: 0.1376  aux_4_loss_cls: 0.0451  aux_4_loss_bbox: 0.0359  aux_4_loss_giou: 0.1207
2026/08/09 00:09:26 - mmengine - INFO - Saving checkpoint at 5 epochs
2026/08/09 00:09:34 - mmengine - INFO - Epoch(val)  [5][ 50/500]    eta: 0:00:55  time: 0.1240  data_time: 0.0005  memory: 808  
2026/08/09 00:09:40 - mmengine - INFO - Epoch(val)  [5][100/500]    eta: 0:00:49  time: 0.1236  data_time: 0.0002  memory: 805  
2026/08/09 00:09:46 - mmengine - INFO - Epoch(val)  [5][150/500]    eta: 0:00:43  time: 0.1237  data_time: 0.0002  memory: 822  
2026/08/09 00:09:52 - mmengine - INFO - Epoch(val)  [5][200/500]    eta: 0:00:37  time: 0.1238  data_time: 0.0002  memory: 822  
2026/08/09 00:09:58 - mmengine - INFO - Epoch(val)  [5][250/500]    eta: 0:00:30  time: 0.1237  data_time: 0.0002  memory: 822  
2026/08/09 00:10:05 - mmengine - INFO - Epoch(val)  [5][300/500]    eta: 0:00:24  time: 0.1238  data_time: 0.0002  memory: 822  
2026/08/09 00:10:11 - mmengine - INFO - Epoch(val)  [5][350/500]    eta: 0:00:18  time: 0.1236  data_time: 0.0002  memory: 805  
2026/08/09 00:10:17 - mmengine - INFO - Epoch(val)  [5][400/500]    eta: 0:00:12  time: 0.1249  data_time: 0.0002  memory: 808  
2026/08/09 00:10:23 - mmengine - INFO - Epoch(val)  [5][450/500]    eta: 0:00:06  time: 0.1267  data_time: 0.0002  memory: 822  
2026/08/09 00:10:30 - mmengine - INFO - Epoch(val)  [5][500/500]    eta: 0:00:00  time: 0.1265  data_time: 0.0002  memory: 814  
2026/08/09 00:10:31 - mmengine - INFO - Evaluating bbox...
2026/08/09 00:10:38 - mmengine - INFO - 
+----------+-------+--------+--------+-------+-------+-------+
| category | mAP   | mAP_50 | mAP_75 | mAP_s | mAP_m | mAP_l |
+----------+-------+--------+--------+-------+-------+-------+
| A1       | 0.921 | 0.99   | 0.98   | nan   | 0.892 | 0.93  |
| A2       | 0.915 | 0.989  | 0.975  | nan   | 0.878 | 0.926 |
| A3       | 0.912 | 0.99   | 0.979  | nan   | 0.894 | 0.939 |
| B4       | 0.913 | 0.99   | 0.979  | nan   | 0.899 | 0.946 |
| B5       | 0.914 | 0.989  | 0.989  | nan   | 0.905 | 0.946 |
| C6       | 0.911 | 0.99   | 0.989  | nan   | 0.904 | 0.946 |
| C7       | 0.901 | 0.99   | 0.979  | nan   | 0.9   | 0.927 |
| C8       | 0.896 | 0.99   | 0.979  | nan   | 0.894 | 0.95  |
| C9       | 0.886 | 0.99   | 0.979  | nan   | 0.885 | 0.931 |
| C10      | 0.89  | 0.99   | 0.979  | nan   | 0.889 | 0.954 |
| C11      | 0.886 | 0.99   | 0.979  | nan   | 0.885 | 0.919 |
| C12      | 0.899 | 0.999  | 0.989  | nan   | 0.898 | 0.971 |
| D13      | 0.865 | 0.989  | 0.978  | nan   | 0.865 | 0.5   |
| D14      | 0.864 | 0.99   | 0.975  | nan   | 0.864 | nan   |
| D15      | 0.847 | 0.978  | 0.965  | nan   | 0.847 | nan   |
| E16      | 0.861 | 0.99   | 0.989  | nan   | 0.861 | nan   |
| E17      | 0.851 | 0.99   | 0.978  | nan   | 0.851 | nan   |
| E18      | 0.844 | 0.989  | 0.959  | nan   | 0.844 | nan   |
| F19      | 0.824 | 0.989  | 0.96   | 0.652 | 0.825 | nan   |
| F20      | 0.827 | 0.99   | 0.958  | 0.4   | 0.827 | nan   |
| G21      | 0.798 | 0.989  | 0.947  | 0.631 | 0.806 | nan   |
| G22      | 0.796 | 0.986  | 0.927  | 0.558 | 0.801 | nan   |
| X        | 0.887 | 0.984  | 0.978  | nan   | 0.886 | 0.901 |
| Y        | 0.783 | 0.973  | 0.919  | 0.534 | 0.797 | nan   |
+----------+-------+--------+--------+-------+-------+-------+
2026/08/09 00:10:38 - mmengine - INFO - bbox_mAP_copypaste: 0.870 0.988 0.971 0.555 0.866 0.906
2026/08/09 00:10:38 - mmengine - INFO - Epoch(val) [5][500/500]    coco/A1_precision: 0.9210  coco/A1_mAP_50: 0.9900  coco/A1_mAP_75: 0.9800  coco/A1_mAP_s: nan  coco/A1_mAP_m: 0.8920  coco/A1_mAP_l: 0.9300  coco/A2_precision: 0.9150  coco/A2_mAP_50: 0.9890  coco/A2_mAP_75: 0.9750  coco/A2_mAP_s: nan  coco/A2_mAP_m: 0.8780  coco/A2_mAP_l: 0.9260  coco/A3_precision: 0.9120  coco/A3_mAP_50: 0.9900  coco/A3_mAP_75: 0.9790  coco/A3_mAP_s: nan  coco/A3_mAP_m: 0.8940  coco/A3_mAP_l: 0.9390  coco/B4_precision: 0.9130  coco/B4_mAP_50: 0.9900  coco/B4_mAP_75: 0.9790  coco/B4_mAP_s: nan  coco/B4_mAP_m: 0.8990  coco/B4_mAP_l: 0.9460  coco/B5_precision: 0.9140  coco/B5_mAP_50: 0.9890  coco/B5_mAP_75: 0.9890  coco/B5_mAP_s: nan  coco/B5_mAP_m: 0.9050  coco/B5_mAP_l: 0.9460  coco/C6_precision: 0.9110  coco/C6_mAP_50: 0.9900  coco/C6_mAP_75: 0.9890  coco/C6_mAP_s: nan  coco/C6_mAP_m: 0.9040  coco/C6_mAP_l: 0.9460  coco/C7_precision: 0.9010  coco/C7_mAP_50: 0.9900  coco/C7_mAP_75: 0.9790  coco/C7_mAP_s: nan  coco/C7_mAP_m: 0.9000  coco/C7_mAP_l: 0.9270  coco/C8_precision: 0.8960  coco/C8_mAP_50: 0.9900  coco/C8_mAP_75: 0.9790  coco/C8_mAP_s: nan  coco/C8_mAP_m: 0.8940  coco/C8_mAP_l: 0.9500  coco/C9_precision: 0.8860  coco/C9_mAP_50: 0.9900  coco/C9_mAP_75: 0.9790  coco/C9_mAP_s: nan  coco/C9_mAP_m: 0.8850  coco/C9_mAP_l: 0.9310  coco/C10_precision: 0.8900  coco/C10_mAP_50: 0.9900  coco/C10_mAP_75: 0.9790  coco/C10_mAP_s: nan  coco/C10_mAP_m: 0.8890  coco/C10_mAP_l: 0.9540  coco/C11_precision: 0.8860  coco/C11_mAP_50: 0.9900  coco/C11_mAP_75: 0.9790  coco/C11_mAP_s: nan  coco/C11_mAP_m: 0.8850  coco/C11_mAP_l: 0.9190  coco/C12_precision: 0.8990  coco/C12_mAP_50: 0.9990  coco/C12_mAP_75: 0.9890  coco/C12_mAP_s: nan  coco/C12_mAP_m: 0.8980  coco/C12_mAP_l: 0.9710  coco/D13_precision: 0.8650  coco/D13_mAP_50: 0.9890  coco/D13_mAP_75: 0.9780  coco/D13_mAP_s: nan  coco/D13_mAP_m: 0.8650  coco/D13_mAP_l: 0.5000  coco/D14_precision: 0.8640  coco/D14_mAP_50: 0.9900  coco/D14_mAP_75: 0.9750  coco/D14_mAP_s: nan  coco/D14_mAP_m: 0.8640  coco/D14_mAP_l: nan  coco/D15_precision: 0.8470  coco/D15_mAP_50: 0.9780  coco/D15_mAP_75: 0.9650  coco/D15_mAP_s: nan  coco/D15_mAP_m: 0.8470  coco/D15_mAP_l: nan  coco/E16_precision: 0.8610  coco/E16_mAP_50: 0.9900  coco/E16_mAP_75: 0.9890  coco/E16_mAP_s: nan  coco/E16_mAP_m: 0.8610  coco/E16_mAP_l: nan  coco/E17_precision: 0.8510  coco/E17_mAP_50: 0.9900  coco/E17_mAP_75: 0.9780  coco/E17_mAP_s: nan  coco/E17_mAP_m: 0.8510  coco/E17_mAP_l: nan  coco/E18_precision: 0.8440  coco/E18_mAP_50: 0.9890  coco/E18_mAP_75: 0.9590  coco/E18_mAP_s: nan  coco/E18_mAP_m: 0.8440  coco/E18_mAP_l: nan  coco/F19_precision: 0.8240  coco/F19_mAP_50: 0.9890  coco/F19_mAP_75: 0.9600  coco/F19_mAP_s: 0.6520  coco/F19_mAP_m: 0.8250  coco/F19_mAP_l: nan  coco/F20_precision: 0.8270  coco/F20_mAP_50: 0.9900  coco/F20_mAP_75: 0.9580  coco/F20_mAP_s: 0.4000  coco/F20_mAP_m: 0.8270  coco/F20_mAP_l: nan  coco/G21_precision: 0.7980  coco/G21_mAP_50: 0.9890  coco/G21_mAP_75: 0.9470  coco/G21_mAP_s: 0.6310  coco/G21_mAP_m: 0.8060  coco/G21_mAP_l: nan  coco/G22_precision: 0.7960  coco/G22_mAP_50: 0.9860  coco/G22_mAP_75: 0.9270  coco/G22_mAP_s: 0.5580  coco/G22_mAP_m: 0.8010  coco/G22_mAP_l: nan  coco/X_precision: 0.8870  coco/X_mAP_50: 0.9840  coco/X_mAP_75: 0.9780  coco/X_mAP_s: nan  coco/X_mAP_m: 0.8860  coco/X_mAP_l: 0.9010  coco/Y_precision: 0.7830  coco/Y_mAP_50: 0.9730  coco/Y_mAP_75: 0.9190  coco/Y_mAP_s: 0.5340  coco/Y_mAP_m: 0.7970  coco/Y_mAP_l: nan  coco/bbox_mAP: 0.8700  coco/bbox_mAP_50: 0.9880  coco/bbox_mAP_75: 0.9710  coco/bbox_mAP_s: 0.5550  coco/bbox_mAP_m: 0.8660  coco/bbox_mAP_l: 0.9060  data_time: 0.0002  time: 0.1244
2026/08/09 00:10:44 - mmengine - INFO - Epoch(train)  [6][  50/1750]  lr: 6.2978e-04  eta: 0:24:46  time: 0.1109  data_time: 0.0011  memory: 5551  grad_norm: 0.0166  loss: 1.9370  loss_cls: 0.0325  loss_bbox: 0.0299  loss_giou: 0.1040  loss_quality: 0.0554  aux_0_loss_cls: 0.2480  aux_0_loss_bbox: 0.0965  aux_0_loss_giou: 0.3091  aux_1_loss_cls: 0.1664  aux_1_loss_bbox: 0.0474  aux_1_loss_giou: 0.1603  aux_2_loss_cls: 0.0804  aux_2_loss_bbox: 0.0409  aux_2_loss_giou: 0.1427  aux_3_loss_cls: 0.0489  aux_3_loss_bbox: 0.0403  aux_3_loss_giou: 0.1402  aux_4_loss_cls: 0.0427  aux_4_loss_bbox: 0.0339  aux_4_loss_giou: 0.1178
2026/08/09 00:10:49 - mmengine - INFO - Epoch(train)  [6][ 100/1750]  lr: 6.2978e-04  eta: 0:24:38  time: 0.1018  data_time: 0.0004  memory: 2970  grad_norm: 0.0165  loss: 1.9504  loss_cls: 0.0354  loss_bbox: 0.0307  loss_giou: 0.1020  loss_quality: 0.0552  aux_0_loss_cls: 0.2459  aux_0_loss_bbox: 0.1034  aux_0_loss_giou: 0.3192  aux_1_loss_cls: 0.1652  aux_1_loss_bbox: 0.0492  aux_1_loss_giou: 0.1615  aux_2_loss_cls: 0.0796  aux_2_loss_bbox: 0.0418  aux_2_loss_giou: 0.1417  aux_3_loss_cls: 0.0486  aux_3_loss_bbox: 0.0409  aux_3_loss_giou: 0.1373  aux_4_loss_cls: 0.0436  aux_4_loss_bbox: 0.0344  aux_4_loss_giou: 0.1146
2026/08/09 00:10:55 - mmengine - INFO - Epoch(train)  [6][ 150/1750]  lr: 6.2978e-04  eta: 0:24:32  time: 0.1287  data_time: 0.0004  memory: 19086  grad_norm: 0.0173  loss: 1.9101  loss_cls: 0.0355  loss_bbox: 0.0288  loss_giou: 0.1021  loss_quality: 0.0553  aux_0_loss_cls: 0.2466  aux_0_loss_bbox: 0.0977  aux_0_loss_giou: 0.3124  aux_1_loss_cls: 0.1642  aux_1_loss_bbox: 0.0465  aux_1_loss_giou: 0.1574  aux_2_loss_cls: 0.0793  aux_2_loss_bbox: 0.0390  aux_2_loss_giou: 0.1359  aux_3_loss_cls: 0.0478  aux_3_loss_bbox: 0.0380  aux_3_loss_giou: 0.1324  aux_4_loss_cls: 0.0439  aux_4_loss_bbox: 0.0327  aux_4_loss_giou: 0.1145
2026/08/09 00:11:00 - mmengine - INFO - Epoch(train)  [6][ 200/1750]  lr: 6.2978e-04  eta: 0:24:25  time: 0.0988  data_time: 0.0004  memory: 2684  grad_norm: 0.0164  loss: 1.8905  loss_cls: 0.0343  loss_bbox: 0.0301  loss_giou: 0.1018  loss_quality: 0.0550  aux_0_loss_cls: 0.2433  aux_0_loss_bbox: 0.0974  aux_0_loss_giou: 0.3075  aux_1_loss_cls: 0.1617  aux_1_loss_bbox: 0.0468  aux_1_loss_giou: 0.1571  aux_2_loss_cls: 0.0797  aux_2_loss_bbox: 0.0395  aux_2_loss_giou: 0.1363  aux_3_loss_cls: 0.0450  aux_3_loss_bbox: 0.0375  aux_3_loss_giou: 0.1299  aux_4_loss_cls: 0.0418  aux_4_loss_bbox: 0.0331  aux_4_loss_giou: 0.1126
2026/08/09 00:11:06 - mmengine - INFO - Exp name: capr_quality_final_only_train_24obj_20260808_234630
2026/08/09 00:11:06 - mmengine - INFO - Epoch(train)  [6][ 250/1750]  lr: 6.2978e-04  eta: 0:24:18  time: 0.1165  data_time: 0.0004  memory: 2793  grad_norm: 0.0166  loss: 2.0258  loss_cls: 0.0384  loss_bbox: 0.0359  loss_giou: 0.1116  loss_quality: 0.0575  aux_0_loss_cls: 0.2457  aux_0_loss_bbox: 0.1075  aux_0_loss_giou: 0.3179  aux_1_loss_cls: 0.1704  aux_1_loss_bbox: 0.0537  aux_1_loss_giou: 0.1655  aux_2_loss_cls: 0.0828  aux_2_loss_bbox: 0.0456  aux_2_loss_giou: 0.1445  aux_3_loss_cls: 0.0519  aux_3_loss_bbox: 0.0445  aux_3_loss_giou: 0.1391  aux_4_loss_cls: 0.0481  aux_4_loss_bbox: 0.0398  aux_4_loss_giou: 0.1256
2026/08/09 00:11:11 - mmengine - INFO - Epoch(train)  [6][ 300/1750]  lr: 6.2978e-04  eta: 0:24:11  time: 0.0999  data_time: 0.0004  memory: 2984  grad_norm: 0.0186  loss: 1.9231  loss_cls: 0.0357  loss_bbox: 0.0304  loss_giou: 0.1013  loss_quality: 0.0558  aux_0_loss_cls: 0.2437  aux_0_loss_bbox: 0.1003  aux_0_loss_giou: 0.3059  aux_1_loss_cls: 0.1630  aux_1_loss_bbox: 0.0483  aux_1_loss_giou: 0.1571  aux_2_loss_cls: 0.0787  aux_2_loss_bbox: 0.0406  aux_2_loss_giou: 0.1360  aux_3_loss_cls: 0.0521  aux_3_loss_bbox: 0.0415  aux_3_loss_giou: 0.1362  aux_4_loss_cls: 0.0467  aux_4_loss_bbox: 0.0348  aux_4_loss_giou: 0.1151
2026/08/09 00:11:17 - mmengine - INFO - Epoch(train)  [6][ 350/1750]  lr: 6.2978e-04  eta: 0:24:04  time: 0.1121  data_time: 0.0004  memory: 3083  grad_norm: 0.0170  loss: 1.9436  loss_cls: 0.0366  loss_bbox: 0.0310  loss_giou: 0.1055  loss_quality: 0.0561  aux_0_loss_cls: 0.2456  aux_0_loss_bbox: 0.0977  aux_0_loss_giou: 0.3080  aux_1_loss_cls: 0.1676  aux_1_loss_bbox: 0.0478  aux_1_loss_giou: 0.1593  aux_2_loss_cls: 0.0807  aux_2_loss_bbox: 0.0417  aux_2_loss_giou: 0.1410  aux_3_loss_cls: 0.0489  aux_3_loss_bbox: 0.0406  aux_3_loss_giou: 0.1375  aux_4_loss_cls: 0.0444  aux_4_loss_bbox: 0.0350  aux_4_loss_giou: 0.1184
2026/08/09 00:11:22 - mmengine - INFO - Epoch(train)  [6][ 400/1750]  lr: 6.2978e-04  eta: 0:23:57  time: 0.1092  data_time: 0.0004  memory: 2607  grad_norm: 0.0170  loss: 1.9551  loss_cls: 0.0385  loss_bbox: 0.0314  loss_giou: 0.1057  loss_quality: 0.0574  aux_0_loss_cls: 0.2417  aux_0_loss_bbox: 0.1003  aux_0_loss_giou: 0.3128  aux_1_loss_cls: 0.1629  aux_1_loss_bbox: 0.0488  aux_1_loss_giou: 0.1598  aux_2_loss_cls: 0.0807  aux_2_loss_bbox: 0.0421  aux_2_loss_giou: 0.1401  aux_3_loss_cls: 0.0516  aux_3_loss_bbox: 0.0418  aux_3_loss_giou: 0.1376  aux_4_loss_cls: 0.0472  aux_4_loss_bbox: 0.0357  aux_4_loss_giou: 0.1191
2026/08/09 00:11:28 - mmengine - INFO - Epoch(train)  [6][ 450/1750]  lr: 6.2978e-04  eta: 0:23:51  time: 0.1215  data_time: 0.0004  memory: 3056  grad_norm: 0.0176  loss: 1.9984  loss_cls: 0.0398  loss_bbox: 0.0329  loss_giou: 0.1100  loss_quality: 0.0569  aux_0_loss_cls: 0.2529  aux_0_loss_bbox: 0.1028  aux_0_loss_giou: 0.3178  aux_1_loss_cls: 0.1697  aux_1_loss_bbox: 0.0499  aux_1_loss_giou: 0.1633  aux_2_loss_cls: 0.0839  aux_2_loss_bbox: 0.0424  aux_2_loss_giou: 0.1423  aux_3_loss_cls: 0.0507  aux_3_loss_bbox: 0.0409  aux_3_loss_giou: 0.1375  aux_4_loss_cls: 0.0476  aux_4_loss_bbox: 0.0362  aux_4_loss_giou: 0.1209
2026/08/09 00:11:34 - mmengine - INFO - Epoch(train)  [6][ 500/1750]  lr: 6.2978e-04  eta: 0:23:45  time: 0.1104  data_time: 0.0004  memory: 2884  grad_norm: 0.0160  loss: 1.9527  loss_cls: 0.0348  loss_bbox: 0.0305  loss_giou: 0.1088  loss_quality: 0.0572  aux_0_loss_cls: 0.2476  aux_0_loss_bbox: 0.0972  aux_0_loss_giou: 0.3136  aux_1_loss_cls: 0.1650  aux_1_loss_bbox: 0.0473  aux_1_loss_giou: 0.1625  aux_2_loss_cls: 0.0808  aux_2_loss_bbox: 0.0398  aux_2_loss_giou: 0.1419  aux_3_loss_cls: 0.0480  aux_3_loss_bbox: 0.0388  aux_3_loss_giou: 0.1380  aux_4_loss_cls: 0.0457  aux_4_loss_bbox: 0.0342  aux_4_loss_giou: 0.1209
2026/08/09 00:11:40 - mmengine - INFO - Epoch(train)  [6][ 550/1750]  lr: 6.2978e-04  eta: 0:23:38  time: 0.1157  data_time: 0.0004  memory: 19056  grad_norm: 0.0166  loss: 1.9892  loss_cls: 0.0395  loss_bbox: 0.0330  loss_giou: 0.1063  loss_quality: 0.0561  aux_0_loss_cls: 0.2550  aux_0_loss_bbox: 0.1045  aux_0_loss_giou: 0.3180  aux_1_loss_cls: 0.1666  aux_1_loss_bbox: 0.0503  aux_1_loss_giou: 0.1621  aux_2_loss_cls: 0.0840  aux_2_loss_bbox: 0.0430  aux_2_loss_giou: 0.1421  aux_3_loss_cls: 0.0500  aux_3_loss_bbox: 0.0410  aux_3_loss_giou: 0.1361  aux_4_loss_cls: 0.0477  aux_4_loss_bbox: 0.0365  aux_4_loss_giou: 0.1173
2026/08/09 00:11:45 - mmengine - INFO - Epoch(train)  [6][ 600/1750]  lr: 6.2978e-04  eta: 0:23:32  time: 0.1161  data_time: 0.0004  memory: 2847  grad_norm: 0.0166  loss: 1.9127  loss_cls: 0.0354  loss_bbox: 0.0312  loss_giou: 0.1066  loss_quality: 0.0558  aux_0_loss_cls: 0.2396  aux_0_loss_bbox: 0.0954  aux_0_loss_giou: 0.3033  aux_1_loss_cls: 0.1651  aux_1_loss_bbox: 0.0454  aux_1_loss_giou: 0.1556  aux_2_loss_cls: 0.0806  aux_2_loss_bbox: 0.0391  aux_2_loss_giou: 0.1378  aux_3_loss_cls: 0.0486  aux_3_loss_bbox: 0.0390  aux_3_loss_giou: 0.1365  aux_4_loss_cls: 0.0445  aux_4_loss_bbox: 0.0345  aux_4_loss_giou: 0.1186
2026/08/09 00:11:50 - mmengine - INFO - Epoch(train)  [6][ 650/1750]  lr: 6.2978e-04  eta: 0:23:24  time: 0.0985  data_time: 0.0004  memory: 2684  grad_norm: 0.0161  loss: 1.9528  loss_cls: 0.0386  loss_bbox: 0.0306  loss_giou: 0.1057  loss_quality: 0.0560  aux_0_loss_cls: 0.2517  aux_0_loss_bbox: 0.0953  aux_0_loss_giou: 0.3049  aux_1_loss_cls: 0.1705  aux_1_loss_bbox: 0.0462  aux_1_loss_giou: 0.1586  aux_2_loss_cls: 0.0834  aux_2_loss_bbox: 0.0398  aux_2_loss_giou: 0.1400  aux_3_loss_cls: 0.0523  aux_3_loss_bbox: 0.0395  aux_3_loss_giou: 0.1381  aux_4_loss_cls: 0.0486  aux_4_loss_bbox: 0.0343  aux_4_loss_giou: 0.1186
2026/08/09 00:11:56 - mmengine - INFO - Epoch(train)  [6][ 700/1750]  lr: 6.2978e-04  eta: 0:23:18  time: 0.1217  data_time: 0.0004  memory: 10466  grad_norm: 0.0173  loss: 1.9430  loss_cls: 0.0346  loss_bbox: 0.0324  loss_giou: 0.1089  loss_quality: 0.0560  aux_0_loss_cls: 0.2386  aux_0_loss_bbox: 0.0996  aux_0_loss_giou: 0.3080  aux_1_loss_cls: 0.1634  aux_1_loss_bbox: 0.0493  aux_1_loss_giou: 0.1628  aux_2_loss_cls: 0.0790  aux_2_loss_bbox: 0.0421  aux_2_loss_giou: 0.1438  aux_3_loss_cls: 0.0455  aux_3_loss_bbox: 0.0409  aux_3_loss_giou: 0.1397  aux_4_loss_cls: 0.0429  aux_4_loss_bbox: 0.0357  aux_4_loss_giou: 0.1199
2026/08/09 00:12:02 - mmengine - INFO - Epoch(train)  [6][ 750/1750]  lr: 6.2978e-04  eta: 0:23:12  time: 0.1171  data_time: 0.0004  memory: 2606  grad_norm: 0.0171  loss: 1.9732  loss_cls: 0.0370  loss_bbox: 0.0316  loss_giou: 0.1061  loss_quality: 0.0559  aux_0_loss_cls: 0.2520  aux_0_loss_bbox: 0.1009  aux_0_loss_giou: 0.3165  aux_1_loss_cls: 0.1697  aux_1_loss_bbox: 0.0481  aux_1_loss_giou: 0.1601  aux_2_loss_cls: 0.0832  aux_2_loss_bbox: 0.0414  aux_2_loss_giou: 0.1411  aux_3_loss_cls: 0.0498  aux_3_loss_bbox: 0.0412  aux_3_loss_giou: 0.1384  aux_4_loss_cls: 0.0463  aux_4_loss_bbox: 0.0355  aux_4_loss_giou: 0.1184
2026/08/09 00:12:08 - mmengine - INFO - Epoch(train)  [6][ 800/1750]  lr: 6.2978e-04  eta: 0:23:06  time: 0.1182  data_time: 0.0004  memory: 7043  grad_norm: 0.0175  loss: 1.9600  loss_cls: 0.0382  loss_bbox: 0.0324  loss_giou: 0.1052  loss_quality: 0.0567  aux_0_loss_cls: 0.2507  aux_0_loss_bbox: 0.0997  aux_0_loss_giou: 0.3079  aux_1_loss_cls: 0.1671  aux_1_loss_bbox: 0.0487  aux_1_loss_giou: 0.1570  aux_2_loss_cls: 0.0830  aux_2_loss_bbox: 0.0419  aux_2_loss_giou: 0.1378  aux_3_loss_cls: 0.0509  aux_3_loss_bbox: 0.0419  aux_3_loss_giou: 0.1360  aux_4_loss_cls: 0.0486  aux_4_loss_bbox: 0.0369  aux_4_loss_giou: 0.1194
2026/08/09 00:12:13 - mmengine - INFO - Epoch(train)  [6][ 850/1750]  lr: 6.2978e-04  eta: 0:22:59  time: 0.1069  data_time: 0.0004  memory: 2794  grad_norm: 0.0159  loss: 1.9773  loss_cls: 0.0366  loss_bbox: 0.0324  loss_giou: 0.1136  loss_quality: 0.0576  aux_0_loss_cls: 0.2433  aux_0_loss_bbox: 0.0998  aux_0_loss_giou: 0.3191  aux_1_loss_cls: 0.1641  aux_1_loss_bbox: 0.0483  aux_1_loss_giou: 0.1642  aux_2_loss_cls: 0.0796  aux_2_loss_bbox: 0.0402  aux_2_loss_giou: 0.1417  aux_3_loss_cls: 0.0478  aux_3_loss_bbox: 0.0414  aux_3_loss_giou: 0.1428  aux_4_loss_cls: 0.0439  aux_4_loss_bbox: 0.0358  aux_4_loss_giou: 0.1248
2026/08/09 00:12:21 - mmengine - INFO - Epoch(train)  [6][ 900/1750]  lr: 6.2978e-04  eta: 0:22:54  time: 0.1426  data_time: 0.0004  memory: 9945  grad_norm: 0.0159  loss: 1.9512  loss_cls: 0.0348  loss_bbox: 0.0326  loss_giou: 0.1099  loss_quality: 0.0566  aux_0_loss_cls: 0.2454  aux_0_loss_bbox: 0.0953  aux_0_loss_giou: 0.2992  aux_1_loss_cls: 0.1664  aux_1_loss_bbox: 0.0487  aux_1_loss_giou: 0.1616  aux_2_loss_cls: 0.0826  aux_2_loss_bbox: 0.0431  aux_2_loss_giou: 0.1453  aux_3_loss_cls: 0.0477  aux_3_loss_bbox: 0.0411  aux_3_loss_giou: 0.1394  aux_4_loss_cls: 0.0440  aux_4_loss_bbox: 0.0362  aux_4_loss_giou: 0.1213
2026/08/09 00:12:26 - mmengine - INFO - Epoch(train)  [6][ 950/1750]  lr: 6.2978e-04  eta: 0:22:47  time: 0.1071  data_time: 0.0004  memory: 2663  grad_norm: 0.0180  loss: 1.9209  loss_cls: 0.0359  loss_bbox: 0.0312  loss_giou: 0.1048  loss_quality: 0.0564  aux_0_loss_cls: 0.2377  aux_0_loss_bbox: 0.0983  aux_0_loss_giou: 0.3011  aux_1_loss_cls: 0.1619  aux_1_loss_bbox: 0.0481  aux_1_loss_giou: 0.1573  aux_2_loss_cls: 0.0807  aux_2_loss_bbox: 0.0414  aux_2_loss_giou: 0.1397  aux_3_loss_cls: 0.0499  aux_3_loss_bbox: 0.0406  aux_3_loss_giou: 0.1356  aux_4_loss_cls: 0.0469  aux_4_loss_bbox: 0.0355  aux_4_loss_giou: 0.1179
2026/08/09 00:12:31 - mmengine - INFO - Epoch(train)  [6][1000/1750]  lr: 6.2978e-04  eta: 0:22:40  time: 0.0998  data_time: 0.0004  memory: 2822  grad_norm: 0.0161  loss: 1.9238  loss_cls: 0.0371  loss_bbox: 0.0309  loss_giou: 0.1060  loss_quality: 0.0563  aux_0_loss_cls: 0.2448  aux_0_loss_bbox: 0.0982  aux_0_loss_giou: 0.3104  aux_1_loss_cls: 0.1657  aux_1_loss_bbox: 0.0459  aux_1_loss_giou: 0.1544  aux_2_loss_cls: 0.0796  aux_2_loss_bbox: 0.0390  aux_2_loss_giou: 0.1349  aux_3_loss_cls: 0.0487  aux_3_loss_bbox: 0.0394  aux_3_loss_giou: 0.1361  aux_4_loss_cls: 0.0452  aux_4_loss_bbox: 0.0341  aux_4_loss_giou: 0.1172
2026/08/09 00:12:36 - mmengine - INFO - Epoch(train)  [6][1050/1750]  lr: 6.2978e-04  eta: 0:22:33  time: 0.1080  data_time: 0.0004  memory: 10183  grad_norm: 0.0208  loss: 2.0162  loss_cls: 0.0405  loss_bbox: 0.0322  loss_giou: 0.1113  loss_quality: 0.0590  aux_0_loss_cls: 0.2507  aux_0_loss_bbox: 0.0992  aux_0_loss_giou: 0.3152  aux_1_loss_cls: 0.1710  aux_1_loss_bbox: 0.0494  aux_1_loss_giou: 0.1662  aux_2_loss_cls: 0.0875  aux_2_loss_bbox: 0.0419  aux_2_loss_giou: 0.1458  aux_3_loss_cls: 0.0553  aux_3_loss_bbox: 0.0404  aux_3_loss_giou: 0.1406  aux_4_loss_cls: 0.0497  aux_4_loss_bbox: 0.0358  aux_4_loss_giou: 0.1244
2026/08/09 00:12:42 - mmengine - INFO - Epoch(train)  [6][1100/1750]  lr: 6.2978e-04  eta: 0:22:27  time: 0.1127  data_time: 0.0004  memory: 3355  grad_norm: 0.0166  loss: 1.9766  loss_cls: 0.0349  loss_bbox: 0.0301  loss_giou: 0.1076  loss_quality: 0.0567  aux_0_loss_cls: 0.2493  aux_0_loss_bbox: 0.1006  aux_0_loss_giou: 0.3193  aux_1_loss_cls: 0.1692  aux_1_loss_bbox: 0.0508  aux_1_loss_giou: 0.1694  aux_2_loss_cls: 0.0797  aux_2_loss_bbox: 0.0424  aux_2_loss_giou: 0.1477  aux_3_loss_cls: 0.0461  aux_3_loss_bbox: 0.0392  aux_3_loss_giou: 0.1382  aux_4_loss_cls: 0.0432  aux_4_loss_bbox: 0.0332  aux_4_loss_giou: 0.1188
2026/08/09 00:12:47 - mmengine - INFO - Epoch(train)  [6][1150/1750]  lr: 6.2978e-04  eta: 0:22:19  time: 0.0983  data_time: 0.0004  memory: 2875  grad_norm: 0.0201  loss: 1.9911  loss_cls: 0.0372  loss_bbox: 0.0331  loss_giou: 0.1098  loss_quality: 0.0570  aux_0_loss_cls: 0.2488  aux_0_loss_bbox: 0.0998  aux_0_loss_giou: 0.3171  aux_1_loss_cls: 0.1672  aux_1_loss_bbox: 0.0491  aux_1_loss_giou: 0.1633  aux_2_loss_cls: 0.0816  aux_2_loss_bbox: 0.0424  aux_2_loss_giou: 0.1433  aux_3_loss_cls: 0.0493  aux_3_loss_bbox: 0.0427  aux_3_loss_giou: 0.1429  aux_4_loss_cls: 0.0462  aux_4_loss_bbox: 0.0371  aux_4_loss_giou: 0.1230
2026/08/09 00:12:53 - mmengine - INFO - Epoch(train)  [6][1200/1750]  lr: 6.2978e-04  eta: 0:22:13  time: 0.1160  data_time: 0.0004  memory: 2689  grad_norm: 0.0172  loss: 1.9798  loss_cls: 0.0380  loss_bbox: 0.0319  loss_giou: 0.1091  loss_quality: 0.0570  aux_0_loss_cls: 0.2513  aux_0_loss_bbox: 0.1010  aux_0_loss_giou: 0.3217  aux_1_loss_cls: 0.1678  aux_1_loss_bbox: 0.0495  aux_1_loss_giou: 0.1624  aux_2_loss_cls: 0.0816  aux_2_loss_bbox: 0.0413  aux_2_loss_giou: 0.1398  aux_3_loss_cls: 0.0503  aux_3_loss_bbox: 0.0396  aux_3_loss_giou: 0.1354  aux_4_loss_cls: 0.0465  aux_4_loss_bbox: 0.0356  aux_4_loss_giou: 0.1200
2026/08/09 00:12:58 - mmengine - INFO - Exp name: capr_quality_final_only_train_24obj_20260808_234630
2026/08/09 00:12:58 - mmengine - INFO - Epoch(train)  [6][1250/1750]  lr: 6.2978e-04  eta: 0:22:06  time: 0.1058  data_time: 0.0004  memory: 2738  grad_norm: 0.0169  loss: 2.0485  loss_cls: 0.0427  loss_bbox: 0.0344  loss_giou: 0.1113  loss_quality: 0.0583  aux_0_loss_cls: 0.2518  aux_0_loss_bbox: 0.1062  aux_0_loss_giou: 0.3200  aux_1_loss_cls: 0.1701  aux_1_loss_bbox: 0.0519  aux_1_loss_giou: 0.1664  aux_2_loss_cls: 0.0855  aux_2_loss_bbox: 0.0437  aux_2_loss_giou: 0.1445  aux_3_loss_cls: 0.0562  aux_3_loss_bbox: 0.0440  aux_3_loss_giou: 0.1450  aux_4_loss_cls: 0.0537  aux_4_loss_bbox: 0.0385  aux_4_loss_giou: 0.1243
2026/08/09 00:13:03 - mmengine - INFO - Epoch(train)  [6][1300/1750]  lr: 6.2978e-04  eta: 0:21:59  time: 0.1016  data_time: 0.0004  memory: 2851  grad_norm: 0.0185  loss: 1.9619  loss_cls: 0.0384  loss_bbox: 0.0303  loss_giou: 0.1103  loss_quality: 0.0566  aux_0_loss_cls: 0.2455  aux_0_loss_bbox: 0.0932  aux_0_loss_giou: 0.3096  aux_1_loss_cls: 0.1679  aux_1_loss_bbox: 0.0463  aux_1_loss_giou: 0.1632  aux_2_loss_cls: 0.0838  aux_2_loss_bbox: 0.0393  aux_2_loss_giou: 0.1425  aux_3_loss_cls: 0.0495  aux_3_loss_bbox: 0.0389  aux_3_loss_giou: 0.1408  aux_4_loss_cls: 0.0488  aux_4_loss_bbox: 0.0338  aux_4_loss_giou: 0.1233
2026/08/09 00:13:09 - mmengine - INFO - Epoch(train)  [6][1350/1750]  lr: 6.2978e-04  eta: 0:21:53  time: 0.1206  data_time: 0.0004  memory: 6616  grad_norm: 0.0162  loss: 1.8848  loss_cls: 0.0343  loss_bbox: 0.0277  loss_giou: 0.0989  loss_quality: 0.0551  aux_0_loss_cls: 0.2421  aux_0_loss_bbox: 0.0968  aux_0_loss_giou: 0.3063  aux_1_loss_cls: 0.1653  aux_1_loss_bbox: 0.0458  aux_1_loss_giou: 0.1564  aux_2_loss_cls: 0.0772  aux_2_loss_bbox: 0.0389  aux_2_loss_giou: 0.1375  aux_3_loss_cls: 0.0479  aux_3_loss_bbox: 0.0376  aux_3_loss_giou: 0.1325  aux_4_loss_cls: 0.0424  aux_4_loss_bbox: 0.0313  aux_4_loss_giou: 0.1106
2026/08/09 00:13:17 - mmengine - INFO - Epoch(train)  [6][1400/1750]  lr: 6.2978e-04  eta: 0:21:49  time: 0.1565  data_time: 0.0004  memory: 19317  grad_norm: 0.0156  loss: 1.8663  loss_cls: 0.0317  loss_bbox: 0.0293  loss_giou: 0.0961  loss_quality: 0.0533  aux_0_loss_cls: 0.2403  aux_0_loss_bbox: 0.1021  aux_0_loss_giou: 0.3095  aux_1_loss_cls: 0.1623  aux_1_loss_bbox: 0.0472  aux_1_loss_giou: 0.1507  aux_2_loss_cls: 0.0792  aux_2_loss_bbox: 0.0399  aux_2_loss_giou: 0.1311  aux_3_loss_cls: 0.0470  aux_3_loss_bbox: 0.0386  aux_3_loss_giou: 0.1266  aux_4_loss_cls: 0.0409  aux_4_loss_bbox: 0.0330  aux_4_loss_giou: 0.1075
2026/08/09 00:13:22 - mmengine - INFO - Epoch(train)  [6][1450/1750]  lr: 6.2978e-04  eta: 0:21:42  time: 0.1008  data_time: 0.0004  memory: 2849  grad_norm: 0.0170  loss: 1.9318  loss_cls: 0.0372  loss_bbox: 0.0309  loss_giou: 0.1036  loss_quality: 0.0561  aux_0_loss_cls: 0.2465  aux_0_loss_bbox: 0.0978  aux_0_loss_giou: 0.3036  aux_1_loss_cls: 0.1694  aux_1_loss_bbox: 0.0479  aux_1_loss_giou: 0.1570  aux_2_loss_cls: 0.0838  aux_2_loss_bbox: 0.0413  aux_2_loss_giou: 0.1386  aux_3_loss_cls: 0.0497  aux_3_loss_bbox: 0.0390  aux_3_loss_giou: 0.1326  aux_4_loss_cls: 0.0470  aux_4_loss_bbox: 0.0346  aux_4_loss_giou: 0.1153
2026/08/09 00:13:28 - mmengine - INFO - Epoch(train)  [6][1500/1750]  lr: 6.2978e-04  eta: 0:21:36  time: 0.1216  data_time: 0.0004  memory: 6488  grad_norm: 0.0183  loss: 1.9579  loss_cls: 0.0358  loss_bbox: 0.0314  loss_giou: 0.1082  loss_quality: 0.0571  aux_0_loss_cls: 0.2461  aux_0_loss_bbox: 0.0985  aux_0_loss_giou: 0.3099  aux_1_loss_cls: 0.1663  aux_1_loss_bbox: 0.0492  aux_1_loss_giou: 0.1644  aux_2_loss_cls: 0.0813  aux_2_loss_bbox: 0.0413  aux_2_loss_giou: 0.1428  aux_3_loss_cls: 0.0486  aux_3_loss_bbox: 0.0403  aux_3_loss_giou: 0.1385  aux_4_loss_cls: 0.0434  aux_4_loss_bbox: 0.0352  aux_4_loss_giou: 0.1198
2026/08/09 00:13:33 - mmengine - INFO - Epoch(train)  [6][1550/1750]  lr: 6.2978e-04  eta: 0:21:29  time: 0.1022  data_time: 0.0004  memory: 2796  grad_norm: 0.0169  loss: 1.9771  loss_cls: 0.0392  loss_bbox: 0.0328  loss_giou: 0.1106  loss_quality: 0.0575  aux_0_loss_cls: 0.2507  aux_0_loss_bbox: 0.0996  aux_0_loss_giou: 0.3167  aux_1_loss_cls: 0.1673  aux_1_loss_bbox: 0.0469  aux_1_loss_giou: 0.1580  aux_2_loss_cls: 0.0829  aux_2_loss_bbox: 0.0391  aux_2_loss_giou: 0.1362  aux_3_loss_cls: 0.0542  aux_3_loss_bbox: 0.0403  aux_3_loss_giou: 0.1370  aux_4_loss_cls: 0.0489  aux_4_loss_bbox: 0.0362  aux_4_loss_giou: 0.1230
2026/08/09 00:13:38 - mmengine - INFO - Epoch(train)  [6][1600/1750]  lr: 6.2978e-04  eta: 0:21:22  time: 0.1011  data_time: 0.0004  memory: 2582  grad_norm: 0.0194  loss: 1.9527  loss_cls: 0.0371  loss_bbox: 0.0311  loss_giou: 0.1065  loss_quality: 0.0573  aux_0_loss_cls: 0.2504  aux_0_loss_bbox: 0.0944  aux_0_loss_giou: 0.3035  aux_1_loss_cls: 0.1738  aux_1_loss_bbox: 0.0469  aux_1_loss_giou: 0.1589  aux_2_loss_cls: 0.0837  aux_2_loss_bbox: 0.0405  aux_2_loss_giou: 0.1408  aux_3_loss_cls: 0.0501  aux_3_loss_bbox: 0.0398  aux_3_loss_giou: 0.1375  aux_4_loss_cls: 0.0469  aux_4_loss_bbox: 0.0348  aux_4_loss_giou: 0.1185
2026/08/09 00:13:44 - mmengine - INFO - Epoch(train)  [6][1650/1750]  lr: 6.2978e-04  eta: 0:21:16  time: 0.1180  data_time: 0.0004  memory: 2796  grad_norm: 0.0169  loss: 1.9080  loss_cls: 0.0348  loss_bbox: 0.0301  loss_giou: 0.1035  loss_quality: 0.0549  aux_0_loss_cls: 0.2441  aux_0_loss_bbox: 0.0959  aux_0_loss_giou: 0.3144  aux_1_loss_cls: 0.1636  aux_1_loss_bbox: 0.0451  aux_1_loss_giou: 0.1561  aux_2_loss_cls: 0.0786  aux_2_loss_bbox: 0.0383  aux_2_loss_giou: 0.1357  aux_3_loss_cls: 0.0467  aux_3_loss_bbox: 0.0380  aux_3_loss_giou: 0.1337  aux_4_loss_cls: 0.0442  aux_4_loss_bbox: 0.0338  aux_4_loss_giou: 0.1166
2026/08/09 00:13:50 - mmengine - INFO - Epoch(train)  [6][1700/1750]  lr: 6.2978e-04  eta: 0:21:09  time: 0.1093  data_time: 0.0004  memory: 2884  grad_norm: 0.0185  loss: 1.9446  loss_cls: 0.0369  loss_bbox: 0.0309  loss_giou: 0.1052  loss_quality: 0.0566  aux_0_loss_cls: 0.2464  aux_0_loss_bbox: 0.0965  aux_0_loss_giou: 0.3067  aux_1_loss_cls: 0.1716  aux_1_loss_bbox: 0.0470  aux_1_loss_giou: 0.1594  aux_2_loss_cls: 0.0802  aux_2_loss_bbox: 0.0405  aux_2_loss_giou: 0.1405  aux_3_loss_cls: 0.0503  aux_3_loss_bbox: 0.0405  aux_3_loss_giou: 0.1380  aux_4_loss_cls: 0.0454  aux_4_loss_bbox: 0.0346  aux_4_loss_giou: 0.1173
2026/08/09 00:13:55 - mmengine - INFO - Exp name: capr_quality_final_only_train_24obj_20260808_234630
2026/08/09 00:13:55 - mmengine - INFO - Epoch(train)  [6][1750/1750]  lr: 6.2978e-04  eta: 0:21:02  time: 0.1005  data_time: 0.0004  memory: 3532  grad_norm: 0.0171  loss: 1.9382  loss_cls: 0.0334  loss_bbox: 0.0315  loss_giou: 0.1055  loss_quality: 0.0553  aux_0_loss_cls: 0.2476  aux_0_loss_bbox: 0.0994  aux_0_loss_giou: 0.3083  aux_1_loss_cls: 0.1643  aux_1_loss_bbox: 0.0474  aux_1_loss_giou: 0.1604  aux_2_loss_cls: 0.0799  aux_2_loss_bbox: 0.0401  aux_2_loss_giou: 0.1406  aux_3_loss_cls: 0.0500  aux_3_loss_bbox: 0.0404  aux_3_loss_giou: 0.1383  aux_4_loss_cls: 0.0427  aux_4_loss_bbox: 0.0354  aux_4_loss_giou: 0.1176
2026/08/09 00:13:55 - mmengine - INFO - Saving checkpoint at 6 epochs
2026/08/09 00:14:02 - mmengine - INFO - Epoch(val)  [6][ 50/500]    eta: 0:00:56  time: 0.1250  data_time: 0.0005  memory: 808  
2026/08/09 00:14:09 - mmengine - INFO - Epoch(val)  [6][100/500]    eta: 0:00:50  time: 0.1251  data_time: 0.0002  memory: 806  
2026/08/09 00:14:15 - mmengine - INFO - Epoch(val)  [6][150/500]    eta: 0:00:43  time: 0.1243  data_time: 0.0002  memory: 823  
2026/08/09 00:14:21 - mmengine - INFO - Epoch(val)  [6][200/500]    eta: 0:00:37  time: 0.1261  data_time: 0.0002  memory: 823  
2026/08/09 00:14:28 - mmengine - INFO - Epoch(val)  [6][250/500]    eta: 0:00:31  time: 0.1257  data_time: 0.0002  memory: 823  
2026/08/09 00:14:34 - mmengine - INFO - Epoch(val)  [6][300/500]    eta: 0:00:25  time: 0.1253  data_time: 0.0002  memory: 823  
2026/08/09 00:14:40 - mmengine - INFO - Epoch(val)  [6][350/500]    eta: 0:00:18  time: 0.1241  data_time: 0.0002  memory: 806  
2026/08/09 00:14:46 - mmengine - INFO - Epoch(val)  [6][400/500]    eta: 0:00:12  time: 0.1239  data_time: 0.0002  memory: 808  
2026/08/09 00:14:52 - mmengine - INFO - Epoch(val)  [6][450/500]    eta: 0:00:06  time: 0.1248  data_time: 0.0002  memory: 823  
2026/08/09 00:14:59 - mmengine - INFO - Epoch(val)  [6][500/500]    eta: 0:00:00  time: 0.1245  data_time: 0.0002  memory: 814  
2026/08/09 00:15:00 - mmengine - INFO - Evaluating bbox...
2026/08/09 00:15:07 - mmengine - INFO - 
+----------+-------+--------+--------+-------+-------+-------+
| category | mAP   | mAP_50 | mAP_75 | mAP_s | mAP_m | mAP_l |
+----------+-------+--------+--------+-------+-------+-------+
| A1       | 0.919 | 0.99   | 0.98   | nan   | 0.889 | 0.929 |
| A2       | 0.916 | 0.989  | 0.979  | nan   | 0.882 | 0.927 |
| A3       | 0.915 | 0.999  | 0.989  | nan   | 0.9   | 0.937 |
| B4       | 0.914 | 0.99   | 0.989  | nan   | 0.9   | 0.95  |
| B5       | 0.915 | 0.989  | 0.989  | nan   | 0.906 | 0.946 |
| C6       | 0.909 | 0.99   | 0.989  | nan   | 0.904 | 0.938 |
| C7       | 0.901 | 0.99   | 0.979  | nan   | 0.898 | 0.928 |
| C8       | 0.895 | 0.99   | 0.979  | nan   | 0.894 | 0.954 |
| C9       | 0.885 | 0.99   | 0.979  | nan   | 0.885 | 0.951 |
| C10      | 0.891 | 0.99   | 0.987  | nan   | 0.889 | 0.958 |
| C11      | 0.886 | 0.99   | 0.979  | nan   | 0.886 | 0.929 |
| C12      | 0.897 | 0.99   | 0.989  | nan   | 0.896 | 0.971 |
| D13      | 0.863 | 0.989  | 0.978  | nan   | 0.863 | 0.6   |
| D14      | 0.862 | 0.99   | 0.975  | nan   | 0.862 | nan   |
| D15      | 0.85  | 0.987  | 0.965  | nan   | 0.85  | nan   |
| E16      | 0.863 | 0.99   | 0.988  | nan   | 0.863 | nan   |
| E17      | 0.85  | 0.99   | 0.978  | nan   | 0.85  | nan   |
| E18      | 0.843 | 0.989  | 0.963  | nan   | 0.843 | nan   |
| F19      | 0.823 | 0.989  | 0.959  | 0.636 | 0.823 | nan   |
| F20      | 0.828 | 0.99   | 0.959  | 0.3   | 0.828 | nan   |
| G21      | 0.796 | 0.989  | 0.941  | 0.626 | 0.806 | nan   |
| G22      | 0.796 | 0.985  | 0.936  | 0.548 | 0.804 | nan   |
| X        | 0.888 | 0.985  | 0.978  | nan   | 0.887 | 0.899 |
| Y        | 0.789 | 0.978  | 0.923  | 0.558 | 0.8   | nan   |
+----------+-------+--------+--------+-------+-------+-------+
2026/08/09 00:15:07 - mmengine - INFO - bbox_mAP_copypaste: 0.871 0.989 0.973 0.533 0.867 0.916
2026/08/09 00:15:07 - mmengine - INFO - Epoch(val) [6][500/500]    coco/A1_precision: 0.9190  coco/A1_mAP_50: 0.9900  coco/A1_mAP_75: 0.9800  coco/A1_mAP_s: nan  coco/A1_mAP_m: 0.8890  coco/A1_mAP_l: 0.9290  coco/A2_precision: 0.9160  coco/A2_mAP_50: 0.9890  coco/A2_mAP_75: 0.9790  coco/A2_mAP_s: nan  coco/A2_mAP_m: 0.8820  coco/A2_mAP_l: 0.9270  coco/A3_precision: 0.9150  coco/A3_mAP_50: 0.9990  coco/A3_mAP_75: 0.9890  coco/A3_mAP_s: nan  coco/A3_mAP_m: 0.9000  coco/A3_mAP_l: 0.9370  coco/B4_precision: 0.9140  coco/B4_mAP_50: 0.9900  coco/B4_mAP_75: 0.9890  coco/B4_mAP_s: nan  coco/B4_mAP_m: 0.9000  coco/B4_mAP_l: 0.9500  coco/B5_precision: 0.9150  coco/B5_mAP_50: 0.9890  coco/B5_mAP_75: 0.9890  coco/B5_mAP_s: nan  coco/B5_mAP_m: 0.9060  coco/B5_mAP_l: 0.9460  coco/C6_precision: 0.9090  coco/C6_mAP_50: 0.9900  coco/C6_mAP_75: 0.9890  coco/C6_mAP_s: nan  coco/C6_mAP_m: 0.9040  coco/C6_mAP_l: 0.9380  coco/C7_precision: 0.9010  coco/C7_mAP_50: 0.9900  coco/C7_mAP_75: 0.9790  coco/C7_mAP_s: nan  coco/C7_mAP_m: 0.8980  coco/C7_mAP_l: 0.9280  coco/C8_precision: 0.8950  coco/C8_mAP_50: 0.9900  coco/C8_mAP_75: 0.9790  coco/C8_mAP_s: nan  coco/C8_mAP_m: 0.8940  coco/C8_mAP_l: 0.9540  coco/C9_precision: 0.8850  coco/C9_mAP_50: 0.9900  coco/C9_mAP_75: 0.9790  coco/C9_mAP_s: nan  coco/C9_mAP_m: 0.8850  coco/C9_mAP_l: 0.9510  coco/C10_precision: 0.8910  coco/C10_mAP_50: 0.9900  coco/C10_mAP_75: 0.9870  coco/C10_mAP_s: nan  coco/C10_mAP_m: 0.8890  coco/C10_mAP_l: 0.9580  coco/C11_precision: 0.8860  coco/C11_mAP_50: 0.9900  coco/C11_mAP_75: 0.9790  coco/C11_mAP_s: nan  coco/C11_mAP_m: 0.8860  coco/C11_mAP_l: 0.9290  coco/C12_precision: 0.8970  coco/C12_mAP_50: 0.9900  coco/C12_mAP_75: 0.9890  coco/C12_mAP_s: nan  coco/C12_mAP_m: 0.8960  coco/C12_mAP_l: 0.9710  coco/D13_precision: 0.8630  coco/D13_mAP_50: 0.9890  coco/D13_mAP_75: 0.9780  coco/D13_mAP_s: nan  coco/D13_mAP_m: 0.8630  coco/D13_mAP_l: 0.6000  coco/D14_precision: 0.8620  coco/D14_mAP_50: 0.9900  coco/D14_mAP_75: 0.9750  coco/D14_mAP_s: nan  coco/D14_mAP_m: 0.8620  coco/D14_mAP_l: nan  coco/D15_precision: 0.8500  coco/D15_mAP_50: 0.9870  coco/D15_mAP_75: 0.9650  coco/D15_mAP_s: nan  coco/D15_mAP_m: 0.8500  coco/D15_mAP_l: nan  coco/E16_precision: 0.8630  coco/E16_mAP_50: 0.9900  coco/E16_mAP_75: 0.9880  coco/E16_mAP_s: nan  coco/E16_mAP_m: 0.8630  coco/E16_mAP_l: nan  coco/E17_precision: 0.8500  coco/E17_mAP_50: 0.9900  coco/E17_mAP_75: 0.9780  coco/E17_mAP_s: nan  coco/E17_mAP_m: 0.8500  coco/E17_mAP_l: nan  coco/E18_precision: 0.8430  coco/E18_mAP_50: 0.9890  coco/E18_mAP_75: 0.9630  coco/E18_mAP_s: nan  coco/E18_mAP_m: 0.8430  coco/E18_mAP_l: nan  coco/F19_precision: 0.8230  coco/F19_mAP_50: 0.9890  coco/F19_mAP_75: 0.9590  coco/F19_mAP_s: 0.6360  coco/F19_mAP_m: 0.8230  coco/F19_mAP_l: nan  coco/F20_precision: 0.8280  coco/F20_mAP_50: 0.9900  coco/F20_mAP_75: 0.9590  coco/F20_mAP_s: 0.3000  coco/F20_mAP_m: 0.8280  coco/F20_mAP_l: nan  coco/G21_precision: 0.7960  coco/G21_mAP_50: 0.9890  coco/G21_mAP_75: 0.9410  coco/G21_mAP_s: 0.6260  coco/G21_mAP_m: 0.8060  coco/G21_mAP_l: nan  coco/G22_precision: 0.7960  coco/G22_mAP_50: 0.9850  coco/G22_mAP_75: 0.9360  coco/G22_mAP_s: 0.5480  coco/G22_mAP_m: 0.8040  coco/G22_mAP_l: nan  coco/X_precision: 0.8880  coco/X_mAP_50: 0.9850  coco/X_mAP_75: 0.9780  coco/X_mAP_s: nan  coco/X_mAP_m: 0.8870  coco/X_mAP_l: 0.8990  coco/Y_precision: 0.7890  coco/Y_mAP_50: 0.9780  coco/Y_mAP_75: 0.9230  coco/Y_mAP_s: 0.5580  coco/Y_mAP_m: 0.8000  coco/Y_mAP_l: nan  coco/bbox_mAP: 0.8710  coco/bbox_mAP_50: 0.9890  coco/bbox_mAP_75: 0.9730  coco/bbox_mAP_s: 0.5330  coco/bbox_mAP_m: 0.8670  coco/bbox_mAP_l: 0.9160  data_time: 0.0002  time: 0.1249
2026/08/09 00:15:12 - mmengine - INFO - Epoch(train)  [7][  50/1750]  lr: 5.0050e-04  eta: 0:20:56  time: 0.1087  data_time: 0.0011  memory: 2577  grad_norm: 0.0166  loss: 1.8625  loss_cls: 0.0333  loss_bbox: 0.0297  loss_giou: 0.1013  loss_quality: 0.0551  aux_0_loss_cls: 0.2363  aux_0_loss_bbox: 0.0965  aux_0_loss_giou: 0.3053  aux_1_loss_cls: 0.1566  aux_1_loss_bbox: 0.0453  aux_1_loss_giou: 0.1537  aux_2_loss_cls: 0.0763  aux_2_loss_bbox: 0.0388  aux_2_loss_giou: 0.1341  aux_3_loss_cls: 0.0438  aux_3_loss_bbox: 0.0381  aux_3_loss_giou: 0.1315  aux_4_loss_cls: 0.0409  aux_4_loss_bbox: 0.0329  aux_4_loss_giou: 0.1131
2026/08/09 00:15:18 - mmengine - INFO - Epoch(train)  [7][ 100/1750]  lr: 5.0050e-04  eta: 0:20:49  time: 0.1096  data_time: 0.0004  memory: 18862  grad_norm: 0.0165  loss: 1.9115  loss_cls: 0.0324  loss_bbox: 0.0287  loss_giou: 0.1011  loss_quality: 0.0550  aux_0_loss_cls: 0.2462  aux_0_loss_bbox: 0.0995  aux_0_loss_giou: 0.3214  aux_1_loss_cls: 0.1618  aux_1_loss_bbox: 0.0466  aux_1_loss_giou: 0.1588  aux_2_loss_cls: 0.0802  aux_2_loss_bbox: 0.0382  aux_2_loss_giou: 0.1361  aux_3_loss_cls: 0.0475  aux_3_loss_bbox: 0.0372  aux_3_loss_giou: 0.1315  aux_4_loss_cls: 0.0435  aux_4_loss_bbox: 0.0324  aux_4_loss_giou: 0.1134
2026/08/09 00:15:23 - mmengine - INFO - Epoch(train)  [7][ 150/1750]  lr: 5.0050e-04  eta: 0:20:42  time: 0.0995  data_time: 0.0004  memory: 2798  grad_norm: 0.0162  loss: 1.9067  loss_cls: 0.0353  loss_bbox: 0.0287  loss_giou: 0.0976  loss_quality: 0.0548  aux_0_loss_cls: 0.2467  aux_0_loss_bbox: 0.1001  aux_0_loss_giou: 0.3074  aux_1_loss_cls: 0.1640  aux_1_loss_bbox: 0.0480  aux_1_loss_giou: 0.1574  aux_2_loss_cls: 0.0777  aux_2_loss_bbox: 0.0407  aux_2_loss_giou: 0.1383  aux_3_loss_cls: 0.0481  aux_3_loss_bbox: 0.0390  aux_3_loss_giou: 0.1326  aux_4_loss_cls: 0.0444  aux_4_loss_bbox: 0.0331  aux_4_loss_giou: 0.1128
2026/08/09 00:15:29 - mmengine - INFO - Epoch(train)  [7][ 200/1750]  lr: 5.0050e-04  eta: 0:20:36  time: 0.1161  data_time: 0.0004  memory: 2738  grad_norm: 0.0171  loss: 1.9717  loss_cls: 0.0374  loss_bbox: 0.0314  loss_giou: 0.1093  loss_quality: 0.0578  aux_0_loss_cls: 0.2493  aux_0_loss_bbox: 0.0981  aux_0_loss_giou: 0.3113  aux_1_loss_cls: 0.1646  aux_1_loss_bbox: 0.0484  aux_1_loss_giou: 0.1633  aux_2_loss_cls: 0.0789  aux_2_loss_bbox: 0.0412  aux_2_loss_giou: 0.1436  aux_3_loss_cls: 0.0500  aux_3_loss_bbox: 0.0409  aux_3_loss_giou: 0.1421  aux_4_loss_cls: 0.0462  aux_4_loss_bbox: 0.0353  aux_4_loss_giou: 0.1227
2026/08/09 00:15:35 - mmengine - INFO - Epoch(train)  [7][ 250/1750]  lr: 5.0050e-04  eta: 0:20:31  time: 0.1366  data_time: 0.0004  memory: 9719  grad_norm: 0.0165  loss: 1.9899  loss_cls: 0.0379  loss_bbox: 0.0320  loss_giou: 0.1085  loss_quality: 0.0569  aux_0_loss_cls: 0.2492  aux_0_loss_bbox: 0.0992  aux_0_loss_giou: 0.3148  aux_1_loss_cls: 0.1693  aux_1_loss_bbox: 0.0499  aux_1_loss_giou: 0.1627  aux_2_loss_cls: 0.0847  aux_2_loss_bbox: 0.0425  aux_2_loss_giou: 0.1436  aux_3_loss_cls: 0.0519  aux_3_loss_bbox: 0.0413  aux_3_loss_giou: 0.1406  aux_4_loss_cls: 0.0480  aux_4_loss_bbox: 0.0357  aux_4_loss_giou: 0.1211
2026/08/09 00:15:40 - mmengine - INFO - Epoch(train)  [7][ 300/1750]  lr: 5.0050e-04  eta: 0:20:24  time: 0.0982  data_time: 0.0004  memory: 2794  grad_norm: 0.0189  loss: 1.9208  loss_cls: 0.0363  loss_bbox: 0.0313  loss_giou: 0.1046  loss_quality: 0.0568  aux_0_loss_cls: 0.2449  aux_0_loss_bbox: 0.0990  aux_0_loss_giou: 0.3036  aux_1_loss_cls: 0.1624  aux_1_loss_bbox: 0.0482  aux_1_loss_giou: 0.1550  aux_2_loss_cls: 0.0811  aux_2_loss_bbox: 0.0409  aux_2_loss_giou: 0.1347  aux_3_loss_cls: 0.0513  aux_3_loss_bbox: 0.0405  aux_3_loss_giou: 0.1324  aux_4_loss_cls: 0.0457  aux_4_loss_bbox: 0.0351  aux_4_loss_giou: 0.1170
2026/08/09 00:15:46 - mmengine - INFO - Epoch(train)  [7][ 350/1750]  lr: 5.0050e-04  eta: 0:20:17  time: 0.1134  data_time: 0.0004  memory: 9665  grad_norm: 0.0164  loss: 1.9322  loss_cls: 0.0356  loss_bbox: 0.0312  loss_giou: 0.1053  loss_quality: 0.0554  aux_0_loss_cls: 0.2452  aux_0_loss_bbox: 0.0977  aux_0_loss_giou: 0.3070  aux_1_loss_cls: 0.1669  aux_1_loss_bbox: 0.0474  aux_1_loss_giou: 0.1578  aux_2_loss_cls: 0.0824  aux_2_loss_bbox: 0.0405  aux_2_loss_giou: 0.1388  aux_3_loss_cls: 0.0498  aux_3_loss_bbox: 0.0390  aux_3_loss_giou: 0.1349  aux_4_loss_cls: 0.0458  aux_4_loss_bbox: 0.0345  aux_4_loss_giou: 0.1169
2026/08/09 00:15:53 - mmengine - INFO - Epoch(train)  [7][ 400/1750]  lr: 5.0050e-04  eta: 0:20:12  time: 0.1291  data_time: 0.0004  memory: 3015  grad_norm: 0.0173  loss: 1.9674  loss_cls: 0.0317  loss_bbox: 0.0313  loss_giou: 0.1071  loss_quality: 0.0559  aux_0_loss_cls: 0.2465  aux_0_loss_bbox: 0.1026  aux_0_loss_giou: 0.3216  aux_1_loss_cls: 0.1649  aux_1_loss_bbox: 0.0487  aux_1_loss_giou: 0.1648  aux_2_loss_cls: 0.0803  aux_2_loss_bbox: 0.0417  aux_2_loss_giou: 0.1451  aux_3_loss_cls: 0.0470  aux_3_loss_bbox: 0.0405  aux_3_loss_giou: 0.1405  aux_4_loss_cls: 0.0422  aux_4_loss_bbox: 0.0351  aux_4_loss_giou: 0.1199
2026/08/09 00:15:58 - mmengine - INFO - Epoch(train)  [7][ 450/1750]  lr: 5.0050e-04  eta: 0:20:05  time: 0.1007  data_time: 0.0004  memory: 2790  grad_norm: 0.0163  loss: 1.9891  loss_cls: 0.0383  loss_bbox: 0.0319  loss_giou: 0.1092  loss_quality: 0.0568  aux_0_loss_cls: 0.2505  aux_0_loss_bbox: 0.1010  aux_0_loss_giou: 0.3202  aux_1_loss_cls: 0.1681  aux_1_loss_bbox: 0.0487  aux_1_loss_giou: 0.1632  aux_2_loss_cls: 0.0818  aux_2_loss_bbox: 0.0411  aux_2_loss_giou: 0.1428  aux_3_loss_cls: 0.0522  aux_3_loss_bbox: 0.0404  aux_3_loss_giou: 0.1389  aux_4_loss_cls: 0.0472  aux_4_loss_bbox: 0.0352  aux_4_loss_giou: 0.1213
2026/08/09 00:16:04 - mmengine - INFO - Exp name: capr_quality_final_only_train_24obj_20260808_234630
2026/08/09 00:16:04 - mmengine - INFO - Epoch(train)  [7][ 500/1750]  lr: 5.0050e-04  eta: 0:19:59  time: 0.1187  data_time: 0.0004  memory: 2729  grad_norm: 0.0166  loss: 1.9491  loss_cls: 0.0379  loss_bbox: 0.0318  loss_giou: 0.1062  loss_quality: 0.0560  aux_0_loss_cls: 0.2529  aux_0_loss_bbox: 0.0992  aux_0_loss_giou: 0.3074  aux_1_loss_cls: 0.1706  aux_1_loss_bbox: 0.0472  aux_1_loss_giou: 0.1534  aux_2_loss_cls: 0.0817  aux_2_loss_bbox: 0.0399  aux_2_loss_giou: 0.1341  aux_3_loss_cls: 0.0529  aux_3_loss_bbox: 0.0411  aux_3_loss_giou: 0.1360  aux_4_loss_cls: 0.0470  aux_4_loss_bbox: 0.0356  aux_4_loss_giou: 0.1182
2026/08/09 00:16:09 - mmengine - INFO - Epoch(train)  [7][ 550/1750]  lr: 5.0050e-04  eta: 0:19:52  time: 0.1114  data_time: 0.0004  memory: 3080  grad_norm: 0.0167  loss: 1.9809  loss_cls: 0.0411  loss_bbox: 0.0331  loss_giou: 0.1094  loss_quality: 0.0572  aux_0_loss_cls: 0.2434  aux_0_loss_bbox: 0.1009  aux_0_loss_giou: 0.3096  aux_1_loss_cls: 0.1651  aux_1_loss_bbox: 0.0493  aux_1_loss_giou: 0.1609  aux_2_loss_cls: 0.0810  aux_2_loss_bbox: 0.0420  aux_2_loss_giou: 0.1413  aux_3_loss_cls: 0.0528  aux_3_loss_bbox: 0.0431  aux_3_loss_giou: 0.1419  aux_4_loss_cls: 0.0493  aux_4_loss_bbox: 0.0372  aux_4_loss_giou: 0.1221
2026/08/09 00:16:14 - mmengine - INFO - Epoch(train)  [7][ 600/1750]  lr: 5.0050e-04  eta: 0:19:46  time: 0.1024  data_time: 0.0004  memory: 2781  grad_norm: 0.0159  loss: 1.8653  loss_cls: 0.0313  loss_bbox: 0.0280  loss_giou: 0.0997  loss_quality: 0.0546  aux_0_loss_cls: 0.2437  aux_0_loss_bbox: 0.0937  aux_0_loss_giou: 0.3022  aux_1_loss_cls: 0.1633  aux_1_loss_bbox: 0.0436  aux_1_loss_giou: 0.1534  aux_2_loss_cls: 0.0766  aux_2_loss_bbox: 0.0368  aux_2_loss_giou: 0.1352  aux_3_loss_cls: 0.0473  aux_3_loss_bbox: 0.0373  aux_3_loss_giou: 0.1344  aux_4_loss_cls: 0.0407  aux_4_loss_bbox: 0.0317  aux_4_loss_giou: 0.1118
2026/08/09 00:16:20 - mmengine - INFO - Epoch(train)  [7][ 650/1750]  lr: 5.0050e-04  eta: 0:19:40  time: 0.1198  data_time: 0.0004  memory: 10077  grad_norm: 0.0165  loss: 2.0024  loss_cls: 0.0387  loss_bbox: 0.0327  loss_giou: 0.1068  loss_quality: 0.0561  aux_0_loss_cls: 0.2524  aux_0_loss_bbox: 0.1050  aux_0_loss_giou: 0.3258  aux_1_loss_cls: 0.1679  aux_1_loss_bbox: 0.0503  aux_1_loss_giou: 0.1643  aux_2_loss_cls: 0.0824  aux_2_loss_bbox: 0.0427  aux_2_loss_giou: 0.1431  aux_3_loss_cls: 0.0503  aux_3_loss_bbox: 0.0421  aux_3_loss_giou: 0.1393  aux_4_loss_cls: 0.0466  aux_4_loss_bbox: 0.0366  aux_4_loss_giou: 0.1195
2026/08/09 00:16:26 - mmengine - INFO - Epoch(train)  [7][ 700/1750]  lr: 5.0050e-04  eta: 0:19:34  time: 0.1196  data_time: 0.0004  memory: 3073  grad_norm: 0.0153  loss: 1.9032  loss_cls: 0.0333  loss_bbox: 0.0295  loss_giou: 0.1011  loss_quality: 0.0545  aux_0_loss_cls: 0.2422  aux_0_loss_bbox: 0.0993  aux_0_loss_giou: 0.3121  aux_1_loss_cls: 0.1632  aux_1_loss_bbox: 0.0465  aux_1_loss_giou: 0.1564  aux_2_loss_cls: 0.0789  aux_2_loss_bbox: 0.0395  aux_2_loss_giou: 0.1370  aux_3_loss_cls: 0.0478  aux_3_loss_bbox: 0.0390  aux_3_loss_giou: 0.1346  aux_4_loss_cls: 0.0425  aux_4_loss_bbox: 0.0329  aux_4_loss_giou: 0.1129
2026/08/09 00:16:33 - mmengine - INFO - Epoch(train)  [7][ 750/1750]  lr: 5.0050e-04  eta: 0:19:28  time: 0.1267  data_time: 0.0004  memory: 6095  grad_norm: 0.0167  loss: 2.0196  loss_cls: 0.0385  loss_bbox: 0.0361  loss_giou: 0.1183  loss_quality: 0.0593  aux_0_loss_cls: 0.2495  aux_0_loss_bbox: 0.1018  aux_0_loss_giou: 0.3069  aux_1_loss_cls: 0.1635  aux_1_loss_bbox: 0.0518  aux_1_loss_giou: 0.1652  aux_2_loss_cls: 0.0803  aux_2_loss_bbox: 0.0444  aux_2_loss_giou: 0.1455  aux_3_loss_cls: 0.0497  aux_3_loss_bbox: 0.0444  aux_3_loss_giou: 0.1451  aux_4_loss_cls: 0.0484  aux_4_loss_bbox: 0.0397  aux_4_loss_giou: 0.1310
2026/08/09 00:16:39 - mmengine - INFO - Epoch(train)  [7][ 800/1750]  lr: 5.0050e-04  eta: 0:19:22  time: 0.1231  data_time: 0.0004  memory: 3014  grad_norm: 0.0179  loss: 1.9828  loss_cls: 0.0390  loss_bbox: 0.0326  loss_giou: 0.1110  loss_quality: 0.0575  aux_0_loss_cls: 0.2427  aux_0_loss_bbox: 0.0995  aux_0_loss_giou: 0.3110  aux_1_loss_cls: 0.1651  aux_1_loss_bbox: 0.0490  aux_1_loss_giou: 0.1631  aux_2_loss_cls: 0.0795  aux_2_loss_bbox: 0.0426  aux_2_loss_giou: 0.1450  aux_3_loss_cls: 0.0503  aux_3_loss_bbox: 0.0421  aux_3_loss_giou: 0.1427  aux_4_loss_cls: 0.0489  aux_4_loss_bbox: 0.0369  aux_4_loss_giou: 0.1242
2026/08/09 00:16:44 - mmengine - INFO - Epoch(train)  [7][ 850/1750]  lr: 5.0050e-04  eta: 0:19:15  time: 0.0997  data_time: 0.0004  memory: 3074  grad_norm: 0.0158  loss: 1.9399  loss_cls: 0.0324  loss_bbox: 0.0303  loss_giou: 0.1066  loss_quality: 0.0559  aux_0_loss_cls: 0.2423  aux_0_loss_bbox: 0.1008  aux_0_loss_giou: 0.3194  aux_1_loss_cls: 0.1650  aux_1_loss_bbox: 0.0484  aux_1_loss_giou: 0.1646  aux_2_loss_cls: 0.0801  aux_2_loss_bbox: 0.0407  aux_2_loss_giou: 0.1439  aux_3_loss_cls: 0.0446  aux_3_loss_bbox: 0.0385  aux_3_loss_giou: 0.1367  aux_4_loss_cls: 0.0397  aux_4_loss_bbox: 0.0334  aux_4_loss_giou: 0.1167
2026/08/09 00:16:49 - mmengine - INFO - Epoch(train)  [7][ 900/1750]  lr: 5.0050e-04  eta: 0:19:09  time: 0.1065  data_time: 0.0004  memory: 2742  grad_norm: 0.0154  loss: 1.8808  loss_cls: 0.0326  loss_bbox: 0.0285  loss_giou: 0.0995  loss_quality: 0.0541  aux_0_loss_cls: 0.2377  aux_0_loss_bbox: 0.0962  aux_0_loss_giou: 0.3104  aux_1_loss_cls: 0.1632  aux_1_loss_bbox: 0.0459  aux_1_loss_giou: 0.1571  aux_2_loss_cls: 0.0785  aux_2_loss_bbox: 0.0384  aux_2_loss_giou: 0.1370  aux_3_loss_cls: 0.0461  aux_3_loss_bbox: 0.0374  aux_3_loss_giou: 0.1323  aux_4_loss_cls: 0.0426  aux_4_loss_bbox: 0.0320  aux_4_loss_giou: 0.1113
2026/08/09 00:16:55 - mmengine - INFO - Epoch(train)  [7][ 950/1750]  lr: 5.0050e-04  eta: 0:19:03  time: 0.1210  data_time: 0.0004  memory: 2802  grad_norm: 0.0167  loss: 1.9586  loss_cls: 0.0377  loss_bbox: 0.0311  loss_giou: 0.1073  loss_quality: 0.0569  aux_0_loss_cls: 0.2456  aux_0_loss_bbox: 0.0993  aux_0_loss_giou: 0.3124  aux_1_loss_cls: 0.1658  aux_1_loss_bbox: 0.0486  aux_1_loss_giou: 0.1621  aux_2_loss_cls: 0.0809  aux_2_loss_bbox: 0.0408  aux_2_loss_giou: 0.1416  aux_3_loss_cls: 0.0507  aux_3_loss_bbox: 0.0400  aux_3_loss_giou: 0.1376  aux_4_loss_cls: 0.0473  aux_4_loss_bbox: 0.0346  aux_4_loss_giou: 0.1182
2026/08/09 00:17:00 - mmengine - INFO - Epoch(train)  [7][1000/1750]  lr: 5.0050e-04  eta: 0:18:56  time: 0.1087  data_time: 0.0004  memory: 10019  grad_norm: 0.0156  loss: 1.9542  loss_cls: 0.0361  loss_bbox: 0.0315  loss_giou: 0.1051  loss_quality: 0.0549  aux_0_loss_cls: 0.2471  aux_0_loss_bbox: 0.1007  aux_0_loss_giou: 0.3113  aux_1_loss_cls: 0.1676  aux_1_loss_bbox: 0.0492  aux_1_loss_giou: 0.1608  aux_2_loss_cls: 0.0832  aux_2_loss_bbox: 0.0418  aux_2_loss_giou: 0.1409  aux_3_loss_cls: 0.0488  aux_3_loss_bbox: 0.0402  aux_3_loss_giou: 0.1365  aux_4_loss_cls: 0.0456  aux_4_loss_bbox: 0.0355  aux_4_loss_giou: 0.1174
2026/08/09 00:17:07 - mmengine - INFO - Epoch(train)  [7][1050/1750]  lr: 5.0050e-04  eta: 0:18:51  time: 0.1234  data_time: 0.0004  memory: 3356  grad_norm: 0.0157  loss: 1.9447  loss_cls: 0.0331  loss_bbox: 0.0302  loss_giou: 0.1033  loss_quality: 0.0541  aux_0_loss_cls: 0.2512  aux_0_loss_bbox: 0.0993  aux_0_loss_giou: 0.3141  aux_1_loss_cls: 0.1668  aux_1_loss_bbox: 0.0480  aux_1_loss_giou: 0.1620  aux_2_loss_cls: 0.0824  aux_2_loss_bbox: 0.0409  aux_2_loss_giou: 0.1423  aux_3_loss_cls: 0.0495  aux_3_loss_bbox: 0.0395  aux_3_loss_giou: 0.1368  aux_4_loss_cls: 0.0424  aux_4_loss_bbox: 0.0339  aux_4_loss_giou: 0.1149
2026/08/09 00:17:13 - mmengine - INFO - Epoch(train)  [7][1100/1750]  lr: 5.0050e-04  eta: 0:18:45  time: 0.1312  data_time: 0.0004  memory: 7243  grad_norm: 0.0176  loss: 1.8962  loss_cls: 0.0351  loss_bbox: 0.0299  loss_giou: 0.1064  loss_quality: 0.0565  aux_0_loss_cls: 0.2393  aux_0_loss_bbox: 0.0929  aux_0_loss_giou: 0.3067  aux_1_loss_cls: 0.1631  aux_1_loss_bbox: 0.0440  aux_1_loss_giou: 0.1566  aux_2_loss_cls: 0.0786  aux_2_loss_bbox: 0.0376  aux_2_loss_giou: 0.1373  aux_3_loss_cls: 0.0452  aux_3_loss_bbox: 0.0370  aux_3_loss_giou: 0.1340  aux_4_loss_cls: 0.0443  aux_4_loss_bbox: 0.0332  aux_4_loss_giou: 0.1186
2026/08/09 00:17:18 - mmengine - INFO - Epoch(train)  [7][1150/1750]  lr: 5.0050e-04  eta: 0:18:38  time: 0.0986  data_time: 0.0004  memory: 2793  grad_norm: 0.0203  loss: 2.0915  loss_cls: 0.0434  loss_bbox: 0.0367  loss_giou: 0.1167  loss_quality: 0.0601  aux_0_loss_cls: 0.2522  aux_0_loss_bbox: 0.1101  aux_0_loss_giou: 0.3251  aux_1_loss_cls: 0.1653  aux_1_loss_bbox: 0.0545  aux_1_loss_giou: 0.1687  aux_2_loss_cls: 0.0832  aux_2_loss_bbox: 0.0479  aux_2_loss_giou: 0.1507  aux_3_loss_cls: 0.0574  aux_3_loss_bbox: 0.0471  aux_3_loss_giou: 0.1487  aux_4_loss_cls: 0.0532  aux_4_loss_bbox: 0.0407  aux_4_loss_giou: 0.1297
2026/08/09 00:17:24 - mmengine - INFO - Epoch(train)  [7][1200/1750]  lr: 5.0050e-04  eta: 0:18:32  time: 0.1115  data_time: 0.0004  memory: 6992  grad_norm: 0.0172  loss: 2.0439  loss_cls: 0.0417  loss_bbox: 0.0338  loss_giou: 0.1112  loss_quality: 0.0573  aux_0_loss_cls: 0.2522  aux_0_loss_bbox: 0.1040  aux_0_loss_giou: 0.3196  aux_1_loss_cls: 0.1694  aux_1_loss_bbox: 0.0529  aux_1_loss_giou: 0.1680  aux_2_loss_cls: 0.0842  aux_2_loss_bbox: 0.0453  aux_2_loss_giou: 0.1477  aux_3_loss_cls: 0.0547  aux_3_loss_bbox: 0.0450  aux_3_loss_giou: 0.1462  aux_4_loss_cls: 0.0502  aux_4_loss_bbox: 0.0375  aux_4_loss_giou: 0.1229
2026/08/09 00:17:29 - mmengine - INFO - Epoch(train)  [7][1250/1750]  lr: 5.0050e-04  eta: 0:18:26  time: 0.1102  data_time: 0.0004  memory: 3074  grad_norm: 0.0185  loss: 1.9745  loss_cls: 0.0378  loss_bbox: 0.0304  loss_giou: 0.1061  loss_quality: 0.0577  aux_0_loss_cls: 0.2482  aux_0_loss_bbox: 0.0992  aux_0_loss_giou: 0.3233  aux_1_loss_cls: 0.1684  aux_1_loss_bbox: 0.0479  aux_1_loss_giou: 0.1647  aux_2_loss_cls: 0.0826  aux_2_loss_bbox: 0.0410  aux_2_loss_giou: 0.1441  aux_3_loss_cls: 0.0470  aux_3_loss_bbox: 0.0390  aux_3_loss_giou: 0.1382  aux_4_loss_cls: 0.0467  aux_4_loss_bbox: 0.0338  aux_4_loss_giou: 0.1184
2026/08/09 00:17:34 - mmengine - INFO - Epoch(train)  [7][1300/1750]  lr: 5.0050e-04  eta: 0:18:19  time: 0.1000  data_time: 0.0004  memory: 2884  grad_norm: 0.0170  loss: 1.9067  loss_cls: 0.0329  loss_bbox: 0.0296  loss_giou: 0.1025  loss_quality: 0.0551  aux_0_loss_cls: 0.2444  aux_0_loss_bbox: 0.0991  aux_0_loss_giou: 0.3156  aux_1_loss_cls: 0.1618  aux_1_loss_bbox: 0.0467  aux_1_loss_giou: 0.1580  aux_2_loss_cls: 0.0777  aux_2_loss_bbox: 0.0388  aux_2_loss_giou: 0.1362  aux_3_loss_cls: 0.0461  aux_3_loss_bbox: 0.0382  aux_3_loss_giou: 0.1330  aux_4_loss_cls: 0.0432  aux_4_loss_bbox: 0.0332  aux_4_loss_giou: 0.1147
2026/08/09 00:17:40 - mmengine - INFO - Epoch(train)  [7][1350/1750]  lr: 5.0050e-04  eta: 0:18:13  time: 0.1182  data_time: 0.0004  memory: 10462  grad_norm: 0.0155  loss: 1.9362  loss_cls: 0.0356  loss_bbox: 0.0288  loss_giou: 0.1044  loss_quality: 0.0564  aux_0_loss_cls: 0.2481  aux_0_loss_bbox: 0.0957  aux_0_loss_giou: 0.3143  aux_1_loss_cls: 0.1684  aux_1_loss_bbox: 0.0456  aux_1_loss_giou: 0.1602  aux_2_loss_cls: 0.0849  aux_2_loss_bbox: 0.0385  aux_2_loss_giou: 0.1395  aux_3_loss_cls: 0.0461  aux_3_loss_bbox: 0.0378  aux_3_loss_giou: 0.1368  aux_4_loss_cls: 0.0448  aux_4_loss_bbox: 0.0326  aux_4_loss_giou: 0.1177
2026/08/09 00:17:46 - mmengine - INFO - Epoch(train)  [7][1400/1750]  lr: 5.0050e-04  eta: 0:18:07  time: 0.1222  data_time: 0.0004  memory: 9665  grad_norm: 0.0163  loss: 1.9555  loss_cls: 0.0391  loss_bbox: 0.0311  loss_giou: 0.1060  loss_quality: 0.0567  aux_0_loss_cls: 0.2469  aux_0_loss_bbox: 0.0973  aux_0_loss_giou: 0.3102  aux_1_loss_cls: 0.1649  aux_1_loss_bbox: 0.0473  aux_1_loss_giou: 0.1604  aux_2_loss_cls: 0.0802  aux_2_loss_bbox: 0.0407  aux_2_loss_giou: 0.1419  aux_3_loss_cls: 0.0507  aux_3_loss_bbox: 0.0405  aux_3_loss_giou: 0.1398  aux_4_loss_cls: 0.0477  aux_4_loss_bbox: 0.0350  aux_4_loss_giou: 0.1192
2026/08/09 00:17:51 - mmengine - INFO - Epoch(train)  [7][1450/1750]  lr: 5.0050e-04  eta: 0:18:00  time: 0.1002  data_time: 0.0004  memory: 2791  grad_norm: 0.0164  loss: 1.9156  loss_cls: 0.0344  loss_bbox: 0.0294  loss_giou: 0.1056  loss_quality: 0.0552  aux_0_loss_cls: 0.2449  aux_0_loss_bbox: 0.0969  aux_0_loss_giou: 0.3107  aux_1_loss_cls: 0.1625  aux_1_loss_bbox: 0.0464  aux_1_loss_giou: 0.1582  aux_2_loss_cls: 0.0798  aux_2_loss_bbox: 0.0393  aux_2_loss_giou: 0.1400  aux_3_loss_cls: 0.0448  aux_3_loss_bbox: 0.0384  aux_3_loss_giou: 0.1366  aux_4_loss_cls: 0.0437  aux_4_loss_bbox: 0.0328  aux_4_loss_giou: 0.1162
2026/08/09 00:17:57 - mmengine - INFO - Exp name: capr_quality_final_only_train_24obj_20260808_234630
2026/08/09 00:17:57 - mmengine - INFO - Epoch(train)  [7][1500/1750]  lr: 5.0050e-04  eta: 0:17:54  time: 0.1061  data_time: 0.0004  memory: 2782  grad_norm: 0.0162  loss: 1.9130  loss_cls: 0.0345  loss_bbox: 0.0308  loss_giou: 0.1036  loss_quality: 0.0545  aux_0_loss_cls: 0.2452  aux_0_loss_bbox: 0.0967  aux_0_loss_giou: 0.3001  aux_1_loss_cls: 0.1650  aux_1_loss_bbox: 0.0476  aux_1_loss_giou: 0.1566  aux_2_loss_cls: 0.0842  aux_2_loss_bbox: 0.0405  aux_2_loss_giou: 0.1379  aux_3_loss_cls: 0.0496  aux_3_loss_bbox: 0.0392  aux_3_loss_giou: 0.1326  aux_4_loss_cls: 0.0440  aux_4_loss_bbox: 0.0346  aux_4_loss_giou: 0.1159
2026/08/09 00:18:03 - mmengine - INFO - Epoch(train)  [7][1550/1750]  lr: 5.0050e-04  eta: 0:17:48  time: 0.1253  data_time: 0.0004  memory: 2855  grad_norm: 0.0158  loss: 1.9639  loss_cls: 0.0359  loss_bbox: 0.0320  loss_giou: 0.1086  loss_quality: 0.0567  aux_0_loss_cls: 0.2510  aux_0_loss_bbox: 0.0999  aux_0_loss_giou: 0.3105  aux_1_loss_cls: 0.1693  aux_1_loss_bbox: 0.0483  aux_1_loss_giou: 0.1592  aux_2_loss_cls: 0.0812  aux_2_loss_bbox: 0.0420  aux_2_loss_giou: 0.1415  aux_3_loss_cls: 0.0483  aux_3_loss_bbox: 0.0404  aux_3_loss_giou: 0.1376  aux_4_loss_cls: 0.0449  aux_4_loss_bbox: 0.0358  aux_4_loss_giou: 0.1208
2026/08/09 00:18:09 - mmengine - INFO - Epoch(train)  [7][1600/1750]  lr: 5.0050e-04  eta: 0:17:42  time: 0.1196  data_time: 0.0004  memory: 2998  grad_norm: 0.0161  loss: 2.0074  loss_cls: 0.0399  loss_bbox: 0.0329  loss_giou: 0.1103  loss_quality: 0.0577  aux_0_loss_cls: 0.2517  aux_0_loss_bbox: 0.1027  aux_0_loss_giou: 0.3217  aux_1_loss_cls: 0.1693  aux_1_loss_bbox: 0.0508  aux_1_loss_giou: 0.1632  aux_2_loss_cls: 0.0839  aux_2_loss_bbox: 0.0427  aux_2_loss_giou: 0.1419  aux_3_loss_cls: 0.0511  aux_3_loss_bbox: 0.0416  aux_3_loss_giou: 0.1385  aux_4_loss_cls: 0.0482  aux_4_loss_bbox: 0.0367  aux_4_loss_giou: 0.1227
2026/08/09 00:18:14 - mmengine - INFO - Epoch(train)  [7][1650/1750]  lr: 5.0050e-04  eta: 0:17:36  time: 0.1088  data_time: 0.0004  memory: 3075  grad_norm: 0.0165  loss: 1.9402  loss_cls: 0.0376  loss_bbox: 0.0307  loss_giou: 0.1057  loss_quality: 0.0569  aux_0_loss_cls: 0.2452  aux_0_loss_bbox: 0.0981  aux_0_loss_giou: 0.3101  aux_1_loss_cls: 0.1628  aux_1_loss_bbox: 0.0472  aux_1_loss_giou: 0.1567  aux_2_loss_cls: 0.0815  aux_2_loss_bbox: 0.0403  aux_2_loss_giou: 0.1373  aux_3_loss_cls: 0.0527  aux_3_loss_bbox: 0.0402  aux_3_loss_giou: 0.1373  aux_4_loss_cls: 0.0474  aux_4_loss_bbox: 0.0346  aux_4_loss_giou: 0.1178
2026/08/09 00:18:20 - mmengine - INFO - Epoch(train)  [7][1700/1750]  lr: 5.0050e-04  eta: 0:17:29  time: 0.1100  data_time: 0.0004  memory: 3075  grad_norm: 0.0185  loss: 2.0251  loss_cls: 0.0367  loss_bbox: 0.0336  loss_giou: 0.1138  loss_quality: 0.0579  aux_0_loss_cls: 0.2527  aux_0_loss_bbox: 0.1039  aux_0_loss_giou: 0.3248  aux_1_loss_cls: 0.1682  aux_1_loss_bbox: 0.0495  aux_1_loss_giou: 0.1662  aux_2_loss_cls: 0.0823  aux_2_loss_bbox: 0.0425  aux_2_loss_giou: 0.1457  aux_3_loss_cls: 0.0512  aux_3_loss_bbox: 0.0424  aux_3_loss_giou: 0.1443  aux_4_loss_cls: 0.0454  aux_4_loss_bbox: 0.0372  aux_4_loss_giou: 0.1267
2026/08/09 00:18:26 - mmengine - INFO - Exp name: capr_quality_final_only_train_24obj_20260808_234630
2026/08/09 00:18:26 - mmengine - INFO - Epoch(train)  [7][1750/1750]  lr: 5.0050e-04  eta: 0:17:24  time: 0.1311  data_time: 0.0005  memory: 19834  grad_norm: 0.0166  loss: 1.9111  loss_cls: 0.0357  loss_bbox: 0.0295  loss_giou: 0.1015  loss_quality: 0.0558  aux_0_loss_cls: 0.2426  aux_0_loss_bbox: 0.0999  aux_0_loss_giou: 0.3120  aux_1_loss_cls: 0.1642  aux_1_loss_bbox: 0.0472  aux_1_loss_giou: 0.1573  aux_2_loss_cls: 0.0773  aux_2_loss_bbox: 0.0396  aux_2_loss_giou: 0.1369  aux_3_loss_cls: 0.0471  aux_3_loss_bbox: 0.0388  aux_3_loss_giou: 0.1336  aux_4_loss_cls: 0.0456  aux_4_loss_bbox: 0.0332  aux_4_loss_giou: 0.1134
2026/08/09 00:18:26 - mmengine - INFO - Saving checkpoint at 7 epochs
2026/08/09 00:18:34 - mmengine - INFO - Epoch(val)  [7][ 50/500]    eta: 0:00:55  time: 0.1240  data_time: 0.0006  memory: 809  
2026/08/09 00:18:40 - mmengine - INFO - Epoch(val)  [7][100/500]    eta: 0:00:49  time: 0.1247  data_time: 0.0002  memory: 805  
2026/08/09 00:18:47 - mmengine - INFO - Epoch(val)  [7][150/500]    eta: 0:00:43  time: 0.1248  data_time: 0.0002  memory: 822  
2026/08/09 00:18:53 - mmengine - INFO - Epoch(val)  [7][200/500]    eta: 0:00:37  time: 0.1247  data_time: 0.0002  memory: 822  
2026/08/09 00:18:59 - mmengine - INFO - Epoch(val)  [7][250/500]    eta: 0:00:31  time: 0.1252  data_time: 0.0002  memory: 822  
2026/08/09 00:19:05 - mmengine - INFO - Epoch(val)  [7][300/500]    eta: 0:00:24  time: 0.1256  data_time: 0.0002  memory: 822  
2026/08/09 00:19:12 - mmengine - INFO - Epoch(val)  [7][350/500]    eta: 0:00:18  time: 0.1268  data_time: 0.0002  memory: 805  
2026/08/09 00:19:18 - mmengine - INFO - Epoch(val)  [7][400/500]    eta: 0:00:12  time: 0.1257  data_time: 0.0002  memory: 809  
2026/08/09 00:19:24 - mmengine - INFO - Epoch(val)  [7][450/500]    eta: 0:00:06  time: 0.1260  data_time: 0.0002  memory: 822  
2026/08/09 00:19:31 - mmengine - INFO - Epoch(val)  [7][500/500]    eta: 0:00:00  time: 0.1254  data_time: 0.0002  memory: 814  
2026/08/09 00:19:32 - mmengine - INFO - Evaluating bbox...
2026/08/09 00:19:39 - mmengine - INFO - 
+----------+-------+--------+--------+-------+-------+-------+
| category | mAP   | mAP_50 | mAP_75 | mAP_s | mAP_m | mAP_l |
+----------+-------+--------+--------+-------+-------+-------+
| A1       | 0.922 | 0.99   | 0.98   | nan   | 0.891 | 0.93  |
| A2       | 0.914 | 0.989  | 0.979  | nan   | 0.879 | 0.924 |
| A3       | 0.913 | 0.996  | 0.985  | nan   | 0.897 | 0.935 |
| B4       | 0.912 | 0.99   | 0.98   | nan   | 0.898 | 0.943 |
| B5       | 0.916 | 0.989  | 0.989  | nan   | 0.905 | 0.946 |
| C6       | 0.908 | 0.99   | 0.979  | nan   | 0.903 | 0.937 |
| C7       | 0.903 | 0.99   | 0.979  | nan   | 0.901 | 0.928 |
| C8       | 0.898 | 0.99   | 0.989  | nan   | 0.896 | 0.942 |
| C9       | 0.886 | 0.99   | 0.98   | nan   | 0.885 | 0.937 |
| C10      | 0.889 | 0.99   | 0.979  | nan   | 0.888 | 0.942 |
| C11      | 0.886 | 0.99   | 0.979  | nan   | 0.885 | 0.919 |
| C12      | 0.896 | 0.993  | 0.989  | nan   | 0.896 | 0.969 |
| D13      | 0.865 | 0.989  | 0.978  | nan   | 0.865 | 0.5   |
| D14      | 0.862 | 0.99   | 0.976  | nan   | 0.862 | nan   |
| D15      | 0.85  | 0.983  | 0.965  | nan   | 0.85  | nan   |
| E16      | 0.861 | 0.99   | 0.978  | nan   | 0.861 | nan   |
| E17      | 0.85  | 0.99   | 0.978  | nan   | 0.85  | nan   |
| E18      | 0.843 | 0.989  | 0.96   | nan   | 0.843 | nan   |
| F19      | 0.824 | 0.989  | 0.96   | 0.57  | 0.825 | nan   |
| F20      | 0.83  | 0.99   | 0.959  | 0.4   | 0.83  | nan   |
| G21      | 0.799 | 0.989  | 0.95   | 0.647 | 0.807 | nan   |
| G22      | 0.791 | 0.978  | 0.931  | 0.556 | 0.798 | nan   |
| X        | 0.887 | 0.985  | 0.976  | nan   | 0.886 | 0.9   |
| Y        | 0.787 | 0.979  | 0.924  | 0.552 | 0.799 | nan   |
+----------+-------+--------+--------+-------+-------+-------+
2026/08/09 00:19:39 - mmengine - INFO - bbox_mAP_copypaste: 0.871 0.989 0.972 0.545 0.867 0.904
2026/08/09 00:19:39 - mmengine - INFO - Epoch(val) [7][500/500]    coco/A1_precision: 0.9220  coco/A1_mAP_50: 0.9900  coco/A1_mAP_75: 0.9800  coco/A1_mAP_s: nan  coco/A1_mAP_m: 0.8910  coco/A1_mAP_l: 0.9300  coco/A2_precision: 0.9140  coco/A2_mAP_50: 0.9890  coco/A2_mAP_75: 0.9790  coco/A2_mAP_s: nan  coco/A2_mAP_m: 0.8790  coco/A2_mAP_l: 0.9240  coco/A3_precision: 0.9130  coco/A3_mAP_50: 0.9960  coco/A3_mAP_75: 0.9850  coco/A3_mAP_s: nan  coco/A3_mAP_m: 0.8970  coco/A3_mAP_l: 0.9350  coco/B4_precision: 0.9120  coco/B4_mAP_50: 0.9900  coco/B4_mAP_75: 0.9800  coco/B4_mAP_s: nan  coco/B4_mAP_m: 0.8980  coco/B4_mAP_l: 0.9430  coco/B5_precision: 0.9160  coco/B5_mAP_50: 0.9890  coco/B5_mAP_75: 0.9890  coco/B5_mAP_s: nan  coco/B5_mAP_m: 0.9050  coco/B5_mAP_l: 0.9460  coco/C6_precision: 0.9080  coco/C6_mAP_50: 0.9900  coco/C6_mAP_75: 0.9790  coco/C6_mAP_s: nan  coco/C6_mAP_m: 0.9030  coco/C6_mAP_l: 0.9370  coco/C7_precision: 0.9030  coco/C7_mAP_50: 0.9900  coco/C7_mAP_75: 0.9790  coco/C7_mAP_s: nan  coco/C7_mAP_m: 0.9010  coco/C7_mAP_l: 0.9280  coco/C8_precision: 0.8980  coco/C8_mAP_50: 0.9900  coco/C8_mAP_75: 0.9890  coco/C8_mAP_s: nan  coco/C8_mAP_m: 0.8960  coco/C8_mAP_l: 0.9420  coco/C9_precision: 0.8860  coco/C9_mAP_50: 0.9900  coco/C9_mAP_75: 0.9800  coco/C9_mAP_s: nan  coco/C9_mAP_m: 0.8850  coco/C9_mAP_l: 0.9370  coco/C10_precision: 0.8890  coco/C10_mAP_50: 0.9900  coco/C10_mAP_75: 0.9790  coco/C10_mAP_s: nan  coco/C10_mAP_m: 0.8880  coco/C10_mAP_l: 0.9420  coco/C11_precision: 0.8860  coco/C11_mAP_50: 0.9900  coco/C11_mAP_75: 0.9790  coco/C11_mAP_s: nan  coco/C11_mAP_m: 0.8850  coco/C11_mAP_l: 0.9190  coco/C12_precision: 0.8960  coco/C12_mAP_50: 0.9930  coco/C12_mAP_75: 0.9890  coco/C12_mAP_s: nan  coco/C12_mAP_m: 0.8960  coco/C12_mAP_l: 0.9690  coco/D13_precision: 0.8650  coco/D13_mAP_50: 0.9890  coco/D13_mAP_75: 0.9780  coco/D13_mAP_s: nan  coco/D13_mAP_m: 0.8650  coco/D13_mAP_l: 0.5000  coco/D14_precision: 0.8620  coco/D14_mAP_50: 0.9900  coco/D14_mAP_75: 0.9760  coco/D14_mAP_s: nan  coco/D14_mAP_m: 0.8620  coco/D14_mAP_l: nan  coco/D15_precision: 0.8500  coco/D15_mAP_50: 0.9830  coco/D15_mAP_75: 0.9650  coco/D15_mAP_s: nan  coco/D15_mAP_m: 0.8500  coco/D15_mAP_l: nan  coco/E16_precision: 0.8610  coco/E16_mAP_50: 0.9900  coco/E16_mAP_75: 0.9780  coco/E16_mAP_s: nan  coco/E16_mAP_m: 0.8610  coco/E16_mAP_l: nan  coco/E17_precision: 0.8500  coco/E17_mAP_50: 0.9900  coco/E17_mAP_75: 0.9780  coco/E17_mAP_s: nan  coco/E17_mAP_m: 0.8500  coco/E17_mAP_l: nan  coco/E18_precision: 0.8430  coco/E18_mAP_50: 0.9890  coco/E18_mAP_75: 0.9600  coco/E18_mAP_s: nan  coco/E18_mAP_m: 0.8430  coco/E18_mAP_l: nan  coco/F19_precision: 0.8240  coco/F19_mAP_50: 0.9890  coco/F19_mAP_75: 0.9600  coco/F19_mAP_s: 0.5700  coco/F19_mAP_m: 0.8250  coco/F19_mAP_l: nan  coco/F20_precision: 0.8300  coco/F20_mAP_50: 0.9900  coco/F20_mAP_75: 0.9590  coco/F20_mAP_s: 0.4000  coco/F20_mAP_m: 0.8300  coco/F20_mAP_l: nan  coco/G21_precision: 0.7990  coco/G21_mAP_50: 0.9890  coco/G21_mAP_75: 0.9500  coco/G21_mAP_s: 0.6470  coco/G21_mAP_m: 0.8070  coco/G21_mAP_l: nan  coco/G22_precision: 0.7910  coco/G22_mAP_50: 0.9780  coco/G22_mAP_75: 0.9310  coco/G22_mAP_s: 0.5560  coco/G22_mAP_m: 0.7980  coco/G22_mAP_l: nan  coco/X_precision: 0.8870  coco/X_mAP_50: 0.9850  coco/X_mAP_75: 0.9760  coco/X_mAP_s: nan  coco/X_mAP_m: 0.8860  coco/X_mAP_l: 0.9000  coco/Y_precision: 0.7870  coco/Y_mAP_50: 0.9790  coco/Y_mAP_75: 0.9240  coco/Y_mAP_s: 0.5520  coco/Y_mAP_m: 0.7990  coco/Y_mAP_l: nan  coco/bbox_mAP: 0.8710  coco/bbox_mAP_50: 0.9890  coco/bbox_mAP_75: 0.9720  coco/bbox_mAP_s: 0.5450  coco/bbox_mAP_m: 0.8670  coco/bbox_mAP_l: 0.9040  data_time: 0.0002  time: 0.1253
2026/08/09 00:19:45 - mmengine - INFO - Epoch(train)  [8][  50/1750]  lr: 3.7122e-04  eta: 0:17:18  time: 0.1163  data_time: 0.0014  memory: 2748  grad_norm: 0.0167  loss: 2.1006  loss_cls: 0.0442  loss_bbox: 0.0371  loss_giou: 0.1130  loss_quality: 0.0577  aux_0_loss_cls: 0.2566  aux_0_loss_bbox: 0.1133  aux_0_loss_giou: 0.3265  aux_1_loss_cls: 0.1735  aux_1_loss_bbox: 0.0570  aux_1_loss_giou: 0.1718  aux_2_loss_cls: 0.0865  aux_2_loss_bbox: 0.0489  aux_2_loss_giou: 0.1499  aux_3_loss_cls: 0.0543  aux_3_loss_bbox: 0.0467  aux_3_loss_giou: 0.1446  aux_4_loss_cls: 0.0526  aux_4_loss_bbox: 0.0412  aux_4_loss_giou: 0.1254
2026/08/09 00:19:51 - mmengine - INFO - Epoch(train)  [8][ 100/1750]  lr: 3.7122e-04  eta: 0:17:12  time: 0.1234  data_time: 0.0004  memory: 9959  grad_norm: 0.0161  loss: 1.9558  loss_cls: 0.0346  loss_bbox: 0.0304  loss_giou: 0.1062  loss_quality: 0.0567  aux_0_loss_cls: 0.2471  aux_0_loss_bbox: 0.1008  aux_0_loss_giou: 0.3172  aux_1_loss_cls: 0.1611  aux_1_loss_bbox: 0.0485  aux_1_loss_giou: 0.1642  aux_2_loss_cls: 0.0779  aux_2_loss_bbox: 0.0402  aux_2_loss_giou: 0.1422  aux_3_loss_cls: 0.0490  aux_3_loss_bbox: 0.0402  aux_3_loss_giou: 0.1403  aux_4_loss_cls: 0.0457  aux_4_loss_bbox: 0.0339  aux_4_loss_giou: 0.1193
2026/08/09 00:19:56 - mmengine - INFO - Epoch(train)  [8][ 150/1750]  lr: 3.7122e-04  eta: 0:17:05  time: 0.1060  data_time: 0.0004  memory: 2803  grad_norm: 0.0153  loss: 1.9334  loss_cls: 0.0361  loss_bbox: 0.0312  loss_giou: 0.1062  loss_quality: 0.0567  aux_0_loss_cls: 0.2456  aux_0_loss_bbox: 0.1003  aux_0_loss_giou: 0.3110  aux_1_loss_cls: 0.1643  aux_1_loss_bbox: 0.0482  aux_1_loss_giou: 0.1568  aux_2_loss_cls: 0.0806  aux_2_loss_bbox: 0.0409  aux_2_loss_giou: 0.1369  aux_3_loss_cls: 0.0466  aux_3_loss_bbox: 0.0398  aux_3_loss_giou: 0.1343  aux_4_loss_cls: 0.0450  aux_4_loss_bbox: 0.0348  aux_4_loss_giou: 0.1180
2026/08/09 00:20:02 - mmengine - INFO - Epoch(train)  [8][ 200/1750]  lr: 3.7122e-04  eta: 0:16:59  time: 0.1188  data_time: 0.0004  memory: 19015  grad_norm: 0.0170  loss: 1.9770  loss_cls: 0.0359  loss_bbox: 0.0330  loss_giou: 0.1091  loss_quality: 0.0571  aux_0_loss_cls: 0.2468  aux_0_loss_bbox: 0.1022  aux_0_loss_giou: 0.3162  aux_1_loss_cls: 0.1652  aux_1_loss_bbox: 0.0500  aux_1_loss_giou: 0.1637  aux_2_loss_cls: 0.0791  aux_2_loss_bbox: 0.0425  aux_2_loss_giou: 0.1426  aux_3_loss_cls: 0.0496  aux_3_loss_bbox: 0.0419  aux_3_loss_giou: 0.1397  aux_4_loss_cls: 0.0451  aux_4_loss_bbox: 0.0367  aux_4_loss_giou: 0.1205
2026/08/09 00:20:08 - mmengine - INFO - Epoch(train)  [8][ 250/1750]  lr: 3.7122e-04  eta: 0:16:53  time: 0.1088  data_time: 0.0004  memory: 2575  grad_norm: 0.0161  loss: 1.9760  loss_cls: 0.0378  loss_bbox: 0.0312  loss_giou: 0.1063  loss_quality: 0.0569  aux_0_loss_cls: 0.2537  aux_0_loss_bbox: 0.1000  aux_0_loss_giou: 0.3189  aux_1_loss_cls: 0.1679  aux_1_loss_bbox: 0.0490  aux_1_loss_giou: 0.1624  aux_2_loss_cls: 0.0833  aux_2_loss_bbox: 0.0408  aux_2_loss_giou: 0.1409  aux_3_loss_cls: 0.0507  aux_3_loss_bbox: 0.0395  aux_3_loss_giou: 0.1367  aux_4_loss_cls: 0.0466  aux_4_loss_bbox: 0.0345  aux_4_loss_giou: 0.1187
2026/08/09 00:20:13 - mmengine - INFO - Epoch(train)  [8][ 300/1750]  lr: 3.7122e-04  eta: 0:16:46  time: 0.0982  data_time: 0.0004  memory: 2664  grad_norm: 0.0164  loss: 1.9329  loss_cls: 0.0376  loss_bbox: 0.0302  loss_giou: 0.1036  loss_quality: 0.0561  aux_0_loss_cls: 0.2451  aux_0_loss_bbox: 0.0994  aux_0_loss_giou: 0.3108  aux_1_loss_cls: 0.1627  aux_1_loss_bbox: 0.0477  aux_1_loss_giou: 0.1587  aux_2_loss_cls: 0.0800  aux_2_loss_bbox: 0.0403  aux_2_loss_giou: 0.1386  aux_3_loss_cls: 0.0487  aux_3_loss_bbox: 0.0396  aux_3_loss_giou: 0.1347  aux_4_loss_cls: 0.0468  aux_4_loss_bbox: 0.0344  aux_4_loss_giou: 0.1178
2026/08/09 00:20:18 - mmengine - INFO - Epoch(train)  [8][ 350/1750]  lr: 3.7122e-04  eta: 0:16:40  time: 0.1108  data_time: 0.0004  memory: 2739  grad_norm: 0.0164  loss: 1.9545  loss_cls: 0.0358  loss_bbox: 0.0312  loss_giou: 0.1046  loss_quality: 0.0562  aux_0_loss_cls: 0.2492  aux_0_loss_bbox: 0.0976  aux_0_loss_giou: 0.3075  aux_1_loss_cls: 0.1676  aux_1_loss_bbox: 0.0490  aux_1_loss_giou: 0.1616  aux_2_loss_cls: 0.0807  aux_2_loss_bbox: 0.0416  aux_2_loss_giou: 0.1415  aux_3_loss_cls: 0.0493  aux_3_loss_bbox: 0.0411  aux_3_loss_giou: 0.1388  aux_4_loss_cls: 0.0465  aux_4_loss_bbox: 0.0356  aux_4_loss_giou: 0.1189
2026/08/09 00:20:24 - mmengine - INFO - Epoch(train)  [8][ 400/1750]  lr: 3.7122e-04  eta: 0:16:34  time: 0.1196  data_time: 0.0004  memory: 2793  grad_norm: 0.0160  loss: 1.9466  loss_cls: 0.0349  loss_bbox: 0.0311  loss_giou: 0.1038  loss_quality: 0.0557  aux_0_loss_cls: 0.2465  aux_0_loss_bbox: 0.1014  aux_0_loss_giou: 0.3094  aux_1_loss_cls: 0.1640  aux_1_loss_bbox: 0.0494  aux_1_loss_giou: 0.1626  aux_2_loss_cls: 0.0798  aux_2_loss_bbox: 0.0419  aux_2_loss_giou: 0.1429  aux_3_loss_cls: 0.0472  aux_3_loss_bbox: 0.0411  aux_3_loss_giou: 0.1390  aux_4_loss_cls: 0.0442  aux_4_loss_bbox: 0.0352  aux_4_loss_giou: 0.1164
2026/08/09 00:20:31 - mmengine - INFO - Epoch(train)  [8][ 450/1750]  lr: 3.7122e-04  eta: 0:16:29  time: 0.1303  data_time: 0.0004  memory: 6895  grad_norm: 0.0171  loss: 1.9556  loss_cls: 0.0374  loss_bbox: 0.0322  loss_giou: 0.1054  loss_quality: 0.0559  aux_0_loss_cls: 0.2467  aux_0_loss_bbox: 0.1002  aux_0_loss_giou: 0.3081  aux_1_loss_cls: 0.1635  aux_1_loss_bbox: 0.0499  aux_1_loss_giou: 0.1619  aux_2_loss_cls: 0.0806  aux_2_loss_bbox: 0.0425  aux_2_loss_giou: 0.1421  aux_3_loss_cls: 0.0488  aux_3_loss_bbox: 0.0412  aux_3_loss_giou: 0.1373  aux_4_loss_cls: 0.0460  aux_4_loss_bbox: 0.0362  aux_4_loss_giou: 0.1196
2026/08/09 00:20:36 - mmengine - INFO - Epoch(train)  [8][ 500/1750]  lr: 3.7122e-04  eta: 0:16:22  time: 0.1109  data_time: 0.0004  memory: 2933  grad_norm: 0.0174  loss: 1.9406  loss_cls: 0.0330  loss_bbox: 0.0309  loss_giou: 0.1070  loss_quality: 0.0558  aux_0_loss_cls: 0.2468  aux_0_loss_bbox: 0.0995  aux_0_loss_giou: 0.3147  aux_1_loss_cls: 0.1650  aux_1_loss_bbox: 0.0475  aux_1_loss_giou: 0.1601  aux_2_loss_cls: 0.0815  aux_2_loss_bbox: 0.0409  aux_2_loss_giou: 0.1409  aux_3_loss_cls: 0.0466  aux_3_loss_bbox: 0.0396  aux_3_loss_giou: 0.1372  aux_4_loss_cls: 0.0424  aux_4_loss_bbox: 0.0340  aux_4_loss_giou: 0.1171
2026/08/09 00:20:42 - mmengine - INFO - Epoch(train)  [8][ 550/1750]  lr: 3.7122e-04  eta: 0:16:16  time: 0.1108  data_time: 0.0004  memory: 2901  grad_norm: 0.0165  loss: 2.0112  loss_cls: 0.0385  loss_bbox: 0.0327  loss_giou: 0.1111  loss_quality: 0.0573  aux_0_loss_cls: 0.2513  aux_0_loss_bbox: 0.1021  aux_0_loss_giou: 0.3217  aux_1_loss_cls: 0.1689  aux_1_loss_bbox: 0.0503  aux_1_loss_giou: 0.1633  aux_2_loss_cls: 0.0841  aux_2_loss_bbox: 0.0431  aux_2_loss_giou: 0.1437  aux_3_loss_cls: 0.0511  aux_3_loss_bbox: 0.0421  aux_3_loss_giou: 0.1416  aux_4_loss_cls: 0.0480  aux_4_loss_bbox: 0.0365  aux_4_loss_giou: 0.1238
2026/08/09 00:20:47 - mmengine - INFO - Epoch(train)  [8][ 600/1750]  lr: 3.7122e-04  eta: 0:16:10  time: 0.1077  data_time: 0.0004  memory: 2686  grad_norm: 0.0159  loss: 1.9059  loss_cls: 0.0333  loss_bbox: 0.0301  loss_giou: 0.1069  loss_quality: 0.0553  aux_0_loss_cls: 0.2449  aux_0_loss_bbox: 0.0942  aux_0_loss_giou: 0.3059  aux_1_loss_cls: 0.1619  aux_1_loss_bbox: 0.0459  aux_1_loss_giou: 0.1587  aux_2_loss_cls: 0.0791  aux_2_loss_bbox: 0.0384  aux_2_loss_giou: 0.1380  aux_3_loss_cls: 0.0450  aux_3_loss_bbox: 0.0378  aux_3_loss_giou: 0.1342  aux_4_loss_cls: 0.0433  aux_4_loss_bbox: 0.0339  aux_4_loss_giou: 0.1192
2026/08/09 00:20:54 - mmengine - INFO - Epoch(train)  [8][ 650/1750]  lr: 3.7122e-04  eta: 0:16:04  time: 0.1295  data_time: 0.0004  memory: 19283  grad_norm: 0.0144  loss: 1.8698  loss_cls: 0.0334  loss_bbox: 0.0293  loss_giou: 0.0978  loss_quality: 0.0535  aux_0_loss_cls: 0.2417  aux_0_loss_bbox: 0.0988  aux_0_loss_giou: 0.3061  aux_1_loss_cls: 0.1634  aux_1_loss_bbox: 0.0463  aux_1_loss_giou: 0.1526  aux_2_loss_cls: 0.0797  aux_2_loss_bbox: 0.0389  aux_2_loss_giou: 0.1325  aux_3_loss_cls: 0.0457  aux_3_loss_bbox: 0.0381  aux_3_loss_giou: 0.1282  aux_4_loss_cls: 0.0415  aux_4_loss_bbox: 0.0327  aux_4_loss_giou: 0.1094
2026/08/09 00:20:59 - mmengine - INFO - Epoch(train)  [8][ 700/1750]  lr: 3.7122e-04  eta: 0:15:58  time: 0.1008  data_time: 0.0004  memory: 3014  grad_norm: 0.0170  loss: 2.0138  loss_cls: 0.0392  loss_bbox: 0.0328  loss_giou: 0.1100  loss_quality: 0.0574  aux_0_loss_cls: 0.2506  aux_0_loss_bbox: 0.1043  aux_0_loss_giou: 0.3261  aux_1_loss_cls: 0.1668  aux_1_loss_bbox: 0.0498  aux_1_loss_giou: 0.1652  aux_2_loss_cls: 0.0829  aux_2_loss_bbox: 0.0423  aux_2_loss_giou: 0.1441  aux_3_loss_cls: 0.0516  aux_3_loss_bbox: 0.0423  aux_3_loss_giou: 0.1416  aux_4_loss_cls: 0.0479  aux_4_loss_bbox: 0.0364  aux_4_loss_giou: 0.1225
2026/08/09 00:21:04 - mmengine - INFO - Exp name: capr_quality_final_only_train_24obj_20260808_234630
2026/08/09 00:21:04 - mmengine - INFO - Epoch(train)  [8][ 750/1750]  lr: 3.7122e-04  eta: 0:15:51  time: 0.0983  data_time: 0.0004  memory: 3072  grad_norm: 0.0167  loss: 1.8890  loss_cls: 0.0324  loss_bbox: 0.0278  loss_giou: 0.1016  loss_quality: 0.0546  aux_0_loss_cls: 0.2413  aux_0_loss_bbox: 0.0924  aux_0_loss_giou: 0.3057  aux_1_loss_cls: 0.1608  aux_1_loss_bbox: 0.0459  aux_1_loss_giou: 0.1625  aux_2_loss_cls: 0.0796  aux_2_loss_bbox: 0.0386  aux_2_loss_giou: 0.1430  aux_3_loss_cls: 0.0440  aux_3_loss_bbox: 0.0371  aux_3_loss_giou: 0.1359  aux_4_loss_cls: 0.0404  aux_4_loss_bbox: 0.0315  aux_4_loss_giou: 0.1139
2026/08/09 00:21:09 - mmengine - INFO - Epoch(train)  [8][ 800/1750]  lr: 3.7122e-04  eta: 0:15:45  time: 0.1068  data_time: 0.0004  memory: 2635  grad_norm: 0.0166  loss: 1.9429  loss_cls: 0.0390  loss_bbox: 0.0305  loss_giou: 0.1047  loss_quality: 0.0562  aux_0_loss_cls: 0.2448  aux_0_loss_bbox: 0.0980  aux_0_loss_giou: 0.3076  aux_1_loss_cls: 0.1659  aux_1_loss_bbox: 0.0483  aux_1_loss_giou: 0.1607  aux_2_loss_cls: 0.0805  aux_2_loss_bbox: 0.0397  aux_2_loss_giou: 0.1382  aux_3_loss_cls: 0.0508  aux_3_loss_bbox: 0.0404  aux_3_loss_giou: 0.1376  aux_4_loss_cls: 0.0474  aux_4_loss_bbox: 0.0345  aux_4_loss_giou: 0.1181
2026/08/09 00:21:14 - mmengine - INFO - Epoch(train)  [8][ 850/1750]  lr: 3.7122e-04  eta: 0:15:39  time: 0.1056  data_time: 0.0004  memory: 2798  grad_norm: 0.0152  loss: 1.8907  loss_cls: 0.0331  loss_bbox: 0.0300  loss_giou: 0.1005  loss_quality: 0.0545  aux_0_loss_cls: 0.2390  aux_0_loss_bbox: 0.0999  aux_0_loss_giou: 0.3130  aux_1_loss_cls: 0.1605  aux_1_loss_bbox: 0.0465  aux_1_loss_giou: 0.1563  aux_2_loss_cls: 0.0753  aux_2_loss_bbox: 0.0388  aux_2_loss_giou: 0.1351  aux_3_loss_cls: 0.0448  aux_3_loss_bbox: 0.0387  aux_3_loss_giou: 0.1336  aux_4_loss_cls: 0.0434  aux_4_loss_bbox: 0.0337  aux_4_loss_giou: 0.1141
2026/08/09 00:21:20 - mmengine - INFO - Epoch(train)  [8][ 900/1750]  lr: 3.7122e-04  eta: 0:15:33  time: 0.1204  data_time: 0.0004  memory: 7315  grad_norm: 0.0162  loss: 1.9191  loss_cls: 0.0352  loss_bbox: 0.0317  loss_giou: 0.1046  loss_quality: 0.0548  aux_0_loss_cls: 0.2463  aux_0_loss_bbox: 0.1000  aux_0_loss_giou: 0.3053  aux_1_loss_cls: 0.1661  aux_1_loss_bbox: 0.0491  aux_1_loss_giou: 0.1572  aux_2_loss_cls: 0.0800  aux_2_loss_bbox: 0.0413  aux_2_loss_giou: 0.1372  aux_3_loss_cls: 0.0450  aux_3_loss_bbox: 0.0397  aux_3_loss_giou: 0.1331  aux_4_loss_cls: 0.0427  aux_4_loss_bbox: 0.0347  aux_4_loss_giou: 0.1151
2026/08/09 00:21:25 - mmengine - INFO - Epoch(train)  [8][ 950/1750]  lr: 3.7122e-04  eta: 0:15:26  time: 0.1049  data_time: 0.0004  memory: 2853  grad_norm: 0.0163  loss: 1.9159  loss_cls: 0.0386  loss_bbox: 0.0299  loss_giou: 0.1045  loss_quality: 0.0546  aux_0_loss_cls: 0.2420  aux_0_loss_bbox: 0.0957  aux_0_loss_giou: 0.3086  aux_1_loss_cls: 0.1647  aux_1_loss_bbox: 0.0451  aux_1_loss_giou: 0.1557  aux_2_loss_cls: 0.0807  aux_2_loss_bbox: 0.0385  aux_2_loss_giou: 0.1366  aux_3_loss_cls: 0.0501  aux_3_loss_bbox: 0.0389  aux_3_loss_giou: 0.1361  aux_4_loss_cls: 0.0471  aux_4_loss_bbox: 0.0331  aux_4_loss_giou: 0.1155
2026/08/09 00:21:32 - mmengine - INFO - Epoch(train)  [8][1000/1750]  lr: 3.7122e-04  eta: 0:15:21  time: 0.1248  data_time: 0.0004  memory: 2869  grad_norm: 0.0168  loss: 2.0237  loss_cls: 0.0400  loss_bbox: 0.0352  loss_giou: 0.1122  loss_quality: 0.0572  aux_0_loss_cls: 0.2495  aux_0_loss_bbox: 0.1035  aux_0_loss_giou: 0.3046  aux_1_loss_cls: 0.1693  aux_1_loss_bbox: 0.0531  aux_1_loss_giou: 0.1640  aux_2_loss_cls: 0.0842  aux_2_loss_bbox: 0.0462  aux_2_loss_giou: 0.1457  aux_3_loss_cls: 0.0546  aux_3_loss_bbox: 0.0457  aux_3_loss_giou: 0.1431  aux_4_loss_cls: 0.0507  aux_4_loss_bbox: 0.0396  aux_4_loss_giou: 0.1251
2026/08/09 00:21:36 - mmengine - INFO - Epoch(train)  [8][1050/1750]  lr: 3.7122e-04  eta: 0:15:14  time: 0.0961  data_time: 0.0004  memory: 2794  grad_norm: 0.0161  loss: 1.9678  loss_cls: 0.0366  loss_bbox: 0.0310  loss_giou: 0.1086  loss_quality: 0.0568  aux_0_loss_cls: 0.2445  aux_0_loss_bbox: 0.1013  aux_0_loss_giou: 0.3190  aux_1_loss_cls: 0.1612  aux_1_loss_bbox: 0.0486  aux_1_loss_giou: 0.1644  aux_2_loss_cls: 0.0798  aux_2_loss_bbox: 0.0420  aux_2_loss_giou: 0.1454  aux_3_loss_cls: 0.0492  aux_3_loss_bbox: 0.0398  aux_3_loss_giou: 0.1387  aux_4_loss_cls: 0.0447  aux_4_loss_bbox: 0.0349  aux_4_loss_giou: 0.1212
2026/08/09 00:21:42 - mmengine - INFO - Epoch(train)  [8][1100/1750]  lr: 3.7122e-04  eta: 0:15:08  time: 0.1200  data_time: 0.0004  memory: 18895  grad_norm: 0.0167  loss: 1.9977  loss_cls: 0.0382  loss_bbox: 0.0330  loss_giou: 0.1120  loss_quality: 0.0573  aux_0_loss_cls: 0.2465  aux_0_loss_bbox: 0.1009  aux_0_loss_giou: 0.3134  aux_1_loss_cls: 0.1649  aux_1_loss_bbox: 0.0499  aux_1_loss_giou: 0.1658  aux_2_loss_cls: 0.0813  aux_2_loss_bbox: 0.0429  aux_2_loss_giou: 0.1463  aux_3_loss_cls: 0.0523  aux_3_loss_bbox: 0.0422  aux_3_loss_giou: 0.1428  aux_4_loss_cls: 0.0468  aux_4_loss_bbox: 0.0367  aux_4_loss_giou: 0.1246
2026/08/09 00:21:48 - mmengine - INFO - Epoch(train)  [8][1150/1750]  lr: 3.7122e-04  eta: 0:15:02  time: 0.1023  data_time: 0.0004  memory: 2791  grad_norm: 0.0161  loss: 1.9820  loss_cls: 0.0365  loss_bbox: 0.0325  loss_giou: 0.1145  loss_quality: 0.0584  aux_0_loss_cls: 0.2470  aux_0_loss_bbox: 0.0962  aux_0_loss_giou: 0.3153  aux_1_loss_cls: 0.1647  aux_1_loss_bbox: 0.0482  aux_1_loss_giou: 0.1660  aux_2_loss_cls: 0.0795  aux_2_loss_bbox: 0.0407  aux_2_loss_giou: 0.1442  aux_3_loss_cls: 0.0482  aux_3_loss_bbox: 0.0408  aux_3_loss_giou: 0.1428  aux_4_loss_cls: 0.0459  aux_4_loss_bbox: 0.0357  aux_4_loss_giou: 0.1247
2026/08/09 00:21:53 - mmengine - INFO - Epoch(train)  [8][1200/1750]  lr: 3.7122e-04  eta: 0:14:55  time: 0.1051  data_time: 0.0004  memory: 9773  grad_norm: 0.0171  loss: 1.9809  loss_cls: 0.0396  loss_bbox: 0.0323  loss_giou: 0.1084  loss_quality: 0.0570  aux_0_loss_cls: 0.2467  aux_0_loss_bbox: 0.0991  aux_0_loss_giou: 0.3137  aux_1_loss_cls: 0.1672  aux_1_loss_bbox: 0.0490  aux_1_loss_giou: 0.1621  aux_2_loss_cls: 0.0822  aux_2_loss_bbox: 0.0416  aux_2_loss_giou: 0.1404  aux_3_loss_cls: 0.0524  aux_3_loss_bbox: 0.0423  aux_3_loss_giou: 0.1414  aux_4_loss_cls: 0.0482  aux_4_loss_bbox: 0.0364  aux_4_loss_giou: 0.1210
2026/08/09 00:21:59 - mmengine - INFO - Epoch(train)  [8][1250/1750]  lr: 3.7122e-04  eta: 0:14:50  time: 0.1310  data_time: 0.0004  memory: 2810  grad_norm: 0.0161  loss: 1.9355  loss_cls: 0.0376  loss_bbox: 0.0312  loss_giou: 0.1067  loss_quality: 0.0563  aux_0_loss_cls: 0.2479  aux_0_loss_bbox: 0.0976  aux_0_loss_giou: 0.3046  aux_1_loss_cls: 0.1656  aux_1_loss_bbox: 0.0475  aux_1_loss_giou: 0.1578  aux_2_loss_cls: 0.0809  aux_2_loss_bbox: 0.0407  aux_2_loss_giou: 0.1388  aux_3_loss_cls: 0.0481  aux_3_loss_bbox: 0.0397  aux_3_loss_giou: 0.1351  aux_4_loss_cls: 0.0455  aux_4_loss_bbox: 0.0351  aux_4_loss_giou: 0.1188
2026/08/09 00:22:05 - mmengine - INFO - Epoch(train)  [8][1300/1750]  lr: 3.7122e-04  eta: 0:14:43  time: 0.1060  data_time: 0.0003  memory: 2948  grad_norm: 0.0155  loss: 1.9076  loss_cls: 0.0361  loss_bbox: 0.0302  loss_giou: 0.1029  loss_quality: 0.0552  aux_0_loss_cls: 0.2483  aux_0_loss_bbox: 0.0960  aux_0_loss_giou: 0.3061  aux_1_loss_cls: 0.1656  aux_1_loss_bbox: 0.0466  aux_1_loss_giou: 0.1560  aux_2_loss_cls: 0.0811  aux_2_loss_bbox: 0.0394  aux_2_loss_giou: 0.1350  aux_3_loss_cls: 0.0474  aux_3_loss_bbox: 0.0382  aux_3_loss_giou: 0.1301  aux_4_loss_cls: 0.0448  aux_4_loss_bbox: 0.0338  aux_4_loss_giou: 0.1148
2026/08/09 00:22:09 - mmengine - INFO - Epoch(train)  [8][1350/1750]  lr: 3.7122e-04  eta: 0:14:37  time: 0.0956  data_time: 0.0003  memory: 3073  grad_norm: 0.0155  loss: 1.9161  loss_cls: 0.0351  loss_bbox: 0.0301  loss_giou: 0.1032  loss_quality: 0.0545  aux_0_loss_cls: 0.2539  aux_0_loss_bbox: 0.0998  aux_0_loss_giou: 0.3084  aux_1_loss_cls: 0.1654  aux_1_loss_bbox: 0.0469  aux_1_loss_giou: 0.1563  aux_2_loss_cls: 0.0810  aux_2_loss_bbox: 0.0387  aux_2_loss_giou: 0.1337  aux_3_loss_cls: 0.0475  aux_3_loss_bbox: 0.0381  aux_3_loss_giou: 0.1315  aux_4_loss_cls: 0.0436  aux_4_loss_bbox: 0.0337  aux_4_loss_giou: 0.1145
2026/08/09 00:22:15 - mmengine - INFO - Epoch(train)  [8][1400/1750]  lr: 3.7122e-04  eta: 0:14:31  time: 0.1169  data_time: 0.0003  memory: 19166  grad_norm: 0.0163  loss: 2.0379  loss_cls: 0.0404  loss_bbox: 0.0343  loss_giou: 0.1133  loss_quality: 0.0579  aux_0_loss_cls: 0.2490  aux_0_loss_bbox: 0.1025  aux_0_loss_giou: 0.3178  aux_1_loss_cls: 0.1658  aux_1_loss_bbox: 0.0519  aux_1_loss_giou: 0.1700  aux_2_loss_cls: 0.0840  aux_2_loss_bbox: 0.0454  aux_2_loss_giou: 0.1520  aux_3_loss_cls: 0.0529  aux_3_loss_bbox: 0.0432  aux_3_loss_giou: 0.1442  aux_4_loss_cls: 0.0501  aux_4_loss_bbox: 0.0379  aux_4_loss_giou: 0.1254
2026/08/09 00:22:21 - mmengine - INFO - Epoch(train)  [8][1450/1750]  lr: 3.7122e-04  eta: 0:14:25  time: 0.1236  data_time: 0.0004  memory: 3004  grad_norm: 0.0154  loss: 1.8845  loss_cls: 0.0338  loss_bbox: 0.0297  loss_giou: 0.1015  loss_quality: 0.0539  aux_0_loss_cls: 0.2424  aux_0_loss_bbox: 0.0980  aux_0_loss_giou: 0.3102  aux_1_loss_cls: 0.1652  aux_1_loss_bbox: 0.0457  aux_1_loss_giou: 0.1529  aux_2_loss_cls: 0.0789  aux_2_loss_bbox: 0.0387  aux_2_loss_giou: 0.1331  aux_3_loss_cls: 0.0451  aux_3_loss_bbox: 0.0380  aux_3_loss_giou: 0.1313  aux_4_loss_cls: 0.0408  aux_4_loss_bbox: 0.0328  aux_4_loss_giou: 0.1124
2026/08/09 00:22:29 - mmengine - INFO - Epoch(train)  [8][1500/1750]  lr: 3.7122e-04  eta: 0:14:20  time: 0.1406  data_time: 0.0004  memory: 2906  grad_norm: 0.0200  loss: 2.0255  loss_cls: 0.0408  loss_bbox: 0.0333  loss_giou: 0.1126  loss_quality: 0.0589  aux_0_loss_cls: 0.2498  aux_0_loss_bbox: 0.1015  aux_0_loss_giou: 0.3206  aux_1_loss_cls: 0.1718  aux_1_loss_bbox: 0.0501  aux_1_loss_giou: 0.1655  aux_2_loss_cls: 0.0844  aux_2_loss_bbox: 0.0430  aux_2_loss_giou: 0.1445  aux_3_loss_cls: 0.0533  aux_3_loss_bbox: 0.0417  aux_3_loss_giou: 0.1408  aux_4_loss_cls: 0.0513  aux_4_loss_bbox: 0.0369  aux_4_loss_giou: 0.1246
2026/08/09 00:22:34 - mmengine - INFO - Epoch(train)  [8][1550/1750]  lr: 3.7122e-04  eta: 0:14:13  time: 0.1023  data_time: 0.0004  memory: 2793  grad_norm: 0.0173  loss: 1.9367  loss_cls: 0.0368  loss_bbox: 0.0308  loss_giou: 0.1071  loss_quality: 0.0573  aux_0_loss_cls: 0.2429  aux_0_loss_bbox: 0.0988  aux_0_loss_giou: 0.3117  aux_1_loss_cls: 0.1599  aux_1_loss_bbox: 0.0480  aux_1_loss_giou: 0.1613  aux_2_loss_cls: 0.0776  aux_2_loss_bbox: 0.0403  aux_2_loss_giou: 0.1399  aux_3_loss_cls: 0.0484  aux_3_loss_bbox: 0.0395  aux_3_loss_giou: 0.1362  aux_4_loss_cls: 0.0465  aux_4_loss_bbox: 0.0344  aux_4_loss_giou: 0.1193
2026/08/09 00:22:40 - mmengine - INFO - Epoch(train)  [8][1600/1750]  lr: 3.7122e-04  eta: 0:14:08  time: 0.1255  data_time: 0.0003  memory: 9957  grad_norm: 0.0153  loss: 1.9123  loss_cls: 0.0343  loss_bbox: 0.0288  loss_giou: 0.0997  loss_quality: 0.0544  aux_0_loss_cls: 0.2444  aux_0_loss_bbox: 0.0980  aux_0_loss_giou: 0.3137  aux_1_loss_cls: 0.1624  aux_1_loss_bbox: 0.0465  aux_1_loss_giou: 0.1583  aux_2_loss_cls: 0.0793  aux_2_loss_bbox: 0.0393  aux_2_loss_giou: 0.1377  aux_3_loss_cls: 0.0486  aux_3_loss_bbox: 0.0394  aux_3_loss_giou: 0.1362  aux_4_loss_cls: 0.0447  aux_4_loss_bbox: 0.0330  aux_4_loss_giou: 0.1135
2026/08/09 00:22:47 - mmengine - INFO - Epoch(train)  [8][1650/1750]  lr: 3.7122e-04  eta: 0:14:02  time: 0.1431  data_time: 0.0003  memory: 6885  grad_norm: 0.0146  loss: 1.8689  loss_cls: 0.0321  loss_bbox: 0.0288  loss_giou: 0.0993  loss_quality: 0.0534  aux_0_loss_cls: 0.2409  aux_0_loss_bbox: 0.0963  aux_0_loss_giou: 0.3052  aux_1_loss_cls: 0.1597  aux_1_loss_bbox: 0.0457  aux_1_loss_giou: 0.1536  aux_2_loss_cls: 0.0793  aux_2_loss_bbox: 0.0385  aux_2_loss_giou: 0.1343  aux_3_loss_cls: 0.0469  aux_3_loss_bbox: 0.0387  aux_3_loss_giou: 0.1338  aux_4_loss_cls: 0.0403  aux_4_loss_bbox: 0.0319  aux_4_loss_giou: 0.1100
2026/08/09 00:22:52 - mmengine - INFO - Epoch(train)  [8][1700/1750]  lr: 3.7122e-04  eta: 0:13:56  time: 0.1050  data_time: 0.0003  memory: 2794  grad_norm: 0.0160  loss: 1.9384  loss_cls: 0.0364  loss_bbox: 0.0302  loss_giou: 0.1061  loss_quality: 0.0563  aux_0_loss_cls: 0.2424  aux_0_loss_bbox: 0.0960  aux_0_loss_giou: 0.3123  aux_1_loss_cls: 0.1634  aux_1_loss_bbox: 0.0469  aux_1_loss_giou: 0.1610  aux_2_loss_cls: 0.0799  aux_2_loss_bbox: 0.0410  aux_2_loss_giou: 0.1422  aux_3_loss_cls: 0.0487  aux_3_loss_bbox: 0.0393  aux_3_loss_giou: 0.1387  aux_4_loss_cls: 0.0448  aux_4_loss_bbox: 0.0340  aux_4_loss_giou: 0.1186
2026/08/09 00:22:58 - mmengine - INFO - Exp name: capr_quality_final_only_train_24obj_20260808_234630
2026/08/09 00:22:58 - mmengine - INFO - Epoch(train)  [8][1750/1750]  lr: 3.7122e-04  eta: 0:13:50  time: 0.1191  data_time: 0.0003  memory: 2908  grad_norm: 0.0198  loss: 1.9372  loss_cls: 0.0365  loss_bbox: 0.0307  loss_giou: 0.1051  loss_quality: 0.0567  aux_0_loss_cls: 0.2445  aux_0_loss_bbox: 0.0990  aux_0_loss_giou: 0.3082  aux_1_loss_cls: 0.1669  aux_1_loss_bbox: 0.0479  aux_1_loss_giou: 0.1582  aux_2_loss_cls: 0.0802  aux_2_loss_bbox: 0.0403  aux_2_loss_giou: 0.1385  aux_3_loss_cls: 0.0482  aux_3_loss_bbox: 0.0399  aux_3_loss_giou: 0.1358  aux_4_loss_cls: 0.0471  aux_4_loss_bbox: 0.0349  aux_4_loss_giou: 0.1187
2026/08/09 00:22:58 - mmengine - INFO - Saving checkpoint at 8 epochs
2026/08/09 00:23:06 - mmengine - INFO - Epoch(val)  [8][ 50/500]    eta: 0:00:54  time: 0.1214  data_time: 0.0005  memory: 809  
2026/08/09 00:23:12 - mmengine - INFO - Epoch(val)  [8][100/500]    eta: 0:00:48  time: 0.1219  data_time: 0.0002  memory: 805  
2026/08/09 00:23:18 - mmengine - INFO - Epoch(val)  [8][150/500]    eta: 0:00:42  time: 0.1209  data_time: 0.0002  memory: 822  
2026/08/09 00:23:24 - mmengine - INFO - Epoch(val)  [8][200/500]    eta: 0:00:36  time: 0.1203  data_time: 0.0002  memory: 822  
2026/08/09 00:23:30 - mmengine - INFO - Epoch(val)  [8][250/500]    eta: 0:00:30  time: 0.1212  data_time: 0.0002  memory: 822  
2026/08/09 00:23:36 - mmengine - INFO - Epoch(val)  [8][300/500]    eta: 0:00:24  time: 0.1209  data_time: 0.0002  memory: 822  
2026/08/09 00:23:42 - mmengine - INFO - Epoch(val)  [8][350/500]    eta: 0:00:18  time: 0.1211  data_time: 0.0002  memory: 805  
2026/08/09 00:23:48 - mmengine - INFO - Epoch(val)  [8][400/500]    eta: 0:00:12  time: 0.1209  data_time: 0.0002  memory: 809  
2026/08/09 00:23:54 - mmengine - INFO - Epoch(val)  [8][450/500]    eta: 0:00:06  time: 0.1215  data_time: 0.0002  memory: 822  
2026/08/09 00:24:01 - mmengine - INFO - Epoch(val)  [8][500/500]    eta: 0:00:00  time: 0.1215  data_time: 0.0002  memory: 814  
2026/08/09 00:24:02 - mmengine - INFO - Evaluating bbox...
2026/08/09 00:24:08 - mmengine - INFO - 
+----------+-------+--------+--------+-------+-------+-------+
| category | mAP   | mAP_50 | mAP_75 | mAP_s | mAP_m | mAP_l |
+----------+-------+--------+--------+-------+-------+-------+
| A1       | 0.921 | 0.99   | 0.98   | nan   | 0.888 | 0.931 |
| A2       | 0.916 | 0.989  | 0.979  | nan   | 0.881 | 0.927 |
| A3       | 0.911 | 0.99   | 0.989  | nan   | 0.893 | 0.935 |
| B4       | 0.914 | 0.99   | 0.988  | nan   | 0.896 | 0.948 |
| B5       | 0.913 | 0.989  | 0.989  | nan   | 0.903 | 0.947 |
| C6       | 0.909 | 0.99   | 0.989  | nan   | 0.903 | 0.937 |
| C7       | 0.902 | 0.99   | 0.989  | nan   | 0.899 | 0.934 |
| C8       | 0.897 | 0.99   | 0.989  | nan   | 0.895 | 0.942 |
| C9       | 0.886 | 0.99   | 0.979  | nan   | 0.885 | 0.947 |
| C10      | 0.892 | 0.99   | 0.988  | nan   | 0.89  | 0.96  |
| C11      | 0.883 | 0.989  | 0.972  | nan   | 0.882 | 0.909 |
| C12      | 0.896 | 0.99   | 0.99   | nan   | 0.895 | 0.971 |
| D13      | 0.864 | 0.989  | 0.979  | nan   | 0.864 | 0.5   |
| D14      | 0.863 | 0.99   | 0.975  | nan   | 0.863 | nan   |
| D15      | 0.851 | 0.988  | 0.966  | nan   | 0.851 | nan   |
| E16      | 0.863 | 0.989  | 0.988  | nan   | 0.863 | nan   |
| E17      | 0.85  | 0.99   | 0.978  | nan   | 0.85  | nan   |
| E18      | 0.843 | 0.989  | 0.961  | nan   | 0.843 | nan   |
| F19      | 0.825 | 0.99   | 0.959  | 0.58  | 0.826 | nan   |
| F20      | 0.828 | 0.99   | 0.958  | 0.3   | 0.828 | nan   |
| G21      | 0.797 | 0.989  | 0.951  | 0.64  | 0.805 | nan   |
| G22      | 0.794 | 0.981  | 0.935  | 0.565 | 0.8   | nan   |
| X        | 0.885 | 0.983  | 0.974  | nan   | 0.884 | 0.896 |
| Y        | 0.786 | 0.982  | 0.923  | 0.558 | 0.797 | nan   |
+----------+-------+--------+--------+-------+-------+-------+
2026/08/09 00:24:08 - mmengine - INFO - bbox_mAP_copypaste: 0.870 0.989 0.974 0.529 0.866 0.906
2026/08/09 00:24:09 - mmengine - INFO - Epoch(val) [8][500/500]    coco/A1_precision: 0.9210  coco/A1_mAP_50: 0.9900  coco/A1_mAP_75: 0.9800  coco/A1_mAP_s: nan  coco/A1_mAP_m: 0.8880  coco/A1_mAP_l: 0.9310  coco/A2_precision: 0.9160  coco/A2_mAP_50: 0.9890  coco/A2_mAP_75: 0.9790  coco/A2_mAP_s: nan  coco/A2_mAP_m: 0.8810  coco/A2_mAP_l: 0.9270  coco/A3_precision: 0.9110  coco/A3_mAP_50: 0.9900  coco/A3_mAP_75: 0.9890  coco/A3_mAP_s: nan  coco/A3_mAP_m: 0.8930  coco/A3_mAP_l: 0.9350  coco/B4_precision: 0.9140  coco/B4_mAP_50: 0.9900  coco/B4_mAP_75: 0.9880  coco/B4_mAP_s: nan  coco/B4_mAP_m: 0.8960  coco/B4_mAP_l: 0.9480  coco/B5_precision: 0.9130  coco/B5_mAP_50: 0.9890  coco/B5_mAP_75: 0.9890  coco/B5_mAP_s: nan  coco/B5_mAP_m: 0.9030  coco/B5_mAP_l: 0.9470  coco/C6_precision: 0.9090  coco/C6_mAP_50: 0.9900  coco/C6_mAP_75: 0.9890  coco/C6_mAP_s: nan  coco/C6_mAP_m: 0.9030  coco/C6_mAP_l: 0.9370  coco/C7_precision: 0.9020  coco/C7_mAP_50: 0.9900  coco/C7_mAP_75: 0.9890  coco/C7_mAP_s: nan  coco/C7_mAP_m: 0.8990  coco/C7_mAP_l: 0.9340  coco/C8_precision: 0.8970  coco/C8_mAP_50: 0.9900  coco/C8_mAP_75: 0.9890  coco/C8_mAP_s: nan  coco/C8_mAP_m: 0.8950  coco/C8_mAP_l: 0.9420  coco/C9_precision: 0.8860  coco/C9_mAP_50: 0.9900  coco/C9_mAP_75: 0.9790  coco/C9_mAP_s: nan  coco/C9_mAP_m: 0.8850  coco/C9_mAP_l: 0.9470  coco/C10_precision: 0.8920  coco/C10_mAP_50: 0.9900  coco/C10_mAP_75: 0.9880  coco/C10_mAP_s: nan  coco/C10_mAP_m: 0.8900  coco/C10_mAP_l: 0.9600  coco/C11_precision: 0.8830  coco/C11_mAP_50: 0.9890  coco/C11_mAP_75: 0.9720  coco/C11_mAP_s: nan  coco/C11_mAP_m: 0.8820  coco/C11_mAP_l: 0.9090  coco/C12_precision: 0.8960  coco/C12_mAP_50: 0.9900  coco/C12_mAP_75: 0.9900  coco/C12_mAP_s: nan  coco/C12_mAP_m: 0.8950  coco/C12_mAP_l: 0.9710  coco/D13_precision: 0.8640  coco/D13_mAP_50: 0.9890  coco/D13_mAP_75: 0.9790  coco/D13_mAP_s: nan  coco/D13_mAP_m: 0.8640  coco/D13_mAP_l: 0.5000  coco/D14_precision: 0.8630  coco/D14_mAP_50: 0.9900  coco/D14_mAP_75: 0.9750  coco/D14_mAP_s: nan  coco/D14_mAP_m: 0.8630  coco/D14_mAP_l: nan  coco/D15_precision: 0.8510  coco/D15_mAP_50: 0.9880  coco/D15_mAP_75: 0.9660  coco/D15_mAP_s: nan  coco/D15_mAP_m: 0.8510  coco/D15_mAP_l: nan  coco/E16_precision: 0.8630  coco/E16_mAP_50: 0.9890  coco/E16_mAP_75: 0.9880  coco/E16_mAP_s: nan  coco/E16_mAP_m: 0.8630  coco/E16_mAP_l: nan  coco/E17_precision: 0.8500  coco/E17_mAP_50: 0.9900  coco/E17_mAP_75: 0.9780  coco/E17_mAP_s: nan  coco/E17_mAP_m: 0.8500  coco/E17_mAP_l: nan  coco/E18_precision: 0.8430  coco/E18_mAP_50: 0.9890  coco/E18_mAP_75: 0.9610  coco/E18_mAP_s: nan  coco/E18_mAP_m: 0.8430  coco/E18_mAP_l: nan  coco/F19_precision: 0.8250  coco/F19_mAP_50: 0.9900  coco/F19_mAP_75: 0.9590  coco/F19_mAP_s: 0.5800  coco/F19_mAP_m: 0.8260  coco/F19_mAP_l: nan  coco/F20_precision: 0.8280  coco/F20_mAP_50: 0.9900  coco/F20_mAP_75: 0.9580  coco/F20_mAP_s: 0.3000  coco/F20_mAP_m: 0.8280  coco/F20_mAP_l: nan  coco/G21_precision: 0.7970  coco/G21_mAP_50: 0.9890  coco/G21_mAP_75: 0.9510  coco/G21_mAP_s: 0.6400  coco/G21_mAP_m: 0.8050  coco/G21_mAP_l: nan  coco/G22_precision: 0.7940  coco/G22_mAP_50: 0.9810  coco/G22_mAP_75: 0.9350  coco/G22_mAP_s: 0.5650  coco/G22_mAP_m: 0.8000  coco/G22_mAP_l: nan  coco/X_precision: 0.8850  coco/X_mAP_50: 0.9830  coco/X_mAP_75: 0.9740  coco/X_mAP_s: nan  coco/X_mAP_m: 0.8840  coco/X_mAP_l: 0.8960  coco/Y_precision: 0.7860  coco/Y_mAP_50: 0.9820  coco/Y_mAP_75: 0.9230  coco/Y_mAP_s: 0.5580  coco/Y_mAP_m: 0.7970  coco/Y_mAP_l: nan  coco/bbox_mAP: 0.8700  coco/bbox_mAP_50: 0.9890  coco/bbox_mAP_75: 0.9740  coco/bbox_mAP_s: 0.5290  coco/bbox_mAP_m: 0.8660  coco/bbox_mAP_l: 0.9060  data_time: 0.0002  time: 0.1212
2026/08/09 00:24:14 - mmengine - INFO - Epoch(train)  [9][  50/1750]  lr: 2.5075e-04  eta: 0:13:44  time: 0.1057  data_time: 0.0011  memory: 2893  grad_norm: 0.0159  loss: 1.9498  loss_cls: 0.0354  loss_bbox: 0.0322  loss_giou: 0.1068  loss_quality: 0.0558  aux_0_loss_cls: 0.2417  aux_0_loss_bbox: 0.1026  aux_0_loss_giou: 0.3129  aux_1_loss_cls: 0.1627  aux_1_loss_bbox: 0.0497  aux_1_loss_giou: 0.1610  aux_2_loss_cls: 0.0796  aux_2_loss_bbox: 0.0426  aux_2_loss_giou: 0.1410  aux_3_loss_cls: 0.0475  aux_3_loss_bbox: 0.0411  aux_3_loss_giou: 0.1370  aux_4_loss_cls: 0.0438  aux_4_loss_bbox: 0.0364  aux_4_loss_giou: 0.1200
2026/08/09 00:24:20 - mmengine - INFO - Epoch(train)  [9][ 100/1750]  lr: 2.5075e-04  eta: 0:13:38  time: 0.1280  data_time: 0.0004  memory: 2685  grad_norm: 0.0177  loss: 1.9253  loss_cls: 0.0352  loss_bbox: 0.0292  loss_giou: 0.1054  loss_quality: 0.0567  aux_0_loss_cls: 0.2457  aux_0_loss_bbox: 0.0981  aux_0_loss_giou: 0.3124  aux_1_loss_cls: 0.1664  aux_1_loss_bbox: 0.0455  aux_1_loss_giou: 0.1573  aux_2_loss_cls: 0.0817  aux_2_loss_bbox: 0.0389  aux_2_loss_giou: 0.1389  aux_3_loss_cls: 0.0455  aux_3_loss_bbox: 0.0379  aux_3_loss_giou: 0.1345  aux_4_loss_cls: 0.0446  aux_4_loss_bbox: 0.0332  aux_4_loss_giou: 0.1181
2026/08/09 00:24:25 - mmengine - INFO - Epoch(train)  [9][ 150/1750]  lr: 2.5075e-04  eta: 0:13:32  time: 0.1051  data_time: 0.0004  memory: 2858  grad_norm: 0.0156  loss: 1.9026  loss_cls: 0.0332  loss_bbox: 0.0300  loss_giou: 0.1046  loss_quality: 0.0545  aux_0_loss_cls: 0.2431  aux_0_loss_bbox: 0.0954  aux_0_loss_giou: 0.3056  aux_1_loss_cls: 0.1628  aux_1_loss_bbox: 0.0461  aux_1_loss_giou: 0.1570  aux_2_loss_cls: 0.0799  aux_2_loss_bbox: 0.0395  aux_2_loss_giou: 0.1382  aux_3_loss_cls: 0.0474  aux_3_loss_bbox: 0.0384  aux_3_loss_giou: 0.1343  aux_4_loss_cls: 0.0427  aux_4_loss_bbox: 0.0335  aux_4_loss_giou: 0.1165
2026/08/09 00:24:31 - mmengine - INFO - Epoch(train)  [9][ 200/1750]  lr: 2.5075e-04  eta: 0:13:26  time: 0.1138  data_time: 0.0003  memory: 2668  grad_norm: 0.0152  loss: 1.9545  loss_cls: 0.0355  loss_bbox: 0.0303  loss_giou: 0.1097  loss_quality: 0.0559  aux_0_loss_cls: 0.2419  aux_0_loss_bbox: 0.0933  aux_0_loss_giou: 0.3087  aux_1_loss_cls: 0.1656  aux_1_loss_bbox: 0.0471  aux_1_loss_giou: 0.1674  aux_2_loss_cls: 0.0804  aux_2_loss_bbox: 0.0398  aux_2_loss_giou: 0.1475  aux_3_loss_cls: 0.0474  aux_3_loss_bbox: 0.0393  aux_3_loss_giou: 0.1443  aux_4_loss_cls: 0.0442  aux_4_loss_bbox: 0.0340  aux_4_loss_giou: 0.1225
2026/08/09 00:24:37 - mmengine - INFO - Epoch(train)  [9][ 250/1750]  lr: 2.5075e-04  eta: 0:13:20  time: 0.1228  data_time: 0.0003  memory: 9959  grad_norm: 0.0156  loss: 1.9346  loss_cls: 0.0362  loss_bbox: 0.0312  loss_giou: 0.1045  loss_quality: 0.0551  aux_0_loss_cls: 0.2526  aux_0_loss_bbox: 0.0999  aux_0_loss_giou: 0.3149  aux_1_loss_cls: 0.1656  aux_1_loss_bbox: 0.0462  aux_1_loss_giou: 0.1555  aux_2_loss_cls: 0.0809  aux_2_loss_bbox: 0.0390  aux_2_loss_giou: 0.1351  aux_3_loss_cls: 0.0471  aux_3_loss_bbox: 0.0393  aux_3_loss_giou: 0.1342  aux_4_loss_cls: 0.0451  aux_4_loss_bbox: 0.0348  aux_4_loss_giou: 0.1174
2026/08/09 00:24:43 - mmengine - INFO - Epoch(train)  [9][ 300/1750]  lr: 2.5075e-04  eta: 0:13:14  time: 0.1059  data_time: 0.0003  memory: 2871  grad_norm: 0.0151  loss: 1.8826  loss_cls: 0.0337  loss_bbox: 0.0293  loss_giou: 0.1002  loss_quality: 0.0537  aux_0_loss_cls: 0.2447  aux_0_loss_bbox: 0.0956  aux_0_loss_giou: 0.2989  aux_1_loss_cls: 0.1643  aux_1_loss_bbox: 0.0470  aux_1_loss_giou: 0.1555  aux_2_loss_cls: 0.0805  aux_2_loss_bbox: 0.0395  aux_2_loss_giou: 0.1354  aux_3_loss_cls: 0.0460  aux_3_loss_bbox: 0.0383  aux_3_loss_giou: 0.1327  aux_4_loss_cls: 0.0424  aux_4_loss_bbox: 0.0328  aux_4_loss_giou: 0.1123
2026/08/09 00:24:49 - mmengine - INFO - Epoch(train)  [9][ 350/1750]  lr: 2.5075e-04  eta: 0:13:08  time: 0.1218  data_time: 0.0003  memory: 10413  grad_norm: 0.0163  loss: 1.9235  loss_cls: 0.0362  loss_bbox: 0.0300  loss_giou: 0.1064  loss_quality: 0.0560  aux_0_loss_cls: 0.2463  aux_0_loss_bbox: 0.0954  aux_0_loss_giou: 0.3054  aux_1_loss_cls: 0.1649  aux_1_loss_bbox: 0.0459  aux_1_loss_giou: 0.1586  aux_2_loss_cls: 0.0820  aux_2_loss_bbox: 0.0386  aux_2_loss_giou: 0.1383  aux_3_loss_cls: 0.0494  aux_3_loss_bbox: 0.0385  aux_3_loss_giou: 0.1363  aux_4_loss_cls: 0.0440  aux_4_loss_bbox: 0.0337  aux_4_loss_giou: 0.1176
2026/08/09 00:24:54 - mmengine - INFO - Epoch(train)  [9][ 400/1750]  lr: 2.5075e-04  eta: 0:13:02  time: 0.1136  data_time: 0.0003  memory: 2995  grad_norm: 0.0160  loss: 2.0012  loss_cls: 0.0383  loss_bbox: 0.0323  loss_giou: 0.1091  loss_quality: 0.0565  aux_0_loss_cls: 0.2511  aux_0_loss_bbox: 0.1031  aux_0_loss_giou: 0.3216  aux_1_loss_cls: 0.1625  aux_1_loss_bbox: 0.0507  aux_1_loss_giou: 0.1663  aux_2_loss_cls: 0.0821  aux_2_loss_bbox: 0.0426  aux_2_loss_giou: 0.1443  aux_3_loss_cls: 0.0519  aux_3_loss_bbox: 0.0417  aux_3_loss_giou: 0.1424  aux_4_loss_cls: 0.0475  aux_4_loss_bbox: 0.0357  aux_4_loss_giou: 0.1216
2026/08/09 00:25:00 - mmengine - INFO - Epoch(train)  [9][ 450/1750]  lr: 2.5075e-04  eta: 0:12:56  time: 0.1044  data_time: 0.0003  memory: 2764  grad_norm: 0.0150  loss: 1.8755  loss_cls: 0.0345  loss_bbox: 0.0287  loss_giou: 0.1012  loss_quality: 0.0547  aux_0_loss_cls: 0.2362  aux_0_loss_bbox: 0.0946  aux_0_loss_giou: 0.3019  aux_1_loss_cls: 0.1610  aux_1_loss_bbox: 0.0457  aux_1_loss_giou: 0.1560  aux_2_loss_cls: 0.0793  aux_2_loss_bbox: 0.0380  aux_2_loss_giou: 0.1356  aux_3_loss_cls: 0.0470  aux_3_loss_bbox: 0.0377  aux_3_loss_giou: 0.1335  aux_4_loss_cls: 0.0436  aux_4_loss_bbox: 0.0326  aux_4_loss_giou: 0.1137
2026/08/09 00:25:04 - mmengine - INFO - Epoch(train)  [9][ 500/1750]  lr: 2.5075e-04  eta: 0:12:49  time: 0.0966  data_time: 0.0003  memory: 2907  grad_norm: 0.0169  loss: 2.0152  loss_cls: 0.0404  loss_bbox: 0.0328  loss_giou: 0.1090  loss_quality: 0.0574  aux_0_loss_cls: 0.2483  aux_0_loss_bbox: 0.1048  aux_0_loss_giou: 0.3170  aux_1_loss_cls: 0.1699  aux_1_loss_bbox: 0.0511  aux_1_loss_giou: 0.1656  aux_2_loss_cls: 0.0827  aux_2_loss_bbox: 0.0430  aux_2_loss_giou: 0.1449  aux_3_loss_cls: 0.0531  aux_3_loss_bbox: 0.0422  aux_3_loss_giou: 0.1413  aux_4_loss_cls: 0.0514  aux_4_loss_bbox: 0.0374  aux_4_loss_giou: 0.1228
2026/08/09 00:25:10 - mmengine - INFO - Epoch(train)  [9][ 550/1750]  lr: 2.5075e-04  eta: 0:12:43  time: 0.1048  data_time: 0.0003  memory: 2847  grad_norm: 0.0195  loss: 2.0193  loss_cls: 0.0424  loss_bbox: 0.0332  loss_giou: 0.1116  loss_quality: 0.0573  aux_0_loss_cls: 0.2489  aux_0_loss_bbox: 0.1000  aux_0_loss_giou: 0.3096  aux_1_loss_cls: 0.1688  aux_1_loss_bbox: 0.0507  aux_1_loss_giou: 0.1652  aux_2_loss_cls: 0.0851  aux_2_loss_bbox: 0.0434  aux_2_loss_giou: 0.1455  aux_3_loss_cls: 0.0537  aux_3_loss_bbox: 0.0432  aux_3_loss_giou: 0.1446  aux_4_loss_cls: 0.0527  aux_4_loss_bbox: 0.0378  aux_4_loss_giou: 0.1256
2026/08/09 00:25:17 - mmengine - INFO - Epoch(train)  [9][ 600/1750]  lr: 2.5075e-04  eta: 0:12:38  time: 0.1361  data_time: 0.0003  memory: 2847  grad_norm: 0.0160  loss: 1.8806  loss_cls: 0.0345  loss_bbox: 0.0288  loss_giou: 0.1021  loss_quality: 0.0544  aux_0_loss_cls: 0.2428  aux_0_loss_bbox: 0.0955  aux_0_loss_giou: 0.3113  aux_1_loss_cls: 0.1634  aux_1_loss_bbox: 0.0440  aux_1_loss_giou: 0.1527  aux_2_loss_cls: 0.0813  aux_2_loss_bbox: 0.0368  aux_2_loss_giou: 0.1325  aux_3_loss_cls: 0.0471  aux_3_loss_bbox: 0.0365  aux_3_loss_giou: 0.1299  aux_4_loss_cls: 0.0424  aux_4_loss_bbox: 0.0318  aux_4_loss_giou: 0.1127
2026/08/09 00:25:22 - mmengine - INFO - Epoch(train)  [9][ 650/1750]  lr: 2.5075e-04  eta: 0:12:31  time: 0.1052  data_time: 0.0003  memory: 2852  grad_norm: 0.0160  loss: 1.9071  loss_cls: 0.0337  loss_bbox: 0.0315  loss_giou: 0.1027  loss_quality: 0.0553  aux_0_loss_cls: 0.2404  aux_0_loss_bbox: 0.1006  aux_0_loss_giou: 0.3049  aux_1_loss_cls: 0.1638  aux_1_loss_bbox: 0.0488  aux_1_loss_giou: 0.1547  aux_2_loss_cls: 0.0795  aux_2_loss_bbox: 0.0410  aux_2_loss_giou: 0.1345  aux_3_loss_cls: 0.0463  aux_3_loss_bbox: 0.0409  aux_3_loss_giou: 0.1338  aux_4_loss_cls: 0.0426  aux_4_loss_bbox: 0.0357  aux_4_loss_giou: 0.1165
2026/08/09 00:25:28 - mmengine - INFO - Epoch(train)  [9][ 700/1750]  lr: 2.5075e-04  eta: 0:12:25  time: 0.1226  data_time: 0.0003  memory: 2913  grad_norm: 0.0163  loss: 1.9038  loss_cls: 0.0352  loss_bbox: 0.0292  loss_giou: 0.1016  loss_quality: 0.0559  aux_0_loss_cls: 0.2410  aux_0_loss_bbox: 0.0968  aux_0_loss_giou: 0.3094  aux_1_loss_cls: 0.1603  aux_1_loss_bbox: 0.0468  aux_1_loss_giou: 0.1595  aux_2_loss_cls: 0.0785  aux_2_loss_bbox: 0.0399  aux_2_loss_giou: 0.1399  aux_3_loss_cls: 0.0469  aux_3_loss_bbox: 0.0379  aux_3_loss_giou: 0.1344  aux_4_loss_cls: 0.0432  aux_4_loss_bbox: 0.0329  aux_4_loss_giou: 0.1143
2026/08/09 00:25:33 - mmengine - INFO - Epoch(train)  [9][ 750/1750]  lr: 2.5075e-04  eta: 0:12:19  time: 0.0959  data_time: 0.0003  memory: 3015  grad_norm: 0.0163  loss: 1.9317  loss_cls: 0.0336  loss_bbox: 0.0315  loss_giou: 0.1022  loss_quality: 0.0540  aux_0_loss_cls: 0.2486  aux_0_loss_bbox: 0.0991  aux_0_loss_giou: 0.3001  aux_1_loss_cls: 0.1705  aux_1_loss_bbox: 0.0490  aux_1_loss_giou: 0.1586  aux_2_loss_cls: 0.0813  aux_2_loss_bbox: 0.0417  aux_2_loss_giou: 0.1398  aux_3_loss_cls: 0.0487  aux_3_loss_bbox: 0.0417  aux_3_loss_giou: 0.1379  aux_4_loss_cls: 0.0434  aux_4_loss_bbox: 0.0352  aux_4_loss_giou: 0.1146
2026/08/09 00:25:38 - mmengine - INFO - Epoch(train)  [9][ 800/1750]  lr: 2.5075e-04  eta: 0:12:13  time: 0.1040  data_time: 0.0003  memory: 2582  grad_norm: 0.0169  loss: 1.9028  loss_cls: 0.0328  loss_bbox: 0.0296  loss_giou: 0.1062  loss_quality: 0.0561  aux_0_loss_cls: 0.2429  aux_0_loss_bbox: 0.0969  aux_0_loss_giou: 0.3121  aux_1_loss_cls: 0.1595  aux_1_loss_bbox: 0.0456  aux_1_loss_giou: 0.1571  aux_2_loss_cls: 0.0755  aux_2_loss_bbox: 0.0381  aux_2_loss_giou: 0.1364  aux_3_loss_cls: 0.0456  aux_3_loss_bbox: 0.0385  aux_3_loss_giou: 0.1358  aux_4_loss_cls: 0.0420  aux_4_loss_bbox: 0.0333  aux_4_loss_giou: 0.1188
2026/08/09 00:25:43 - mmengine - INFO - Epoch(train)  [9][ 850/1750]  lr: 2.5075e-04  eta: 0:12:07  time: 0.1061  data_time: 0.0003  memory: 3073  grad_norm: 0.0165  loss: 1.9502  loss_cls: 0.0377  loss_bbox: 0.0318  loss_giou: 0.1074  loss_quality: 0.0563  aux_0_loss_cls: 0.2495  aux_0_loss_bbox: 0.0998  aux_0_loss_giou: 0.3125  aux_1_loss_cls: 0.1654  aux_1_loss_bbox: 0.0477  aux_1_loss_giou: 0.1596  aux_2_loss_cls: 0.0788  aux_2_loss_bbox: 0.0399  aux_2_loss_giou: 0.1385  aux_3_loss_cls: 0.0457  aux_3_loss_bbox: 0.0399  aux_3_loss_giou: 0.1370  aux_4_loss_cls: 0.0467  aux_4_loss_bbox: 0.0356  aux_4_loss_giou: 0.1206
2026/08/09 00:25:49 - mmengine - INFO - Epoch(train)  [9][ 900/1750]  lr: 2.5075e-04  eta: 0:12:01  time: 0.1152  data_time: 0.0004  memory: 6487  grad_norm: 0.0158  loss: 1.9655  loss_cls: 0.0385  loss_bbox: 0.0321  loss_giou: 0.1083  loss_quality: 0.0566  aux_0_loss_cls: 0.2471  aux_0_loss_bbox: 0.1014  aux_0_loss_giou: 0.3193  aux_1_loss_cls: 0.1665  aux_1_loss_bbox: 0.0477  aux_1_loss_giou: 0.1592  aux_2_loss_cls: 0.0806  aux_2_loss_bbox: 0.0407  aux_2_loss_giou: 0.1385  aux_3_loss_cls: 0.0507  aux_3_loss_bbox: 0.0405  aux_3_loss_giou: 0.1371  aux_4_loss_cls: 0.0466  aux_4_loss_bbox: 0.0352  aux_4_loss_giou: 0.1191
2026/08/09 00:25:55 - mmengine - INFO - Epoch(train)  [9][ 950/1750]  lr: 2.5075e-04  eta: 0:11:55  time: 0.1153  data_time: 0.0004  memory: 2822  grad_norm: 0.0176  loss: 1.9992  loss_cls: 0.0382  loss_bbox: 0.0345  loss_giou: 0.1129  loss_quality: 0.0578  aux_0_loss_cls: 0.2493  aux_0_loss_bbox: 0.1002  aux_0_loss_giou: 0.3096  aux_1_loss_cls: 0.1710  aux_1_loss_bbox: 0.0503  aux_1_loss_giou: 0.1641  aux_2_loss_cls: 0.0829  aux_2_loss_bbox: 0.0436  aux_2_loss_giou: 0.1452  aux_3_loss_cls: 0.0493  aux_3_loss_bbox: 0.0430  aux_3_loss_giou: 0.1408  aux_4_loss_cls: 0.0459  aux_4_loss_bbox: 0.0377  aux_4_loss_giou: 0.1231
2026/08/09 00:26:01 - mmengine - INFO - Exp name: capr_quality_final_only_train_24obj_20260808_234630
2026/08/09 00:26:01 - mmengine - INFO - Epoch(train)  [9][1000/1750]  lr: 2.5075e-04  eta: 0:11:49  time: 0.1237  data_time: 0.0003  memory: 18985  grad_norm: 0.0176  loss: 2.0684  loss_cls: 0.0453  loss_bbox: 0.0373  loss_giou: 0.1152  loss_quality: 0.0585  aux_0_loss_cls: 0.2535  aux_0_loss_bbox: 0.1073  aux_0_loss_giou: 0.3144  aux_1_loss_cls: 0.1689  aux_1_loss_bbox: 0.0543  aux_1_loss_giou: 0.1651  aux_2_loss_cls: 0.0868  aux_2_loss_bbox: 0.0466  aux_2_loss_giou: 0.1450  aux_3_loss_cls: 0.0566  aux_3_loss_bbox: 0.0459  aux_3_loss_giou: 0.1432  aux_4_loss_cls: 0.0529  aux_4_loss_bbox: 0.0421  aux_4_loss_giou: 0.1294
2026/08/09 00:26:06 - mmengine - INFO - Epoch(train)  [9][1050/1750]  lr: 2.5075e-04  eta: 0:11:43  time: 0.0960  data_time: 0.0003  memory: 3014  grad_norm: 0.0164  loss: 1.9714  loss_cls: 0.0377  loss_bbox: 0.0335  loss_giou: 0.1099  loss_quality: 0.0571  aux_0_loss_cls: 0.2469  aux_0_loss_bbox: 0.0993  aux_0_loss_giou: 0.3039  aux_1_loss_cls: 0.1687  aux_1_loss_bbox: 0.0502  aux_1_loss_giou: 0.1599  aux_2_loss_cls: 0.0823  aux_2_loss_bbox: 0.0431  aux_2_loss_giou: 0.1417  aux_3_loss_cls: 0.0515  aux_3_loss_bbox: 0.0422  aux_3_loss_giou: 0.1382  aux_4_loss_cls: 0.0466  aux_4_loss_bbox: 0.0372  aux_4_loss_giou: 0.1214
2026/08/09 00:26:12 - mmengine - INFO - Epoch(train)  [9][1100/1750]  lr: 2.5075e-04  eta: 0:11:37  time: 0.1159  data_time: 0.0003  memory: 3053  grad_norm: 0.0160  loss: 1.9243  loss_cls: 0.0342  loss_bbox: 0.0315  loss_giou: 0.1075  loss_quality: 0.0564  aux_0_loss_cls: 0.2401  aux_0_loss_bbox: 0.0971  aux_0_loss_giou: 0.3036  aux_1_loss_cls: 0.1604  aux_1_loss_bbox: 0.0483  aux_1_loss_giou: 0.1601  aux_2_loss_cls: 0.0778  aux_2_loss_bbox: 0.0410  aux_2_loss_giou: 0.1410  aux_3_loss_cls: 0.0463  aux_3_loss_bbox: 0.0406  aux_3_loss_giou: 0.1386  aux_4_loss_cls: 0.0439  aux_4_loss_bbox: 0.0353  aux_4_loss_giou: 0.1204
2026/08/09 00:26:18 - mmengine - INFO - Epoch(train)  [9][1150/1750]  lr: 2.5075e-04  eta: 0:11:31  time: 0.1258  data_time: 0.0004  memory: 10131  grad_norm: 0.0153  loss: 1.9459  loss_cls: 0.0349  loss_bbox: 0.0325  loss_giou: 0.1036  loss_quality: 0.0542  aux_0_loss_cls: 0.2450  aux_0_loss_bbox: 0.1038  aux_0_loss_giou: 0.3126  aux_1_loss_cls: 0.1631  aux_1_loss_bbox: 0.0503  aux_1_loss_giou: 0.1603  aux_2_loss_cls: 0.0775  aux_2_loss_bbox: 0.0426  aux_2_loss_giou: 0.1399  aux_3_loss_cls: 0.0483  aux_3_loss_bbox: 0.0421  aux_3_loss_giou: 0.1369  aux_4_loss_cls: 0.0441  aux_4_loss_bbox: 0.0367  aux_4_loss_giou: 0.1176
2026/08/09 00:26:23 - mmengine - INFO - Epoch(train)  [9][1200/1750]  lr: 2.5075e-04  eta: 0:11:25  time: 0.1110  data_time: 0.0004  memory: 3073  grad_norm: 0.0150  loss: 1.9657  loss_cls: 0.0359  loss_bbox: 0.0325  loss_giou: 0.1100  loss_quality: 0.0564  aux_0_loss_cls: 0.2437  aux_0_loss_bbox: 0.0996  aux_0_loss_giou: 0.3131  aux_1_loss_cls: 0.1604  aux_1_loss_bbox: 0.0488  aux_1_loss_giou: 0.1628  aux_2_loss_cls: 0.0796  aux_2_loss_bbox: 0.0426  aux_2_loss_giou: 0.1432  aux_3_loss_cls: 0.0505  aux_3_loss_bbox: 0.0415  aux_3_loss_giou: 0.1404  aux_4_loss_cls: 0.0450  aux_4_loss_bbox: 0.0363  aux_4_loss_giou: 0.1233
2026/08/09 00:26:30 - mmengine - INFO - Epoch(train)  [9][1250/1750]  lr: 2.5075e-04  eta: 0:11:19  time: 0.1245  data_time: 0.0004  memory: 2737  grad_norm: 0.0150  loss: 1.9868  loss_cls: 0.0393  loss_bbox: 0.0325  loss_giou: 0.1092  loss_quality: 0.0565  aux_0_loss_cls: 0.2491  aux_0_loss_bbox: 0.0988  aux_0_loss_giou: 0.3100  aux_1_loss_cls: 0.1696  aux_1_loss_bbox: 0.0493  aux_1_loss_giou: 0.1641  aux_2_loss_cls: 0.0844  aux_2_loss_bbox: 0.0422  aux_2_loss_giou: 0.1436  aux_3_loss_cls: 0.0518  aux_3_loss_bbox: 0.0413  aux_3_loss_giou: 0.1416  aux_4_loss_cls: 0.0469  aux_4_loss_bbox: 0.0360  aux_4_loss_giou: 0.1207
2026/08/09 00:26:35 - mmengine - INFO - Epoch(train)  [9][1300/1750]  lr: 2.5075e-04  eta: 0:11:13  time: 0.1112  data_time: 0.0003  memory: 2821  grad_norm: 0.0159  loss: 1.9534  loss_cls: 0.0374  loss_bbox: 0.0305  loss_giou: 0.1034  loss_quality: 0.0555  aux_0_loss_cls: 0.2481  aux_0_loss_bbox: 0.0988  aux_0_loss_giou: 0.3140  aux_1_loss_cls: 0.1656  aux_1_loss_bbox: 0.0483  aux_1_loss_giou: 0.1615  aux_2_loss_cls: 0.0818  aux_2_loss_bbox: 0.0407  aux_2_loss_giou: 0.1399  aux_3_loss_cls: 0.0526  aux_3_loss_bbox: 0.0403  aux_3_loss_giou: 0.1382  aux_4_loss_cls: 0.0467  aux_4_loss_bbox: 0.0343  aux_4_loss_giou: 0.1158
2026/08/09 00:26:41 - mmengine - INFO - Epoch(train)  [9][1350/1750]  lr: 2.5075e-04  eta: 0:11:07  time: 0.1132  data_time: 0.0004  memory: 10019  grad_norm: 0.0158  loss: 1.9237  loss_cls: 0.0367  loss_bbox: 0.0304  loss_giou: 0.1044  loss_quality: 0.0555  aux_0_loss_cls: 0.2507  aux_0_loss_bbox: 0.0959  aux_0_loss_giou: 0.3014  aux_1_loss_cls: 0.1674  aux_1_loss_bbox: 0.0460  aux_1_loss_giou: 0.1551  aux_2_loss_cls: 0.0834  aux_2_loss_bbox: 0.0395  aux_2_loss_giou: 0.1363  aux_3_loss_cls: 0.0508  aux_3_loss_bbox: 0.0391  aux_3_loss_giou: 0.1357  aux_4_loss_cls: 0.0453  aux_4_loss_bbox: 0.0338  aux_4_loss_giou: 0.1160
2026/08/09 00:26:46 - mmengine - INFO - Epoch(train)  [9][1400/1750]  lr: 2.5075e-04  eta: 0:11:01  time: 0.1063  data_time: 0.0004  memory: 10459  grad_norm: 0.0168  loss: 1.9430  loss_cls: 0.0349  loss_bbox: 0.0294  loss_giou: 0.1038  loss_quality: 0.0557  aux_0_loss_cls: 0.2497  aux_0_loss_bbox: 0.1008  aux_0_loss_giou: 0.3218  aux_1_loss_cls: 0.1657  aux_1_loss_bbox: 0.0478  aux_1_loss_giou: 0.1610  aux_2_loss_cls: 0.0797  aux_2_loss_bbox: 0.0395  aux_2_loss_giou: 0.1383  aux_3_loss_cls: 0.0467  aux_3_loss_bbox: 0.0387  aux_3_loss_giou: 0.1342  aux_4_loss_cls: 0.0445  aux_4_loss_bbox: 0.0334  aux_4_loss_giou: 0.1173
2026/08/09 00:26:52 - mmengine - INFO - Epoch(train)  [9][1450/1750]  lr: 2.5075e-04  eta: 0:10:55  time: 0.1104  data_time: 0.0003  memory: 2737  grad_norm: 0.0152  loss: 1.9358  loss_cls: 0.0357  loss_bbox: 0.0310  loss_giou: 0.1045  loss_quality: 0.0556  aux_0_loss_cls: 0.2511  aux_0_loss_bbox: 0.0995  aux_0_loss_giou: 0.3074  aux_1_loss_cls: 0.1671  aux_1_loss_bbox: 0.0476  aux_1_loss_giou: 0.1567  aux_2_loss_cls: 0.0805  aux_2_loss_bbox: 0.0398  aux_2_loss_giou: 0.1357  aux_3_loss_cls: 0.0502  aux_3_loss_bbox: 0.0404  aux_3_loss_giou: 0.1356  aux_4_loss_cls: 0.0457  aux_4_loss_bbox: 0.0346  aux_4_loss_giou: 0.1170
2026/08/09 00:26:58 - mmengine - INFO - Epoch(train)  [9][1500/1750]  lr: 2.5075e-04  eta: 0:10:49  time: 0.1240  data_time: 0.0003  memory: 3011  grad_norm: 0.0171  loss: 2.0363  loss_cls: 0.0416  loss_bbox: 0.0338  loss_giou: 0.1124  loss_quality: 0.0576  aux_0_loss_cls: 0.2495  aux_0_loss_bbox: 0.1035  aux_0_loss_giou: 0.3183  aux_1_loss_cls: 0.1691  aux_1_loss_bbox: 0.0527  aux_1_loss_giou: 0.1696  aux_2_loss_cls: 0.0847  aux_2_loss_bbox: 0.0447  aux_2_loss_giou: 0.1488  aux_3_loss_cls: 0.0533  aux_3_loss_bbox: 0.0433  aux_3_loss_giou: 0.1428  aux_4_loss_cls: 0.0498  aux_4_loss_bbox: 0.0372  aux_4_loss_giou: 0.1237
2026/08/09 00:27:03 - mmengine - INFO - Epoch(train)  [9][1550/1750]  lr: 2.5075e-04  eta: 0:10:43  time: 0.1032  data_time: 0.0003  memory: 2682  grad_norm: 0.0177  loss: 1.9526  loss_cls: 0.0338  loss_bbox: 0.0304  loss_giou: 0.1093  loss_quality: 0.0563  aux_0_loss_cls: 0.2443  aux_0_loss_bbox: 0.0963  aux_0_loss_giou: 0.3128  aux_1_loss_cls: 0.1640  aux_1_loss_bbox: 0.0478  aux_1_loss_giou: 0.1641  aux_2_loss_cls: 0.0803  aux_2_loss_bbox: 0.0408  aux_2_loss_giou: 0.1448  aux_3_loss_cls: 0.0485  aux_3_loss_bbox: 0.0395  aux_3_loss_giou: 0.1389  aux_4_loss_cls: 0.0444  aux_4_loss_bbox: 0.0341  aux_4_loss_giou: 0.1222
2026/08/09 00:27:09 - mmengine - INFO - Epoch(train)  [9][1600/1750]  lr: 2.5075e-04  eta: 0:10:37  time: 0.1122  data_time: 0.0003  memory: 2883  grad_norm: 0.0164  loss: 1.9689  loss_cls: 0.0351  loss_bbox: 0.0311  loss_giou: 0.1067  loss_quality: 0.0571  aux_0_loss_cls: 0.2459  aux_0_loss_bbox: 0.0990  aux_0_loss_giou: 0.3104  aux_1_loss_cls: 0.1671  aux_1_loss_bbox: 0.0500  aux_1_loss_giou: 0.1666  aux_2_loss_cls: 0.0802  aux_2_loss_bbox: 0.0425  aux_2_loss_giou: 0.1466  aux_3_loss_cls: 0.0483  aux_3_loss_bbox: 0.0414  aux_3_loss_giou: 0.1415  aux_4_loss_cls: 0.0442  aux_4_loss_bbox: 0.0353  aux_4_loss_giou: 0.1200
2026/08/09 00:27:13 - mmengine - INFO - Epoch(train)  [9][1650/1750]  lr: 2.5075e-04  eta: 0:10:31  time: 0.0961  data_time: 0.0003  memory: 3074  grad_norm: 0.0170  loss: 1.9333  loss_cls: 0.0346  loss_bbox: 0.0309  loss_giou: 0.1041  loss_quality: 0.0555  aux_0_loss_cls: 0.2440  aux_0_loss_bbox: 0.0991  aux_0_loss_giou: 0.3081  aux_1_loss_cls: 0.1632  aux_1_loss_bbox: 0.0482  aux_1_loss_giou: 0.1578  aux_2_loss_cls: 0.0826  aux_2_loss_bbox: 0.0407  aux_2_loss_giou: 0.1383  aux_3_loss_cls: 0.0503  aux_3_loss_bbox: 0.0407  aux_3_loss_giou: 0.1377  aux_4_loss_cls: 0.0456  aux_4_loss_bbox: 0.0349  aux_4_loss_giou: 0.1171
2026/08/09 00:27:19 - mmengine - INFO - Epoch(train)  [9][1700/1750]  lr: 2.5075e-04  eta: 0:10:24  time: 0.1060  data_time: 0.0003  memory: 2849  grad_norm: 0.0154  loss: 1.9019  loss_cls: 0.0338  loss_bbox: 0.0297  loss_giou: 0.1000  loss_quality: 0.0546  aux_0_loss_cls: 0.2474  aux_0_loss_bbox: 0.0986  aux_0_loss_giou: 0.3106  aux_1_loss_cls: 0.1646  aux_1_loss_bbox: 0.0470  aux_1_loss_giou: 0.1548  aux_2_loss_cls: 0.0802  aux_2_loss_bbox: 0.0398  aux_2_loss_giou: 0.1345  aux_3_loss_cls: 0.0485  aux_3_loss_bbox: 0.0390  aux_3_loss_giou: 0.1314  aux_4_loss_cls: 0.0423  aux_4_loss_bbox: 0.0333  aux_4_loss_giou: 0.1119
2026/08/09 00:27:25 - mmengine - INFO - Exp name: capr_quality_final_only_train_24obj_20260808_234630
2026/08/09 00:27:25 - mmengine - INFO - Epoch(train)  [9][1750/1750]  lr: 2.5075e-04  eta: 0:10:19  time: 0.1179  data_time: 0.0003  memory: 2984  grad_norm: 0.0167  loss: 2.0050  loss_cls: 0.0392  loss_bbox: 0.0326  loss_giou: 0.1092  loss_quality: 0.0570  aux_0_loss_cls: 0.2501  aux_0_loss_bbox: 0.1024  aux_0_loss_giou: 0.3250  aux_1_loss_cls: 0.1636  aux_1_loss_bbox: 0.0513  aux_1_loss_giou: 0.1673  aux_2_loss_cls: 0.0841  aux_2_loss_bbox: 0.0420  aux_2_loss_giou: 0.1440  aux_3_loss_cls: 0.0515  aux_3_loss_bbox: 0.0410  aux_3_loss_giou: 0.1390  aux_4_loss_cls: 0.0479  aux_4_loss_bbox: 0.0362  aux_4_loss_giou: 0.1217
2026/08/09 00:27:25 - mmengine - INFO - Saving checkpoint at 9 epochs
2026/08/09 00:27:32 - mmengine - INFO - Epoch(val)  [9][ 50/500]    eta: 0:00:54  time: 0.1219  data_time: 0.0005  memory: 808  
2026/08/09 00:27:38 - mmengine - INFO - Epoch(val)  [9][100/500]    eta: 0:00:48  time: 0.1226  data_time: 0.0002  memory: 805  
2026/08/09 00:27:44 - mmengine - INFO - Epoch(val)  [9][150/500]    eta: 0:00:42  time: 0.1217  data_time: 0.0002  memory: 822  
2026/08/09 00:27:51 - mmengine - INFO - Epoch(val)  [9][200/500]    eta: 0:00:36  time: 0.1220  data_time: 0.0002  memory: 822  
2026/08/09 00:27:57 - mmengine - INFO - Epoch(val)  [9][250/500]    eta: 0:00:30  time: 0.1212  data_time: 0.0002  memory: 822  
2026/08/09 00:28:03 - mmengine - INFO - Epoch(val)  [9][300/500]    eta: 0:00:24  time: 0.1210  data_time: 0.0002  memory: 822  
2026/08/09 00:28:09 - mmengine - INFO - Epoch(val)  [9][350/500]    eta: 0:00:18  time: 0.1205  data_time: 0.0002  memory: 805  
2026/08/09 00:28:15 - mmengine - INFO - Epoch(val)  [9][400/500]    eta: 0:00:12  time: 0.1207  data_time: 0.0002  memory: 808  
2026/08/09 00:28:21 - mmengine - INFO - Epoch(val)  [9][450/500]    eta: 0:00:06  time: 0.1207  data_time: 0.0002  memory: 822  
2026/08/09 00:28:27 - mmengine - INFO - Epoch(val)  [9][500/500]    eta: 0:00:00  time: 0.1207  data_time: 0.0002  memory: 814  
2026/08/09 00:28:28 - mmengine - INFO - Evaluating bbox...
2026/08/09 00:28:35 - mmengine - INFO - 
+----------+-------+--------+--------+-------+-------+-------+
| category | mAP   | mAP_50 | mAP_75 | mAP_s | mAP_m | mAP_l |
+----------+-------+--------+--------+-------+-------+-------+
| A1       | 0.921 | 0.99   | 0.98   | nan   | 0.89  | 0.93  |
| A2       | 0.915 | 0.989  | 0.979  | nan   | 0.88  | 0.926 |
| A3       | 0.912 | 0.99   | 0.988  | nan   | 0.895 | 0.938 |
| B4       | 0.912 | 0.99   | 0.979  | nan   | 0.899 | 0.942 |
| B5       | 0.913 | 0.989  | 0.989  | nan   | 0.903 | 0.944 |
| C6       | 0.909 | 0.99   | 0.989  | nan   | 0.904 | 0.941 |
| C7       | 0.9   | 0.99   | 0.979  | nan   | 0.898 | 0.925 |
| C8       | 0.896 | 0.99   | 0.986  | nan   | 0.895 | 0.954 |
| C9       | 0.886 | 0.99   | 0.979  | nan   | 0.886 | 0.931 |
| C10      | 0.889 | 0.99   | 0.986  | nan   | 0.888 | 0.952 |
| C11      | 0.886 | 0.99   | 0.979  | nan   | 0.884 | 0.919 |
| C12      | 0.901 | 0.995  | 0.989  | nan   | 0.9   | 0.979 |
| D13      | 0.864 | 0.989  | 0.978  | nan   | 0.864 | 0.5   |
| D14      | 0.862 | 0.99   | 0.975  | nan   | 0.862 | nan   |
| D15      | 0.852 | 0.988  | 0.966  | nan   | 0.852 | nan   |
| E16      | 0.863 | 0.989  | 0.987  | nan   | 0.863 | nan   |
| E17      | 0.853 | 0.99   | 0.978  | nan   | 0.853 | nan   |
| E18      | 0.843 | 0.989  | 0.959  | nan   | 0.843 | nan   |
| F19      | 0.825 | 0.989  | 0.959  | 0.702 | 0.826 | nan   |
| F20      | 0.83  | 0.99   | 0.959  | 0.4   | 0.83  | nan   |
| G21      | 0.799 | 0.989  | 0.951  | 0.647 | 0.807 | nan   |
| G22      | 0.794 | 0.982  | 0.937  | 0.559 | 0.801 | nan   |
| X        | 0.886 | 0.984  | 0.974  | nan   | 0.885 | 0.892 |
| Y        | 0.789 | 0.976  | 0.925  | 0.536 | 0.803 | nan   |
+----------+-------+--------+--------+-------+-------+-------+
2026/08/09 00:28:35 - mmengine - INFO - bbox_mAP_copypaste: 0.871 0.989 0.973 0.569 0.867 0.905
2026/08/09 00:28:35 - mmengine - INFO - Epoch(val) [9][500/500]    coco/A1_precision: 0.9210  coco/A1_mAP_50: 0.9900  coco/A1_mAP_75: 0.9800  coco/A1_mAP_s: nan  coco/A1_mAP_m: 0.8900  coco/A1_mAP_l: 0.9300  coco/A2_precision: 0.9150  coco/A2_mAP_50: 0.9890  coco/A2_mAP_75: 0.9790  coco/A2_mAP_s: nan  coco/A2_mAP_m: 0.8800  coco/A2_mAP_l: 0.9260  coco/A3_precision: 0.9120  coco/A3_mAP_50: 0.9900  coco/A3_mAP_75: 0.9880  coco/A3_mAP_s: nan  coco/A3_mAP_m: 0.8950  coco/A3_mAP_l: 0.9380  coco/B4_precision: 0.9120  coco/B4_mAP_50: 0.9900  coco/B4_mAP_75: 0.9790  coco/B4_mAP_s: nan  coco/B4_mAP_m: 0.8990  coco/B4_mAP_l: 0.9420  coco/B5_precision: 0.9130  coco/B5_mAP_50: 0.9890  coco/B5_mAP_75: 0.9890  coco/B5_mAP_s: nan  coco/B5_mAP_m: 0.9030  coco/B5_mAP_l: 0.9440  coco/C6_precision: 0.9090  coco/C6_mAP_50: 0.9900  coco/C6_mAP_75: 0.9890  coco/C6_mAP_s: nan  coco/C6_mAP_m: 0.9040  coco/C6_mAP_l: 0.9410  coco/C7_precision: 0.9000  coco/C7_mAP_50: 0.9900  coco/C7_mAP_75: 0.9790  coco/C7_mAP_s: nan  coco/C7_mAP_m: 0.8980  coco/C7_mAP_l: 0.9250  coco/C8_precision: 0.8960  coco/C8_mAP_50: 0.9900  coco/C8_mAP_75: 0.9860  coco/C8_mAP_s: nan  coco/C8_mAP_m: 0.8950  coco/C8_mAP_l: 0.9540  coco/C9_precision: 0.8860  coco/C9_mAP_50: 0.9900  coco/C9_mAP_75: 0.9790  coco/C9_mAP_s: nan  coco/C9_mAP_m: 0.8860  coco/C9_mAP_l: 0.9310  coco/C10_precision: 0.8890  coco/C10_mAP_50: 0.9900  coco/C10_mAP_75: 0.9860  coco/C10_mAP_s: nan  coco/C10_mAP_m: 0.8880  coco/C10_mAP_l: 0.9520  coco/C11_precision: 0.8860  coco/C11_mAP_50: 0.9900  coco/C11_mAP_75: 0.9790  coco/C11_mAP_s: nan  coco/C11_mAP_m: 0.8840  coco/C11_mAP_l: 0.9190  coco/C12_precision: 0.9010  coco/C12_mAP_50: 0.9950  coco/C12_mAP_75: 0.9890  coco/C12_mAP_s: nan  coco/C12_mAP_m: 0.9000  coco/C12_mAP_l: 0.9790  coco/D13_precision: 0.8640  coco/D13_mAP_50: 0.9890  coco/D13_mAP_75: 0.9780  coco/D13_mAP_s: nan  coco/D13_mAP_m: 0.8640  coco/D13_mAP_l: 0.5000  coco/D14_precision: 0.8620  coco/D14_mAP_50: 0.9900  coco/D14_mAP_75: 0.9750  coco/D14_mAP_s: nan  coco/D14_mAP_m: 0.8620  coco/D14_mAP_l: nan  coco/D15_precision: 0.8520  coco/D15_mAP_50: 0.9880  coco/D15_mAP_75: 0.9660  coco/D15_mAP_s: nan  coco/D15_mAP_m: 0.8520  coco/D15_mAP_l: nan  coco/E16_precision: 0.8630  coco/E16_mAP_50: 0.9890  coco/E16_mAP_75: 0.9870  coco/E16_mAP_s: nan  coco/E16_mAP_m: 0.8630  coco/E16_mAP_l: nan  coco/E17_precision: 0.8530  coco/E17_mAP_50: 0.9900  coco/E17_mAP_75: 0.9780  coco/E17_mAP_s: nan  coco/E17_mAP_m: 0.8530  coco/E17_mAP_l: nan  coco/E18_precision: 0.8430  coco/E18_mAP_50: 0.9890  coco/E18_mAP_75: 0.9590  coco/E18_mAP_s: nan  coco/E18_mAP_m: 0.8430  coco/E18_mAP_l: nan  coco/F19_precision: 0.8250  coco/F19_mAP_50: 0.9890  coco/F19_mAP_75: 0.9590  coco/F19_mAP_s: 0.7020  coco/F19_mAP_m: 0.8260  coco/F19_mAP_l: nan  coco/F20_precision: 0.8300  coco/F20_mAP_50: 0.9900  coco/F20_mAP_75: 0.9590  coco/F20_mAP_s: 0.4000  coco/F20_mAP_m: 0.8300  coco/F20_mAP_l: nan  coco/G21_precision: 0.7990  coco/G21_mAP_50: 0.9890  coco/G21_mAP_75: 0.9510  coco/G21_mAP_s: 0.6470  coco/G21_mAP_m: 0.8070  coco/G21_mAP_l: nan  coco/G22_precision: 0.7940  coco/G22_mAP_50: 0.9820  coco/G22_mAP_75: 0.9370  coco/G22_mAP_s: 0.5590  coco/G22_mAP_m: 0.8010  coco/G22_mAP_l: nan  coco/X_precision: 0.8860  coco/X_mAP_50: 0.9840  coco/X_mAP_75: 0.9740  coco/X_mAP_s: nan  coco/X_mAP_m: 0.8850  coco/X_mAP_l: 0.8920  coco/Y_precision: 0.7890  coco/Y_mAP_50: 0.9760  coco/Y_mAP_75: 0.9250  coco/Y_mAP_s: 0.5360  coco/Y_mAP_m: 0.8030  coco/Y_mAP_l: nan  coco/bbox_mAP: 0.8710  coco/bbox_mAP_50: 0.9890  coco/bbox_mAP_75: 0.9730  coco/bbox_mAP_s: 0.5690  coco/bbox_mAP_m: 0.8670  coco/bbox_mAP_l: 0.9050  data_time: 0.0002  time: 0.1213
2026/08/09 00:28:40 - mmengine - INFO - Epoch(train) [10][  50/1750]  lr: 1.4730e-04  eta: 0:10:12  time: 0.0971  data_time: 0.0012  memory: 2692  grad_norm: 0.0170  loss: 1.9473  loss_cls: 0.0404  loss_bbox: 0.0333  loss_giou: 0.1068  loss_quality: 0.0558  aux_0_loss_cls: 0.2414  aux_0_loss_bbox: 0.1003  aux_0_loss_giou: 0.3029  aux_1_loss_cls: 0.1636  aux_1_loss_bbox: 0.0498  aux_1_loss_giou: 0.1587  aux_2_loss_cls: 0.0797  aux_2_loss_bbox: 0.0419  aux_2_loss_giou: 0.1387  aux_3_loss_cls: 0.0495  aux_3_loss_bbox: 0.0418  aux_3_loss_giou: 0.1371  aux_4_loss_cls: 0.0487  aux_4_loss_bbox: 0.0370  aux_4_loss_giou: 0.1198
2026/08/09 00:28:45 - mmengine - INFO - Epoch(train) [10][ 100/1750]  lr: 1.4730e-04  eta: 0:10:06  time: 0.1038  data_time: 0.0003  memory: 2855  grad_norm: 0.0161  loss: 2.0397  loss_cls: 0.0411  loss_bbox: 0.0336  loss_giou: 0.1125  loss_quality: 0.0575  aux_0_loss_cls: 0.2539  aux_0_loss_bbox: 0.1029  aux_0_loss_giou: 0.3219  aux_1_loss_cls: 0.1701  aux_1_loss_bbox: 0.0514  aux_1_loss_giou: 0.1672  aux_2_loss_cls: 0.0849  aux_2_loss_bbox: 0.0436  aux_2_loss_giou: 0.1463  aux_3_loss_cls: 0.0536  aux_3_loss_bbox: 0.0432  aux_3_loss_giou: 0.1431  aux_4_loss_cls: 0.0487  aux_4_loss_bbox: 0.0381  aux_4_loss_giou: 0.1261
2026/08/09 00:28:50 - mmengine - INFO - Epoch(train) [10][ 150/1750]  lr: 1.4730e-04  eta: 0:10:00  time: 0.1014  data_time: 0.0004  memory: 2561  grad_norm: 0.0162  loss: 1.9590  loss_cls: 0.0366  loss_bbox: 0.0311  loss_giou: 0.1081  loss_quality: 0.0566  aux_0_loss_cls: 0.2471  aux_0_loss_bbox: 0.0989  aux_0_loss_giou: 0.3131  aux_1_loss_cls: 0.1626  aux_1_loss_bbox: 0.0484  aux_1_loss_giou: 0.1629  aux_2_loss_cls: 0.0806  aux_2_loss_bbox: 0.0407  aux_2_loss_giou: 0.1424  aux_3_loss_cls: 0.0495  aux_3_loss_bbox: 0.0398  aux_3_loss_giou: 0.1390  aux_4_loss_cls: 0.0460  aux_4_loss_bbox: 0.0347  aux_4_loss_giou: 0.1208
2026/08/09 00:28:55 - mmengine - INFO - Epoch(train) [10][ 200/1750]  lr: 1.4730e-04  eta: 0:09:54  time: 0.0955  data_time: 0.0004  memory: 2578  grad_norm: 0.0163  loss: 1.9733  loss_cls: 0.0381  loss_bbox: 0.0337  loss_giou: 0.1080  loss_quality: 0.0562  aux_0_loss_cls: 0.2432  aux_0_loss_bbox: 0.1040  aux_0_loss_giou: 0.3172  aux_1_loss_cls: 0.1654  aux_1_loss_bbox: 0.0498  aux_1_loss_giou: 0.1582  aux_2_loss_cls: 0.0806  aux_2_loss_bbox: 0.0430  aux_2_loss_giou: 0.1392  aux_3_loss_cls: 0.0515  aux_3_loss_bbox: 0.0420  aux_3_loss_giou: 0.1362  aux_4_loss_cls: 0.0481  aux_4_loss_bbox: 0.0378  aux_4_loss_giou: 0.1211
2026/08/09 00:29:00 - mmengine - INFO - Exp name: capr_quality_final_only_train_24obj_20260808_234630
2026/08/09 00:29:00 - mmengine - INFO - Epoch(train) [10][ 250/1750]  lr: 1.4730e-04  eta: 0:09:48  time: 0.1007  data_time: 0.0004  memory: 2629  grad_norm: 0.0163  loss: 1.9252  loss_cls: 0.0370  loss_bbox: 0.0315  loss_giou: 0.1029  loss_quality: 0.0548  aux_0_loss_cls: 0.2474  aux_0_loss_bbox: 0.0989  aux_0_loss_giou: 0.3003  aux_1_loss_cls: 0.1636  aux_1_loss_bbox: 0.0489  aux_1_loss_giou: 0.1570  aux_2_loss_cls: 0.0807  aux_2_loss_bbox: 0.0421  aux_2_loss_giou: 0.1382  aux_3_loss_cls: 0.0517  aux_3_loss_bbox: 0.0407  aux_3_loss_giou: 0.1336  aux_4_loss_cls: 0.0457  aux_4_loss_bbox: 0.0353  aux_4_loss_giou: 0.1151
2026/08/09 00:29:07 - mmengine - INFO - Epoch(train) [10][ 300/1750]  lr: 1.4730e-04  eta: 0:09:42  time: 0.1411  data_time: 0.0005  memory: 10459  grad_norm: 0.0162  loss: 2.0169  loss_cls: 0.0376  loss_bbox: 0.0333  loss_giou: 0.1132  loss_quality: 0.0574  aux_0_loss_cls: 0.2516  aux_0_loss_bbox: 0.1005  aux_0_loss_giou: 0.3181  aux_1_loss_cls: 0.1652  aux_1_loss_bbox: 0.0506  aux_1_loss_giou: 0.1688  aux_2_loss_cls: 0.0826  aux_2_loss_bbox: 0.0433  aux_2_loss_giou: 0.1481  aux_3_loss_cls: 0.0517  aux_3_loss_bbox: 0.0429  aux_3_loss_giou: 0.1453  aux_4_loss_cls: 0.0465  aux_4_loss_bbox: 0.0364  aux_4_loss_giou: 0.1239
2026/08/09 00:29:13 - mmengine - INFO - Epoch(train) [10][ 350/1750]  lr: 1.4730e-04  eta: 0:09:36  time: 0.1238  data_time: 0.0004  memory: 3011  grad_norm: 0.0158  loss: 1.9132  loss_cls: 0.0353  loss_bbox: 0.0295  loss_giou: 0.1021  loss_quality: 0.0546  aux_0_loss_cls: 0.2453  aux_0_loss_bbox: 0.0967  aux_0_loss_giou: 0.3065  aux_1_loss_cls: 0.1639  aux_1_loss_bbox: 0.0467  aux_1_loss_giou: 0.1574  aux_2_loss_cls: 0.0808  aux_2_loss_bbox: 0.0394  aux_2_loss_giou: 0.1364  aux_3_loss_cls: 0.0488  aux_3_loss_bbox: 0.0388  aux_3_loss_giou: 0.1337  aux_4_loss_cls: 0.0468  aux_4_loss_bbox: 0.0338  aux_4_loss_giou: 0.1165
2026/08/09 00:29:19 - mmengine - INFO - Epoch(train) [10][ 400/1750]  lr: 1.4730e-04  eta: 0:09:30  time: 0.1147  data_time: 0.0003  memory: 2924  grad_norm: 0.0176  loss: 1.9954  loss_cls: 0.0350  loss_bbox: 0.0328  loss_giou: 0.1156  loss_quality: 0.0589  aux_0_loss_cls: 0.2460  aux_0_loss_bbox: 0.0995  aux_0_loss_giou: 0.3175  aux_1_loss_cls: 0.1649  aux_1_loss_bbox: 0.0499  aux_1_loss_giou: 0.1699  aux_2_loss_cls: 0.0791  aux_2_loss_bbox: 0.0426  aux_2_loss_giou: 0.1495  aux_3_loss_cls: 0.0435  aux_3_loss_bbox: 0.0405  aux_3_loss_giou: 0.1437  aux_4_loss_cls: 0.0429  aux_4_loss_bbox: 0.0363  aux_4_loss_giou: 0.1274
2026/08/09 00:29:24 - mmengine - INFO - Epoch(train) [10][ 450/1750]  lr: 1.4730e-04  eta: 0:09:25  time: 0.1165  data_time: 0.0003  memory: 9665  grad_norm: 0.0155  loss: 1.8992  loss_cls: 0.0335  loss_bbox: 0.0279  loss_giou: 0.1004  loss_quality: 0.0548  aux_0_loss_cls: 0.2503  aux_0_loss_bbox: 0.0934  aux_0_loss_giou: 0.3046  aux_1_loss_cls: 0.1713  aux_1_loss_bbox: 0.0451  aux_1_loss_giou: 0.1568  aux_2_loss_cls: 0.0846  aux_2_loss_bbox: 0.0378  aux_2_loss_giou: 0.1359  aux_3_loss_cls: 0.0496  aux_3_loss_bbox: 0.0364  aux_3_loss_giou: 0.1309  aux_4_loss_cls: 0.0424  aux_4_loss_bbox: 0.0315  aux_4_loss_giou: 0.1119
2026/08/09 00:29:30 - mmengine - INFO - Epoch(train) [10][ 500/1750]  lr: 1.4730e-04  eta: 0:09:19  time: 0.1150  data_time: 0.0003  memory: 10238  grad_norm: 0.0154  loss: 1.9715  loss_cls: 0.0368  loss_bbox: 0.0310  loss_giou: 0.1071  loss_quality: 0.0565  aux_0_loss_cls: 0.2553  aux_0_loss_bbox: 0.0999  aux_0_loss_giou: 0.3185  aux_1_loss_cls: 0.1694  aux_1_loss_bbox: 0.0465  aux_1_loss_giou: 0.1575  aux_2_loss_cls: 0.0864  aux_2_loss_bbox: 0.0394  aux_2_loss_giou: 0.1375  aux_3_loss_cls: 0.0536  aux_3_loss_bbox: 0.0396  aux_3_loss_giou: 0.1359  aux_4_loss_cls: 0.0462  aux_4_loss_bbox: 0.0348  aux_4_loss_giou: 0.1195
2026/08/09 00:29:36 - mmengine - INFO - Epoch(train) [10][ 550/1750]  lr: 1.4730e-04  eta: 0:09:13  time: 0.1177  data_time: 0.0003  memory: 2851  grad_norm: 0.0170  loss: 1.9416  loss_cls: 0.0382  loss_bbox: 0.0310  loss_giou: 0.1046  loss_quality: 0.0562  aux_0_loss_cls: 0.2498  aux_0_loss_bbox: 0.0980  aux_0_loss_giou: 0.3057  aux_1_loss_cls: 0.1650  aux_1_loss_bbox: 0.0475  aux_1_loss_giou: 0.1571  aux_2_loss_cls: 0.0810  aux_2_loss_bbox: 0.0396  aux_2_loss_giou: 0.1359  aux_3_loss_cls: 0.0541  aux_3_loss_bbox: 0.0402  aux_3_loss_giou: 0.1360  aux_4_loss_cls: 0.0480  aux_4_loss_bbox: 0.0350  aux_4_loss_giou: 0.1185
2026/08/09 00:29:41 - mmengine - INFO - Epoch(train) [10][ 600/1750]  lr: 1.4730e-04  eta: 0:09:07  time: 0.1039  data_time: 0.0003  memory: 2984  grad_norm: 0.0154  loss: 1.9813  loss_cls: 0.0414  loss_bbox: 0.0328  loss_giou: 0.1052  loss_quality: 0.0553  aux_0_loss_cls: 0.2442  aux_0_loss_bbox: 0.1008  aux_0_loss_giou: 0.3094  aux_1_loss_cls: 0.1695  aux_1_loss_bbox: 0.0504  aux_1_loss_giou: 0.1599  aux_2_loss_cls: 0.0855  aux_2_loss_bbox: 0.0438  aux_2_loss_giou: 0.1417  aux_3_loss_cls: 0.0531  aux_3_loss_bbox: 0.0424  aux_3_loss_giou: 0.1384  aux_4_loss_cls: 0.0506  aux_4_loss_bbox: 0.0375  aux_4_loss_giou: 0.1194
2026/08/09 00:29:47 - mmengine - INFO - Epoch(train) [10][ 650/1750]  lr: 1.4730e-04  eta: 0:09:01  time: 0.1058  data_time: 0.0003  memory: 3071  grad_norm: 0.0157  loss: 1.9117  loss_cls: 0.0333  loss_bbox: 0.0299  loss_giou: 0.1038  loss_quality: 0.0549  aux_0_loss_cls: 0.2427  aux_0_loss_bbox: 0.0976  aux_0_loss_giou: 0.3077  aux_1_loss_cls: 0.1638  aux_1_loss_bbox: 0.0465  aux_1_loss_giou: 0.1569  aux_2_loss_cls: 0.0787  aux_2_loss_bbox: 0.0397  aux_2_loss_giou: 0.1374  aux_3_loss_cls: 0.0499  aux_3_loss_bbox: 0.0397  aux_3_loss_giou: 0.1368  aux_4_loss_cls: 0.0426  aux_4_loss_bbox: 0.0337  aux_4_loss_giou: 0.1164
2026/08/09 00:29:52 - mmengine - INFO - Epoch(train) [10][ 700/1750]  lr: 1.4730e-04  eta: 0:08:55  time: 0.1078  data_time: 0.0003  memory: 3303  grad_norm: 0.0150  loss: 1.8862  loss_cls: 0.0337  loss_bbox: 0.0301  loss_giou: 0.1011  loss_quality: 0.0550  aux_0_loss_cls: 0.2411  aux_0_loss_bbox: 0.0976  aux_0_loss_giou: 0.3039  aux_1_loss_cls: 0.1610  aux_1_loss_bbox: 0.0471  aux_1_loss_giou: 0.1545  aux_2_loss_cls: 0.0771  aux_2_loss_bbox: 0.0400  aux_2_loss_giou: 0.1367  aux_3_loss_cls: 0.0457  aux_3_loss_bbox: 0.0391  aux_3_loss_giou: 0.1322  aux_4_loss_cls: 0.0432  aux_4_loss_bbox: 0.0338  aux_4_loss_giou: 0.1133
2026/08/09 00:29:58 - mmengine - INFO - Epoch(train) [10][ 750/1750]  lr: 1.4730e-04  eta: 0:08:49  time: 0.1229  data_time: 0.0003  memory: 2820  grad_norm: 0.0160  loss: 1.9933  loss_cls: 0.0394  loss_bbox: 0.0319  loss_giou: 0.1075  loss_quality: 0.0560  aux_0_loss_cls: 0.2555  aux_0_loss_bbox: 0.1011  aux_0_loss_giou: 0.3152  aux_1_loss_cls: 0.1695  aux_1_loss_bbox: 0.0502  aux_1_loss_giou: 0.1636  aux_2_loss_cls: 0.0846  aux_2_loss_bbox: 0.0418  aux_2_loss_giou: 0.1425  aux_3_loss_cls: 0.0511  aux_3_loss_bbox: 0.0410  aux_3_loss_giou: 0.1389  aux_4_loss_cls: 0.0476  aux_4_loss_bbox: 0.0358  aux_4_loss_giou: 0.1200
2026/08/09 00:30:04 - mmengine - INFO - Epoch(train) [10][ 800/1750]  lr: 1.4730e-04  eta: 0:08:43  time: 0.1108  data_time: 0.0003  memory: 2770  grad_norm: 0.0137  loss: 1.9131  loss_cls: 0.0323  loss_bbox: 0.0308  loss_giou: 0.1025  loss_quality: 0.0540  aux_0_loss_cls: 0.2365  aux_0_loss_bbox: 0.1020  aux_0_loss_giou: 0.3149  aux_1_loss_cls: 0.1596  aux_1_loss_bbox: 0.0478  aux_1_loss_giou: 0.1596  aux_2_loss_cls: 0.0776  aux_2_loss_bbox: 0.0406  aux_2_loss_giou: 0.1401  aux_3_loss_cls: 0.0451  aux_3_loss_bbox: 0.0405  aux_3_loss_giou: 0.1378  aux_4_loss_cls: 0.0425  aux_4_loss_bbox: 0.0344  aux_4_loss_giou: 0.1143
2026/08/09 00:30:08 - mmengine - INFO - Epoch(train) [10][ 850/1750]  lr: 1.4730e-04  eta: 0:08:37  time: 0.0960  data_time: 0.0003  memory: 2825  grad_norm: 0.0167  loss: 1.9783  loss_cls: 0.0379  loss_bbox: 0.0315  loss_giou: 0.1098  loss_quality: 0.0563  aux_0_loss_cls: 0.2409  aux_0_loss_bbox: 0.0986  aux_0_loss_giou: 0.3141  aux_1_loss_cls: 0.1635  aux_1_loss_bbox: 0.0492  aux_1_loss_giou: 0.1643  aux_2_loss_cls: 0.0835  aux_2_loss_bbox: 0.0419  aux_2_loss_giou: 0.1447  aux_3_loss_cls: 0.0521  aux_3_loss_bbox: 0.0412  aux_3_loss_giou: 0.1435  aux_4_loss_cls: 0.0473  aux_4_loss_bbox: 0.0351  aux_4_loss_giou: 0.1228
2026/08/09 00:30:14 - mmengine - INFO - Epoch(train) [10][ 900/1750]  lr: 1.4730e-04  eta: 0:08:31  time: 0.1053  data_time: 0.0003  memory: 2911  grad_norm: 0.0155  loss: 1.8374  loss_cls: 0.0326  loss_bbox: 0.0279  loss_giou: 0.0956  loss_quality: 0.0525  aux_0_loss_cls: 0.2422  aux_0_loss_bbox: 0.0953  aux_0_loss_giou: 0.3049  aux_1_loss_cls: 0.1637  aux_1_loss_bbox: 0.0438  aux_1_loss_giou: 0.1496  aux_2_loss_cls: 0.0777  aux_2_loss_bbox: 0.0364  aux_2_loss_giou: 0.1283  aux_3_loss_cls: 0.0440  aux_3_loss_bbox: 0.0364  aux_3_loss_giou: 0.1267  aux_4_loss_cls: 0.0407  aux_4_loss_bbox: 0.0315  aux_4_loss_giou: 0.1076
2026/08/09 00:30:19 - mmengine - INFO - Epoch(train) [10][ 950/1750]  lr: 1.4730e-04  eta: 0:08:25  time: 0.1137  data_time: 0.0003  memory: 2629  grad_norm: 0.0151  loss: 1.9469  loss_cls: 0.0386  loss_bbox: 0.0303  loss_giou: 0.1083  loss_quality: 0.0559  aux_0_loss_cls: 0.2488  aux_0_loss_bbox: 0.0968  aux_0_loss_giou: 0.3122  aux_1_loss_cls: 0.1663  aux_1_loss_bbox: 0.0465  aux_1_loss_giou: 0.1579  aux_2_loss_cls: 0.0818  aux_2_loss_bbox: 0.0398  aux_2_loss_giou: 0.1388  aux_3_loss_cls: 0.0496  aux_3_loss_bbox: 0.0385  aux_3_loss_giou: 0.1350  aux_4_loss_cls: 0.0468  aux_4_loss_bbox: 0.0341  aux_4_loss_giou: 0.1207
2026/08/09 00:30:25 - mmengine - INFO - Epoch(train) [10][1000/1750]  lr: 1.4730e-04  eta: 0:08:19  time: 0.1050  data_time: 0.0003  memory: 2611  grad_norm: 0.0180  loss: 1.9754  loss_cls: 0.0373  loss_bbox: 0.0321  loss_giou: 0.1096  loss_quality: 0.0580  aux_0_loss_cls: 0.2499  aux_0_loss_bbox: 0.1016  aux_0_loss_giou: 0.3202  aux_1_loss_cls: 0.1611  aux_1_loss_bbox: 0.0490  aux_1_loss_giou: 0.1641  aux_2_loss_cls: 0.0788  aux_2_loss_bbox: 0.0406  aux_2_loss_giou: 0.1413  aux_3_loss_cls: 0.0484  aux_3_loss_bbox: 0.0403  aux_3_loss_giou: 0.1377  aux_4_loss_cls: 0.0474  aux_4_loss_bbox: 0.0359  aux_4_loss_giou: 0.1221
2026/08/09 00:30:29 - mmengine - INFO - Epoch(train) [10][1050/1750]  lr: 1.4730e-04  eta: 0:08:12  time: 0.0958  data_time: 0.0003  memory: 2739  grad_norm: 0.0167  loss: 1.9544  loss_cls: 0.0344  loss_bbox: 0.0331  loss_giou: 0.1082  loss_quality: 0.0564  aux_0_loss_cls: 0.2458  aux_0_loss_bbox: 0.1036  aux_0_loss_giou: 0.3108  aux_1_loss_cls: 0.1645  aux_1_loss_bbox: 0.0504  aux_1_loss_giou: 0.1600  aux_2_loss_cls: 0.0793  aux_2_loss_bbox: 0.0416  aux_2_loss_giou: 0.1384  aux_3_loss_cls: 0.0479  aux_3_loss_bbox: 0.0417  aux_3_loss_giou: 0.1378  aux_4_loss_cls: 0.0433  aux_4_loss_bbox: 0.0368  aux_4_loss_giou: 0.1204
2026/08/09 00:30:35 - mmengine - INFO - Epoch(train) [10][1100/1750]  lr: 1.4730e-04  eta: 0:08:06  time: 0.1025  data_time: 0.0003  memory: 2847  grad_norm: 0.0162  loss: 1.9141  loss_cls: 0.0361  loss_bbox: 0.0302  loss_giou: 0.1021  loss_quality: 0.0552  aux_0_loss_cls: 0.2481  aux_0_loss_bbox: 0.0952  aux_0_loss_giou: 0.3025  aux_1_loss_cls: 0.1752  aux_1_loss_bbox: 0.0459  aux_1_loss_giou: 0.1540  aux_2_loss_cls: 0.0802  aux_2_loss_bbox: 0.0398  aux_2_loss_giou: 0.1364  aux_3_loss_cls: 0.0487  aux_3_loss_bbox: 0.0394  aux_3_loss_giou: 0.1338  aux_4_loss_cls: 0.0445  aux_4_loss_bbox: 0.0335  aux_4_loss_giou: 0.1133
2026/08/09 00:30:41 - mmengine - INFO - Epoch(train) [10][1150/1750]  lr: 1.4730e-04  eta: 0:08:01  time: 0.1184  data_time: 0.0003  memory: 19128  grad_norm: 0.0173  loss: 2.0112  loss_cls: 0.0400  loss_bbox: 0.0338  loss_giou: 0.1117  loss_quality: 0.0580  aux_0_loss_cls: 0.2459  aux_0_loss_bbox: 0.1017  aux_0_loss_giou: 0.3152  aux_1_loss_cls: 0.1643  aux_1_loss_bbox: 0.0509  aux_1_loss_giou: 0.1669  aux_2_loss_cls: 0.0809  aux_2_loss_bbox: 0.0434  aux_2_loss_giou: 0.1476  aux_3_loss_cls: 0.0532  aux_3_loss_bbox: 0.0423  aux_3_loss_giou: 0.1440  aux_4_loss_cls: 0.0496  aux_4_loss_bbox: 0.0377  aux_4_loss_giou: 0.1242
2026/08/09 00:30:46 - mmengine - INFO - Epoch(train) [10][1200/1750]  lr: 1.4730e-04  eta: 0:07:55  time: 0.1027  data_time: 0.0003  memory: 2766  grad_norm: 0.0170  loss: 1.9216  loss_cls: 0.0356  loss_bbox: 0.0308  loss_giou: 0.1042  loss_quality: 0.0561  aux_0_loss_cls: 0.2435  aux_0_loss_bbox: 0.0984  aux_0_loss_giou: 0.3048  aux_1_loss_cls: 0.1628  aux_1_loss_bbox: 0.0484  aux_1_loss_giou: 0.1581  aux_2_loss_cls: 0.0802  aux_2_loss_bbox: 0.0407  aux_2_loss_giou: 0.1378  aux_3_loss_cls: 0.0480  aux_3_loss_bbox: 0.0400  aux_3_loss_giou: 0.1349  aux_4_loss_cls: 0.0455  aux_4_loss_bbox: 0.0351  aux_4_loss_giou: 0.1167
2026/08/09 00:30:50 - mmengine - INFO - Exp name: capr_quality_final_only_train_24obj_20260808_234630
2026/08/09 00:30:50 - mmengine - INFO - Epoch(train) [10][1250/1750]  lr: 1.4730e-04  eta: 0:07:48  time: 0.0957  data_time: 0.0003  memory: 2690  grad_norm: 0.0179  loss: 2.0144  loss_cls: 0.0407  loss_bbox: 0.0351  loss_giou: 0.1119  loss_quality: 0.0573  aux_0_loss_cls: 0.2490  aux_0_loss_bbox: 0.1031  aux_0_loss_giou: 0.3082  aux_1_loss_cls: 0.1690  aux_1_loss_bbox: 0.0523  aux_1_loss_giou: 0.1643  aux_2_loss_cls: 0.0818  aux_2_loss_bbox: 0.0444  aux_2_loss_giou: 0.1435  aux_3_loss_cls: 0.0529  aux_3_loss_bbox: 0.0450  aux_3_loss_giou: 0.1429  aux_4_loss_cls: 0.0490  aux_4_loss_bbox: 0.0395  aux_4_loss_giou: 0.1246
2026/08/09 00:30:55 - mmengine - INFO - Epoch(train) [10][1300/1750]  lr: 1.4730e-04  eta: 0:07:42  time: 0.0953  data_time: 0.0003  memory: 2467  grad_norm: 0.0188  loss: 1.9882  loss_cls: 0.0378  loss_bbox: 0.0321  loss_giou: 0.1081  loss_quality: 0.0566  aux_0_loss_cls: 0.2477  aux_0_loss_bbox: 0.1020  aux_0_loss_giou: 0.3201  aux_1_loss_cls: 0.1654  aux_1_loss_bbox: 0.0504  aux_1_loss_giou: 0.1654  aux_2_loss_cls: 0.0803  aux_2_loss_bbox: 0.0425  aux_2_loss_giou: 0.1435  aux_3_loss_cls: 0.0503  aux_3_loss_bbox: 0.0418  aux_3_loss_giou: 0.1414  aux_4_loss_cls: 0.0461  aux_4_loss_bbox: 0.0359  aux_4_loss_giou: 0.1207
2026/08/09 00:31:00 - mmengine - INFO - Epoch(train) [10][1350/1750]  lr: 1.4730e-04  eta: 0:07:36  time: 0.0966  data_time: 0.0003  memory: 2607  grad_norm: 0.0169  loss: 2.0625  loss_cls: 0.0436  loss_bbox: 0.0354  loss_giou: 0.1177  loss_quality: 0.0593  aux_0_loss_cls: 0.2499  aux_0_loss_bbox: 0.1003  aux_0_loss_giou: 0.3139  aux_1_loss_cls: 0.1704  aux_1_loss_bbox: 0.0537  aux_1_loss_giou: 0.1704  aux_2_loss_cls: 0.0851  aux_2_loss_bbox: 0.0456  aux_2_loss_giou: 0.1514  aux_3_loss_cls: 0.0537  aux_3_loss_bbox: 0.0441  aux_3_loss_giou: 0.1474  aux_4_loss_cls: 0.0517  aux_4_loss_bbox: 0.0391  aux_4_loss_giou: 0.1299
2026/08/09 00:31:05 - mmengine - INFO - Epoch(train) [10][1400/1750]  lr: 1.4730e-04  eta: 0:07:30  time: 0.1071  data_time: 0.0003  memory: 6455  grad_norm: 0.0160  loss: 2.0338  loss_cls: 0.0401  loss_bbox: 0.0330  loss_giou: 0.1083  loss_quality: 0.0564  aux_0_loss_cls: 0.2551  aux_0_loss_bbox: 0.1007  aux_0_loss_giou: 0.3071  aux_1_loss_cls: 0.1963  aux_1_loss_bbox: 0.0513  aux_1_loss_giou: 0.1650  aux_2_loss_cls: 0.0882  aux_2_loss_bbox: 0.0434  aux_2_loss_giou: 0.1446  aux_3_loss_cls: 0.0533  aux_3_loss_bbox: 0.0427  aux_3_loss_giou: 0.1411  aux_4_loss_cls: 0.0501  aux_4_loss_bbox: 0.0368  aux_4_loss_giou: 0.1203
2026/08/09 00:31:11 - mmengine - INFO - Epoch(train) [10][1450/1750]  lr: 1.4730e-04  eta: 0:07:24  time: 0.1056  data_time: 0.0003  memory: 2682  grad_norm: 0.0153  loss: 1.8871  loss_cls: 0.0336  loss_bbox: 0.0302  loss_giou: 0.1023  loss_quality: 0.0539  aux_0_loss_cls: 0.2454  aux_0_loss_bbox: 0.0987  aux_0_loss_giou: 0.3061  aux_1_loss_cls: 0.1660  aux_1_loss_bbox: 0.0456  aux_1_loss_giou: 0.1529  aux_2_loss_cls: 0.0777  aux_2_loss_bbox: 0.0382  aux_2_loss_giou: 0.1333  aux_3_loss_cls: 0.0459  aux_3_loss_bbox: 0.0385  aux_3_loss_giou: 0.1327  aux_4_loss_cls: 0.0405  aux_4_loss_bbox: 0.0332  aux_4_loss_giou: 0.1123
2026/08/09 00:31:16 - mmengine - INFO - Epoch(train) [10][1500/1750]  lr: 1.4730e-04  eta: 0:07:18  time: 0.1133  data_time: 0.0003  memory: 2771  grad_norm: 0.0172  loss: 1.9374  loss_cls: 0.0361  loss_bbox: 0.0299  loss_giou: 0.1083  loss_quality: 0.0572  aux_0_loss_cls: 0.2469  aux_0_loss_bbox: 0.0961  aux_0_loss_giou: 0.3104  aux_1_loss_cls: 0.1649  aux_1_loss_bbox: 0.0460  aux_1_loss_giou: 0.1617  aux_2_loss_cls: 0.0778  aux_2_loss_bbox: 0.0387  aux_2_loss_giou: 0.1416  aux_3_loss_cls: 0.0461  aux_3_loss_bbox: 0.0378  aux_3_loss_giou: 0.1372  aux_4_loss_cls: 0.0455  aux_4_loss_bbox: 0.0339  aux_4_loss_giou: 0.1213
2026/08/09 00:31:24 - mmengine - INFO - Epoch(train) [10][1550/1750]  lr: 1.4730e-04  eta: 0:07:13  time: 0.1544  data_time: 0.0003  memory: 19056  grad_norm: 0.0159  loss: 1.9684  loss_cls: 0.0387  loss_bbox: 0.0320  loss_giou: 0.1061  loss_quality: 0.0554  aux_0_loss_cls: 0.2505  aux_0_loss_bbox: 0.1009  aux_0_loss_giou: 0.3148  aux_1_loss_cls: 0.1716  aux_1_loss_bbox: 0.0498  aux_1_loss_giou: 0.1598  aux_2_loss_cls: 0.0820  aux_2_loss_bbox: 0.0427  aux_2_loss_giou: 0.1395  aux_3_loss_cls: 0.0488  aux_3_loss_bbox: 0.0408  aux_3_loss_giou: 0.1356  aux_4_loss_cls: 0.0454  aux_4_loss_bbox: 0.0355  aux_4_loss_giou: 0.1185
2026/08/09 00:31:30 - mmengine - INFO - Epoch(train) [10][1600/1750]  lr: 1.4730e-04  eta: 0:07:07  time: 0.1193  data_time: 0.0003  memory: 2910  grad_norm: 0.0174  loss: 1.9967  loss_cls: 0.0399  loss_bbox: 0.0315  loss_giou: 0.1107  loss_quality: 0.0578  aux_0_loss_cls: 0.2487  aux_0_loss_bbox: 0.0946  aux_0_loss_giou: 0.3081  aux_1_loss_cls: 0.1707  aux_1_loss_bbox: 0.0482  aux_1_loss_giou: 0.1645  aux_2_loss_cls: 0.0865  aux_2_loss_bbox: 0.0423  aux_2_loss_giou: 0.1471  aux_3_loss_cls: 0.0523  aux_3_loss_bbox: 0.0421  aux_3_loss_giou: 0.1462  aux_4_loss_cls: 0.0474  aux_4_loss_bbox: 0.0351  aux_4_loss_giou: 0.1229
2026/08/09 00:31:37 - mmengine - INFO - Epoch(train) [10][1650/1750]  lr: 1.4730e-04  eta: 0:07:02  time: 0.1446  data_time: 0.0003  memory: 10413  grad_norm: 0.0161  loss: 1.9246  loss_cls: 0.0347  loss_bbox: 0.0307  loss_giou: 0.1059  loss_quality: 0.0553  aux_0_loss_cls: 0.2471  aux_0_loss_bbox: 0.0981  aux_0_loss_giou: 0.3148  aux_1_loss_cls: 0.1661  aux_1_loss_bbox: 0.0464  aux_1_loss_giou: 0.1572  aux_2_loss_cls: 0.0796  aux_2_loss_bbox: 0.0384  aux_2_loss_giou: 0.1356  aux_3_loss_cls: 0.0472  aux_3_loss_bbox: 0.0382  aux_3_loss_giou: 0.1333  aux_4_loss_cls: 0.0435  aux_4_loss_bbox: 0.0342  aux_4_loss_giou: 0.1182
2026/08/09 00:31:43 - mmengine - INFO - Epoch(train) [10][1700/1750]  lr: 1.4730e-04  eta: 0:06:56  time: 0.1228  data_time: 0.0003  memory: 2811  grad_norm: 0.0166  loss: 1.9681  loss_cls: 0.0387  loss_bbox: 0.0324  loss_giou: 0.1102  loss_quality: 0.0575  aux_0_loss_cls: 0.2515  aux_0_loss_bbox: 0.0945  aux_0_loss_giou: 0.2972  aux_1_loss_cls: 0.1689  aux_1_loss_bbox: 0.0478  aux_1_loss_giou: 0.1592  aux_2_loss_cls: 0.0861  aux_2_loss_bbox: 0.0411  aux_2_loss_giou: 0.1413  aux_3_loss_cls: 0.0533  aux_3_loss_bbox: 0.0418  aux_3_loss_giou: 0.1409  aux_4_loss_cls: 0.0475  aux_4_loss_bbox: 0.0359  aux_4_loss_giou: 0.1222
2026/08/09 00:31:49 - mmengine - INFO - Exp name: capr_quality_final_only_train_24obj_20260808_234630
2026/08/09 00:31:49 - mmengine - INFO - Epoch(train) [10][1750/1750]  lr: 1.4730e-04  eta: 0:06:50  time: 0.1018  data_time: 0.0003  memory: 9310  grad_norm: 0.0164  loss: 1.9350  loss_cls: 0.0372  loss_bbox: 0.0318  loss_giou: 0.1046  loss_quality: 0.0556  aux_0_loss_cls: 0.2488  aux_0_loss_bbox: 0.0985  aux_0_loss_giou: 0.3060  aux_1_loss_cls: 0.1650  aux_1_loss_bbox: 0.0484  aux_1_loss_giou: 0.1579  aux_2_loss_cls: 0.0810  aux_2_loss_bbox: 0.0403  aux_2_loss_giou: 0.1365  aux_3_loss_cls: 0.0477  aux_3_loss_bbox: 0.0406  aux_3_loss_giou: 0.1355  aux_4_loss_cls: 0.0462  aux_4_loss_bbox: 0.0359  aux_4_loss_giou: 0.1176
2026/08/09 00:31:49 - mmengine - INFO - Saving checkpoint at 10 epochs
2026/08/09 00:31:56 - mmengine - INFO - Epoch(val) [10][ 50/500]    eta: 0:00:54  time: 0.1220  data_time: 0.0005  memory: 811  
2026/08/09 00:32:02 - mmengine - INFO - Epoch(val) [10][100/500]    eta: 0:00:48  time: 0.1212  data_time: 0.0002  memory: 806  
2026/08/09 00:32:08 - mmengine - INFO - Epoch(val) [10][150/500]    eta: 0:00:42  time: 0.1209  data_time: 0.0002  memory: 822  
2026/08/09 00:32:15 - mmengine - INFO - Epoch(val) [10][200/500]    eta: 0:00:36  time: 0.1221  data_time: 0.0002  memory: 822  
2026/08/09 00:32:21 - mmengine - INFO - Epoch(val) [10][250/500]    eta: 0:00:30  time: 0.1231  data_time: 0.0002  memory: 822  
2026/08/09 00:32:27 - mmengine - INFO - Epoch(val) [10][300/500]    eta: 0:00:24  time: 0.1216  data_time: 0.0002  memory: 822  
2026/08/09 00:32:33 - mmengine - INFO - Epoch(val) [10][350/500]    eta: 0:00:18  time: 0.1212  data_time: 0.0002  memory: 806  
2026/08/09 00:32:39 - mmengine - INFO - Epoch(val) [10][400/500]    eta: 0:00:12  time: 0.1215  data_time: 0.0002  memory: 811  
2026/08/09 00:32:45 - mmengine - INFO - Epoch(val) [10][450/500]    eta: 0:00:06  time: 0.1210  data_time: 0.0002  memory: 822  
2026/08/09 00:32:51 - mmengine - INFO - Epoch(val) [10][500/500]    eta: 0:00:00  time: 0.1218  data_time: 0.0002  memory: 814  
2026/08/09 00:32:52 - mmengine - INFO - Evaluating bbox...
2026/08/09 00:32:59 - mmengine - INFO - 
+----------+-------+--------+--------+-------+-------+-------+
| category | mAP   | mAP_50 | mAP_75 | mAP_s | mAP_m | mAP_l |
+----------+-------+--------+--------+-------+-------+-------+
| A1       | 0.922 | 0.99   | 0.98   | nan   | 0.888 | 0.932 |
| A2       | 0.913 | 0.989  | 0.969  | nan   | 0.88  | 0.925 |
| A3       | 0.913 | 0.994  | 0.988  | nan   | 0.895 | 0.941 |
| B4       | 0.913 | 0.99   | 0.985  | nan   | 0.898 | 0.945 |
| B5       | 0.914 | 0.989  | 0.989  | nan   | 0.905 | 0.947 |
| C6       | 0.909 | 0.99   | 0.989  | nan   | 0.903 | 0.936 |
| C7       | 0.901 | 0.99   | 0.979  | nan   | 0.899 | 0.931 |
| C8       | 0.896 | 0.99   | 0.988  | nan   | 0.894 | 0.947 |
| C9       | 0.886 | 0.99   | 0.979  | nan   | 0.886 | 0.946 |
| C10      | 0.889 | 0.99   | 0.988  | nan   | 0.889 | 0.936 |
| C11      | 0.884 | 0.99   | 0.979  | nan   | 0.883 | 0.947 |
| C12      | 0.898 | 0.999  | 0.989  | nan   | 0.897 | 0.971 |
| D13      | 0.863 | 0.989  | 0.979  | nan   | 0.863 | 0.5   |
| D14      | 0.862 | 0.99   | 0.975  | nan   | 0.862 | nan   |
| D15      | 0.85  | 0.987  | 0.965  | nan   | 0.85  | nan   |
| E16      | 0.862 | 0.989  | 0.988  | nan   | 0.862 | nan   |
| E17      | 0.851 | 0.99   | 0.978  | nan   | 0.851 | nan   |
| E18      | 0.844 | 0.989  | 0.961  | nan   | 0.844 | nan   |
| F19      | 0.824 | 0.99   | 0.96   | 0.652 | 0.825 | nan   |
| F20      | 0.827 | 0.99   | 0.958  | 0.4   | 0.828 | nan   |
| G21      | 0.795 | 0.989  | 0.937  | 0.651 | 0.804 | nan   |
| G22      | 0.795 | 0.984  | 0.935  | 0.561 | 0.802 | nan   |
| X        | 0.886 | 0.982  | 0.978  | nan   | 0.885 | 0.898 |
| Y        | 0.787 | 0.98   | 0.934  | 0.551 | 0.799 | nan   |
+----------+-------+--------+--------+-------+-------+-------+
2026/08/09 00:32:59 - mmengine - INFO - bbox_mAP_copypaste: 0.870 0.989 0.973 0.563 0.866 0.907
2026/08/09 00:32:59 - mmengine - INFO - Epoch(val) [10][500/500]    coco/A1_precision: 0.9220  coco/A1_mAP_50: 0.9900  coco/A1_mAP_75: 0.9800  coco/A1_mAP_s: nan  coco/A1_mAP_m: 0.8880  coco/A1_mAP_l: 0.9320  coco/A2_precision: 0.9130  coco/A2_mAP_50: 0.9890  coco/A2_mAP_75: 0.9690  coco/A2_mAP_s: nan  coco/A2_mAP_m: 0.8800  coco/A2_mAP_l: 0.9250  coco/A3_precision: 0.9130  coco/A3_mAP_50: 0.9940  coco/A3_mAP_75: 0.9880  coco/A3_mAP_s: nan  coco/A3_mAP_m: 0.8950  coco/A3_mAP_l: 0.9410  coco/B4_precision: 0.9130  coco/B4_mAP_50: 0.9900  coco/B4_mAP_75: 0.9850  coco/B4_mAP_s: nan  coco/B4_mAP_m: 0.8980  coco/B4_mAP_l: 0.9450  coco/B5_precision: 0.9140  coco/B5_mAP_50: 0.9890  coco/B5_mAP_75: 0.9890  coco/B5_mAP_s: nan  coco/B5_mAP_m: 0.9050  coco/B5_mAP_l: 0.9470  coco/C6_precision: 0.9090  coco/C6_mAP_50: 0.9900  coco/C6_mAP_75: 0.9890  coco/C6_mAP_s: nan  coco/C6_mAP_m: 0.9030  coco/C6_mAP_l: 0.9360  coco/C7_precision: 0.9010  coco/C7_mAP_50: 0.9900  coco/C7_mAP_75: 0.9790  coco/C7_mAP_s: nan  coco/C7_mAP_m: 0.8990  coco/C7_mAP_l: 0.9310  coco/C8_precision: 0.8960  coco/C8_mAP_50: 0.9900  coco/C8_mAP_75: 0.9880  coco/C8_mAP_s: nan  coco/C8_mAP_m: 0.8940  coco/C8_mAP_l: 0.9470  coco/C9_precision: 0.8860  coco/C9_mAP_50: 0.9900  coco/C9_mAP_75: 0.9790  coco/C9_mAP_s: nan  coco/C9_mAP_m: 0.8860  coco/C9_mAP_l: 0.9460  coco/C10_precision: 0.8890  coco/C10_mAP_50: 0.9900  coco/C10_mAP_75: 0.9880  coco/C10_mAP_s: nan  coco/C10_mAP_m: 0.8890  coco/C10_mAP_l: 0.9360  coco/C11_precision: 0.8840  coco/C11_mAP_50: 0.9900  coco/C11_mAP_75: 0.9790  coco/C11_mAP_s: nan  coco/C11_mAP_m: 0.8830  coco/C11_mAP_l: 0.9470  coco/C12_precision: 0.8980  coco/C12_mAP_50: 0.9990  coco/C12_mAP_75: 0.9890  coco/C12_mAP_s: nan  coco/C12_mAP_m: 0.8970  coco/C12_mAP_l: 0.9710  coco/D13_precision: 0.8630  coco/D13_mAP_50: 0.9890  coco/D13_mAP_75: 0.9790  coco/D13_mAP_s: nan  coco/D13_mAP_m: 0.8630  coco/D13_mAP_l: 0.5000  coco/D14_precision: 0.8620  coco/D14_mAP_50: 0.9900  coco/D14_mAP_75: 0.9750  coco/D14_mAP_s: nan  coco/D14_mAP_m: 0.8620  coco/D14_mAP_l: nan  coco/D15_precision: 0.8500  coco/D15_mAP_50: 0.9870  coco/D15_mAP_75: 0.9650  coco/D15_mAP_s: nan  coco/D15_mAP_m: 0.8500  coco/D15_mAP_l: nan  coco/E16_precision: 0.8620  coco/E16_mAP_50: 0.9890  coco/E16_mAP_75: 0.9880  coco/E16_mAP_s: nan  coco/E16_mAP_m: 0.8620  coco/E16_mAP_l: nan  coco/E17_precision: 0.8510  coco/E17_mAP_50: 0.9900  coco/E17_mAP_75: 0.9780  coco/E17_mAP_s: nan  coco/E17_mAP_m: 0.8510  coco/E17_mAP_l: nan  coco/E18_precision: 0.8440  coco/E18_mAP_50: 0.9890  coco/E18_mAP_75: 0.9610  coco/E18_mAP_s: nan  coco/E18_mAP_m: 0.8440  coco/E18_mAP_l: nan  coco/F19_precision: 0.8240  coco/F19_mAP_50: 0.9900  coco/F19_mAP_75: 0.9600  coco/F19_mAP_s: 0.6520  coco/F19_mAP_m: 0.8250  coco/F19_mAP_l: nan  coco/F20_precision: 0.8270  coco/F20_mAP_50: 0.9900  coco/F20_mAP_75: 0.9580  coco/F20_mAP_s: 0.4000  coco/F20_mAP_m: 0.8280  coco/F20_mAP_l: nan  coco/G21_precision: 0.7950  coco/G21_mAP_50: 0.9890  coco/G21_mAP_75: 0.9370  coco/G21_mAP_s: 0.6510  coco/G21_mAP_m: 0.8040  coco/G21_mAP_l: nan  coco/G22_precision: 0.7950  coco/G22_mAP_50: 0.9840  coco/G22_mAP_75: 0.9350  coco/G22_mAP_s: 0.5610  coco/G22_mAP_m: 0.8020  coco/G22_mAP_l: nan  coco/X_precision: 0.8860  coco/X_mAP_50: 0.9820  coco/X_mAP_75: 0.9780  coco/X_mAP_s: nan  coco/X_mAP_m: 0.8850  coco/X_mAP_l: 0.8980  coco/Y_precision: 0.7870  coco/Y_mAP_50: 0.9800  coco/Y_mAP_75: 0.9340  coco/Y_mAP_s: 0.5510  coco/Y_mAP_m: 0.7990  coco/Y_mAP_l: nan  coco/bbox_mAP: 0.8700  coco/bbox_mAP_50: 0.9890  coco/bbox_mAP_75: 0.9730  coco/bbox_mAP_s: 0.5630  coco/bbox_mAP_m: 0.8660  coco/bbox_mAP_l: 0.9070  data_time: 0.0002  time: 0.1216
2026/08/09 00:33:05 - mmengine - INFO - Epoch(train) [11][  50/1750]  lr: 6.7920e-05  eta: 0:06:44  time: 0.1074  data_time: 0.0013  memory: 19166  grad_norm: 0.0169  loss: 1.9637  loss_cls: 0.0384  loss_bbox: 0.0314  loss_giou: 0.1071  loss_quality: 0.0563  aux_0_loss_cls: 0.2503  aux_0_loss_bbox: 0.0992  aux_0_loss_giou: 0.3153  aux_1_loss_cls: 0.1644  aux_1_loss_bbox: 0.0476  aux_1_loss_giou: 0.1602  aux_2_loss_cls: 0.0833  aux_2_loss_bbox: 0.0406  aux_2_loss_giou: 0.1405  aux_3_loss_cls: 0.0498  aux_3_loss_bbox: 0.0398  aux_3_loss_giou: 0.1378  aux_4_loss_cls: 0.0473  aux_4_loss_bbox: 0.0351  aux_4_loss_giou: 0.1194
2026/08/09 00:33:09 - mmengine - INFO - Epoch(train) [11][ 100/1750]  lr: 6.7920e-05  eta: 0:06:38  time: 0.0961  data_time: 0.0004  memory: 2905  grad_norm: 0.0157  loss: 1.9651  loss_cls: 0.0371  loss_bbox: 0.0317  loss_giou: 0.1047  loss_quality: 0.0551  aux_0_loss_cls: 0.2436  aux_0_loss_bbox: 0.1035  aux_0_loss_giou: 0.3201  aux_1_loss_cls: 0.1670  aux_1_loss_bbox: 0.0496  aux_1_loss_giou: 0.1612  aux_2_loss_cls: 0.0807  aux_2_loss_bbox: 0.0419  aux_2_loss_giou: 0.1403  aux_3_loss_cls: 0.0511  aux_3_loss_bbox: 0.0408  aux_3_loss_giou: 0.1369  aux_4_loss_cls: 0.0469  aux_4_loss_bbox: 0.0355  aux_4_loss_giou: 0.1172
2026/08/09 00:33:15 - mmengine - INFO - Epoch(train) [11][ 150/1750]  lr: 6.7920e-05  eta: 0:06:32  time: 0.1097  data_time: 0.0004  memory: 2628  grad_norm: 0.0153  loss: 1.8317  loss_cls: 0.0304  loss_bbox: 0.0275  loss_giou: 0.0984  loss_quality: 0.0536  aux_0_loss_cls: 0.2426  aux_0_loss_bbox: 0.0926  aux_0_loss_giou: 0.2978  aux_1_loss_cls: 0.1578  aux_1_loss_bbox: 0.0438  aux_1_loss_giou: 0.1524  aux_2_loss_cls: 0.0741  aux_2_loss_bbox: 0.0374  aux_2_loss_giou: 0.1348  aux_3_loss_cls: 0.0418  aux_3_loss_bbox: 0.0364  aux_3_loss_giou: 0.1306  aux_4_loss_cls: 0.0385  aux_4_loss_bbox: 0.0310  aux_4_loss_giou: 0.1103
2026/08/09 00:33:20 - mmengine - INFO - Epoch(train) [11][ 200/1750]  lr: 6.7920e-05  eta: 0:06:26  time: 0.0966  data_time: 0.0004  memory: 2578  grad_norm: 0.0162  loss: 1.9321  loss_cls: 0.0376  loss_bbox: 0.0311  loss_giou: 0.1042  loss_quality: 0.0556  aux_0_loss_cls: 0.2442  aux_0_loss_bbox: 0.1001  aux_0_loss_giou: 0.3090  aux_1_loss_cls: 0.1637  aux_1_loss_bbox: 0.0485  aux_1_loss_giou: 0.1582  aux_2_loss_cls: 0.0789  aux_2_loss_bbox: 0.0408  aux_2_loss_giou: 0.1373  aux_3_loss_cls: 0.0491  aux_3_loss_bbox: 0.0407  aux_3_loss_giou: 0.1359  aux_4_loss_cls: 0.0458  aux_4_loss_bbox: 0.0351  aux_4_loss_giou: 0.1163
2026/08/09 00:33:25 - mmengine - INFO - Epoch(train) [11][ 250/1750]  lr: 6.7920e-05  eta: 0:06:20  time: 0.1148  data_time: 0.0004  memory: 2610  grad_norm: 0.0171  loss: 1.9550  loss_cls: 0.0389  loss_bbox: 0.0305  loss_giou: 0.1058  loss_quality: 0.0564  aux_0_loss_cls: 0.2490  aux_0_loss_bbox: 0.0979  aux_0_loss_giou: 0.3096  aux_1_loss_cls: 0.1682  aux_1_loss_bbox: 0.0473  aux_1_loss_giou: 0.1595  aux_2_loss_cls: 0.0828  aux_2_loss_bbox: 0.0404  aux_2_loss_giou: 0.1405  aux_3_loss_cls: 0.0526  aux_3_loss_bbox: 0.0394  aux_3_loss_giou: 0.1366  aux_4_loss_cls: 0.0471  aux_4_loss_bbox: 0.0345  aux_4_loss_giou: 0.1180
2026/08/09 00:33:31 - mmengine - INFO - Epoch(train) [11][ 300/1750]  lr: 6.7920e-05  eta: 0:06:14  time: 0.1037  data_time: 0.0003  memory: 10071  grad_norm: 0.0182  loss: 2.0521  loss_cls: 0.0442  loss_bbox: 0.0348  loss_giou: 0.1134  loss_quality: 0.0587  aux_0_loss_cls: 0.2537  aux_0_loss_bbox: 0.1017  aux_0_loss_giou: 0.3115  aux_1_loss_cls: 0.1710  aux_1_loss_bbox: 0.0521  aux_1_loss_giou: 0.1667  aux_2_loss_cls: 0.0858  aux_2_loss_bbox: 0.0452  aux_2_loss_giou: 0.1479  aux_3_loss_cls: 0.0573  aux_3_loss_bbox: 0.0447  aux_3_loss_giou: 0.1467  aux_4_loss_cls: 0.0532  aux_4_loss_bbox: 0.0384  aux_4_loss_giou: 0.1252
2026/08/09 00:33:35 - mmengine - INFO - Epoch(train) [11][ 350/1750]  lr: 6.7920e-05  eta: 0:06:08  time: 0.0972  data_time: 0.0004  memory: 2609  grad_norm: 0.0177  loss: 1.9911  loss_cls: 0.0379  loss_bbox: 0.0316  loss_giou: 0.1088  loss_quality: 0.0563  aux_0_loss_cls: 0.2522  aux_0_loss_bbox: 0.1011  aux_0_loss_giou: 0.3238  aux_1_loss_cls: 0.1667  aux_1_loss_bbox: 0.0483  aux_1_loss_giou: 0.1640  aux_2_loss_cls: 0.0834  aux_2_loss_bbox: 0.0408  aux_2_loss_giou: 0.1435  aux_3_loss_cls: 0.0499  aux_3_loss_bbox: 0.0402  aux_3_loss_giou: 0.1401  aux_4_loss_cls: 0.0471  aux_4_loss_bbox: 0.0349  aux_4_loss_giou: 0.1205
2026/08/09 00:33:41 - mmengine - INFO - Epoch(train) [11][ 400/1750]  lr: 6.7920e-05  eta: 0:06:02  time: 0.1070  data_time: 0.0004  memory: 2992  grad_norm: 0.0167  loss: 2.0139  loss_cls: 0.0375  loss_bbox: 0.0346  loss_giou: 0.1116  loss_quality: 0.0565  aux_0_loss_cls: 0.2456  aux_0_loss_bbox: 0.1033  aux_0_loss_giou: 0.3182  aux_1_loss_cls: 0.1677  aux_1_loss_bbox: 0.0525  aux_1_loss_giou: 0.1685  aux_2_loss_cls: 0.0825  aux_2_loss_bbox: 0.0452  aux_2_loss_giou: 0.1477  aux_3_loss_cls: 0.0502  aux_3_loss_bbox: 0.0436  aux_3_loss_giou: 0.1419  aux_4_loss_cls: 0.0455  aux_4_loss_bbox: 0.0378  aux_4_loss_giou: 0.1233
2026/08/09 00:33:47 - mmengine - INFO - Epoch(train) [11][ 450/1750]  lr: 6.7920e-05  eta: 0:05:56  time: 0.1136  data_time: 0.0004  memory: 2629  grad_norm: 0.0162  loss: 2.0427  loss_cls: 0.0414  loss_bbox: 0.0343  loss_giou: 0.1108  loss_quality: 0.0583  aux_0_loss_cls: 0.2575  aux_0_loss_bbox: 0.1048  aux_0_loss_giou: 0.3190  aux_1_loss_cls: 0.1760  aux_1_loss_bbox: 0.0524  aux_1_loss_giou: 0.1661  aux_2_loss_cls: 0.0873  aux_2_loss_bbox: 0.0444  aux_2_loss_giou: 0.1443  aux_3_loss_cls: 0.0529  aux_3_loss_bbox: 0.0435  aux_3_loss_giou: 0.1407  aux_4_loss_cls: 0.0494  aux_4_loss_bbox: 0.0374  aux_4_loss_giou: 0.1223
2026/08/09 00:33:52 - mmengine - INFO - Exp name: capr_quality_final_only_train_24obj_20260808_234630
2026/08/09 00:33:52 - mmengine - INFO - Epoch(train) [11][ 500/1750]  lr: 6.7920e-05  eta: 0:05:50  time: 0.1144  data_time: 0.0003  memory: 2635  grad_norm: 0.0146  loss: 1.9414  loss_cls: 0.0347  loss_bbox: 0.0320  loss_giou: 0.1055  loss_quality: 0.0544  aux_0_loss_cls: 0.2420  aux_0_loss_bbox: 0.1038  aux_0_loss_giou: 0.3147  aux_1_loss_cls: 0.1629  aux_1_loss_bbox: 0.0490  aux_1_loss_giou: 0.1593  aux_2_loss_cls: 0.0794  aux_2_loss_bbox: 0.0417  aux_2_loss_giou: 0.1387  aux_3_loss_cls: 0.0466  aux_3_loss_bbox: 0.0414  aux_3_loss_giou: 0.1362  aux_4_loss_cls: 0.0453  aux_4_loss_bbox: 0.0358  aux_4_loss_giou: 0.1179
2026/08/09 00:33:58 - mmengine - INFO - Epoch(train) [11][ 550/1750]  lr: 6.7920e-05  eta: 0:05:44  time: 0.1164  data_time: 0.0004  memory: 2939  grad_norm: 0.0146  loss: 1.9488  loss_cls: 0.0365  loss_bbox: 0.0321  loss_giou: 0.1074  loss_quality: 0.0557  aux_0_loss_cls: 0.2504  aux_0_loss_bbox: 0.0986  aux_0_loss_giou: 0.3077  aux_1_loss_cls: 0.1649  aux_1_loss_bbox: 0.0480  aux_1_loss_giou: 0.1589  aux_2_loss_cls: 0.0806  aux_2_loss_bbox: 0.0406  aux_2_loss_giou: 0.1383  aux_3_loss_cls: 0.0483  aux_3_loss_bbox: 0.0407  aux_3_loss_giou: 0.1375  aux_4_loss_cls: 0.0464  aux_4_loss_bbox: 0.0358  aux_4_loss_giou: 0.1203
2026/08/09 00:34:04 - mmengine - INFO - Epoch(train) [11][ 600/1750]  lr: 6.7920e-05  eta: 0:05:38  time: 0.1157  data_time: 0.0004  memory: 19387  grad_norm: 0.0162  loss: 1.9547  loss_cls: 0.0370  loss_bbox: 0.0319  loss_giou: 0.1093  loss_quality: 0.0571  aux_0_loss_cls: 0.2421  aux_0_loss_bbox: 0.0987  aux_0_loss_giou: 0.3120  aux_1_loss_cls: 0.1624  aux_1_loss_bbox: 0.0477  aux_1_loss_giou: 0.1596  aux_2_loss_cls: 0.0806  aux_2_loss_bbox: 0.0405  aux_2_loss_giou: 0.1409  aux_3_loss_cls: 0.0513  aux_3_loss_bbox: 0.0400  aux_3_loss_giou: 0.1390  aux_4_loss_cls: 0.0470  aux_4_loss_bbox: 0.0356  aux_4_loss_giou: 0.1220
2026/08/09 00:34:09 - mmengine - INFO - Epoch(train) [11][ 650/1750]  lr: 6.7920e-05  eta: 0:05:33  time: 0.1040  data_time: 0.0004  memory: 2666  grad_norm: 0.0176  loss: 1.9537  loss_cls: 0.0386  loss_bbox: 0.0313  loss_giou: 0.1076  loss_quality: 0.0565  aux_0_loss_cls: 0.2434  aux_0_loss_bbox: 0.0984  aux_0_loss_giou: 0.3143  aux_1_loss_cls: 0.1638  aux_1_loss_bbox: 0.0467  aux_1_loss_giou: 0.1596  aux_2_loss_cls: 0.0814  aux_2_loss_bbox: 0.0397  aux_2_loss_giou: 0.1388  aux_3_loss_cls: 0.0522  aux_3_loss_bbox: 0.0399  aux_3_loss_giou: 0.1380  aux_4_loss_cls: 0.0482  aux_4_loss_bbox: 0.0353  aux_4_loss_giou: 0.1199
2026/08/09 00:34:15 - mmengine - INFO - Epoch(train) [11][ 700/1750]  lr: 6.7920e-05  eta: 0:05:27  time: 0.1131  data_time: 0.0004  memory: 2922  grad_norm: 0.0155  loss: 1.9472  loss_cls: 0.0384  loss_bbox: 0.0329  loss_giou: 0.1049  loss_quality: 0.0555  aux_0_loss_cls: 0.2467  aux_0_loss_bbox: 0.1020  aux_0_loss_giou: 0.3105  aux_1_loss_cls: 0.1642  aux_1_loss_bbox: 0.0494  aux_1_loss_giou: 0.1586  aux_2_loss_cls: 0.0780  aux_2_loss_bbox: 0.0419  aux_2_loss_giou: 0.1382  aux_3_loss_cls: 0.0477  aux_3_loss_bbox: 0.0410  aux_3_loss_giou: 0.1342  aux_4_loss_cls: 0.0483  aux_4_loss_bbox: 0.0374  aux_4_loss_giou: 0.1175
2026/08/09 00:34:20 - mmengine - INFO - Epoch(train) [11][ 750/1750]  lr: 6.7920e-05  eta: 0:05:21  time: 0.1122  data_time: 0.0004  memory: 2906  grad_norm: 0.0167  loss: 1.9922  loss_cls: 0.0380  loss_bbox: 0.0321  loss_giou: 0.1082  loss_quality: 0.0567  aux_0_loss_cls: 0.2547  aux_0_loss_bbox: 0.1010  aux_0_loss_giou: 0.3108  aux_1_loss_cls: 0.1773  aux_1_loss_bbox: 0.0497  aux_1_loss_giou: 0.1619  aux_2_loss_cls: 0.0853  aux_2_loss_bbox: 0.0423  aux_2_loss_giou: 0.1425  aux_3_loss_cls: 0.0508  aux_3_loss_bbox: 0.0408  aux_3_loss_giou: 0.1387  aux_4_loss_cls: 0.0455  aux_4_loss_bbox: 0.0357  aux_4_loss_giou: 0.1199
2026/08/09 00:34:26 - mmengine - INFO - Epoch(train) [11][ 800/1750]  lr: 6.7920e-05  eta: 0:05:15  time: 0.1052  data_time: 0.0003  memory: 2848  grad_norm: 0.0159  loss: 2.0109  loss_cls: 0.0359  loss_bbox: 0.0329  loss_giou: 0.1105  loss_quality: 0.0571  aux_0_loss_cls: 0.2500  aux_0_loss_bbox: 0.1044  aux_0_loss_giou: 0.3187  aux_1_loss_cls: 0.1664  aux_1_loss_bbox: 0.0516  aux_1_loss_giou: 0.1674  aux_2_loss_cls: 0.0819  aux_2_loss_bbox: 0.0443  aux_2_loss_giou: 0.1475  aux_3_loss_cls: 0.0501  aux_3_loss_bbox: 0.0423  aux_3_loss_giou: 0.1415  aux_4_loss_cls: 0.0467  aux_4_loss_bbox: 0.0371  aux_4_loss_giou: 0.1247
2026/08/09 00:34:31 - mmengine - INFO - Epoch(train) [11][ 850/1750]  lr: 6.7920e-05  eta: 0:05:09  time: 0.1060  data_time: 0.0003  memory: 2862  grad_norm: 0.0153  loss: 1.8918  loss_cls: 0.0350  loss_bbox: 0.0293  loss_giou: 0.1007  loss_quality: 0.0531  aux_0_loss_cls: 0.2473  aux_0_loss_bbox: 0.0970  aux_0_loss_giou: 0.3113  aux_1_loss_cls: 0.1655  aux_1_loss_bbox: 0.0451  aux_1_loss_giou: 0.1529  aux_2_loss_cls: 0.0797  aux_2_loss_bbox: 0.0378  aux_2_loss_giou: 0.1329  aux_3_loss_cls: 0.0468  aux_3_loss_bbox: 0.0370  aux_3_loss_giou: 0.1291  aux_4_loss_cls: 0.0447  aux_4_loss_bbox: 0.0330  aux_4_loss_giou: 0.1137
2026/08/09 00:34:37 - mmengine - INFO - Epoch(train) [11][ 900/1750]  lr: 6.7920e-05  eta: 0:05:03  time: 0.1141  data_time: 0.0003  memory: 19286  grad_norm: 0.0159  loss: 1.9604  loss_cls: 0.0357  loss_bbox: 0.0313  loss_giou: 0.1057  loss_quality: 0.0550  aux_0_loss_cls: 0.2483  aux_0_loss_bbox: 0.1016  aux_0_loss_giou: 0.3217  aux_1_loss_cls: 0.1627  aux_1_loss_bbox: 0.0478  aux_1_loss_giou: 0.1620  aux_2_loss_cls: 0.0796  aux_2_loss_bbox: 0.0405  aux_2_loss_giou: 0.1412  aux_3_loss_cls: 0.0481  aux_3_loss_bbox: 0.0404  aux_3_loss_giou: 0.1395  aux_4_loss_cls: 0.0452  aux_4_loss_bbox: 0.0350  aux_4_loss_giou: 0.1192
2026/08/09 00:34:43 - mmengine - INFO - Epoch(train) [11][ 950/1750]  lr: 6.7920e-05  eta: 0:04:57  time: 0.1226  data_time: 0.0003  memory: 2813  grad_norm: 0.0165  loss: 1.9967  loss_cls: 0.0389  loss_bbox: 0.0340  loss_giou: 0.1115  loss_quality: 0.0573  aux_0_loss_cls: 0.2491  aux_0_loss_bbox: 0.0999  aux_0_loss_giou: 0.3077  aux_1_loss_cls: 0.1685  aux_1_loss_bbox: 0.0512  aux_1_loss_giou: 0.1640  aux_2_loss_cls: 0.0822  aux_2_loss_bbox: 0.0434  aux_2_loss_giou: 0.1438  aux_3_loss_cls: 0.0516  aux_3_loss_bbox: 0.0432  aux_3_loss_giou: 0.1413  aux_4_loss_cls: 0.0468  aux_4_loss_bbox: 0.0379  aux_4_loss_giou: 0.1244
2026/08/09 00:34:49 - mmengine - INFO - Epoch(train) [11][1000/1750]  lr: 6.7920e-05  eta: 0:04:52  time: 0.1277  data_time: 0.0003  memory: 3233  grad_norm: 0.0152  loss: 1.9115  loss_cls: 0.0345  loss_bbox: 0.0317  loss_giou: 0.1062  loss_quality: 0.0552  aux_0_loss_cls: 0.2452  aux_0_loss_bbox: 0.0958  aux_0_loss_giou: 0.3004  aux_1_loss_cls: 0.1637  aux_1_loss_bbox: 0.0469  aux_1_loss_giou: 0.1558  aux_2_loss_cls: 0.0779  aux_2_loss_bbox: 0.0401  aux_2_loss_giou: 0.1363  aux_3_loss_cls: 0.0483  aux_3_loss_bbox: 0.0401  aux_3_loss_giou: 0.1358  aux_4_loss_cls: 0.0439  aux_4_loss_bbox: 0.0351  aux_4_loss_giou: 0.1187
2026/08/09 00:34:55 - mmengine - INFO - Epoch(train) [11][1050/1750]  lr: 6.7920e-05  eta: 0:04:46  time: 0.1099  data_time: 0.0003  memory: 2501  grad_norm: 0.0172  loss: 2.0515  loss_cls: 0.0397  loss_bbox: 0.0343  loss_giou: 0.1134  loss_quality: 0.0576  aux_0_loss_cls: 0.2522  aux_0_loss_bbox: 0.1047  aux_0_loss_giou: 0.3262  aux_1_loss_cls: 0.1684  aux_1_loss_bbox: 0.0520  aux_1_loss_giou: 0.1686  aux_2_loss_cls: 0.0841  aux_2_loss_bbox: 0.0446  aux_2_loss_giou: 0.1485  aux_3_loss_cls: 0.0564  aux_3_loss_bbox: 0.0433  aux_3_loss_giou: 0.1441  aux_4_loss_cls: 0.0490  aux_4_loss_bbox: 0.0380  aux_4_loss_giou: 0.1264
2026/08/09 00:34:59 - mmengine - INFO - Epoch(train) [11][1100/1750]  lr: 6.7920e-05  eta: 0:04:40  time: 0.0958  data_time: 0.0003  memory: 2910  grad_norm: 0.0150  loss: 2.0288  loss_cls: 0.0385  loss_bbox: 0.0346  loss_giou: 0.1128  loss_quality: 0.0568  aux_0_loss_cls: 0.2422  aux_0_loss_bbox: 0.1058  aux_0_loss_giou: 0.3242  aux_1_loss_cls: 0.1671  aux_1_loss_bbox: 0.0528  aux_1_loss_giou: 0.1686  aux_2_loss_cls: 0.0833  aux_2_loss_bbox: 0.0456  aux_2_loss_giou: 0.1489  aux_3_loss_cls: 0.0499  aux_3_loss_bbox: 0.0436  aux_3_loss_giou: 0.1430  aux_4_loss_cls: 0.0488  aux_4_loss_bbox: 0.0383  aux_4_loss_giou: 0.1241
2026/08/09 00:35:05 - mmengine - INFO - Epoch(train) [11][1150/1750]  lr: 6.7920e-05  eta: 0:04:34  time: 0.1209  data_time: 0.0003  memory: 2693  grad_norm: 0.0157  loss: 1.8818  loss_cls: 0.0342  loss_bbox: 0.0294  loss_giou: 0.1019  loss_quality: 0.0541  aux_0_loss_cls: 0.2470  aux_0_loss_bbox: 0.0981  aux_0_loss_giou: 0.3102  aux_1_loss_cls: 0.1636  aux_1_loss_bbox: 0.0442  aux_1_loss_giou: 0.1504  aux_2_loss_cls: 0.0797  aux_2_loss_bbox: 0.0377  aux_2_loss_giou: 0.1315  aux_3_loss_cls: 0.0465  aux_3_loss_bbox: 0.0366  aux_3_loss_giou: 0.1285  aux_4_loss_cls: 0.0430  aux_4_loss_bbox: 0.0325  aux_4_loss_giou: 0.1129
2026/08/09 00:35:11 - mmengine - INFO - Epoch(train) [11][1200/1750]  lr: 6.7920e-05  eta: 0:04:28  time: 0.1027  data_time: 0.0003  memory: 2917  grad_norm: 0.0156  loss: 1.9693  loss_cls: 0.0369  loss_bbox: 0.0323  loss_giou: 0.1039  loss_quality: 0.0547  aux_0_loss_cls: 0.2461  aux_0_loss_bbox: 0.1038  aux_0_loss_giou: 0.3183  aux_1_loss_cls: 0.1670  aux_1_loss_bbox: 0.0496  aux_1_loss_giou: 0.1616  aux_2_loss_cls: 0.0846  aux_2_loss_bbox: 0.0425  aux_2_loss_giou: 0.1416  aux_3_loss_cls: 0.0480  aux_3_loss_bbox: 0.0418  aux_3_loss_giou: 0.1387  aux_4_loss_cls: 0.0456  aux_4_loss_bbox: 0.0361  aux_4_loss_giou: 0.1161
2026/08/09 00:35:17 - mmengine - INFO - Epoch(train) [11][1250/1750]  lr: 6.7920e-05  eta: 0:04:22  time: 0.1190  data_time: 0.0004  memory: 19216  grad_norm: 0.0146  loss: 1.9246  loss_cls: 0.0357  loss_bbox: 0.0303  loss_giou: 0.1041  loss_quality: 0.0545  aux_0_loss_cls: 0.2452  aux_0_loss_bbox: 0.0974  aux_0_loss_giou: 0.3129  aux_1_loss_cls: 0.1624  aux_1_loss_bbox: 0.0463  aux_1_loss_giou: 0.1586  aux_2_loss_cls: 0.0802  aux_2_loss_bbox: 0.0393  aux_2_loss_giou: 0.1394  aux_3_loss_cls: 0.0485  aux_3_loss_bbox: 0.0390  aux_3_loss_giou: 0.1356  aux_4_loss_cls: 0.0448  aux_4_loss_bbox: 0.0340  aux_4_loss_giou: 0.1165
2026/08/09 00:35:21 - mmengine - INFO - Epoch(train) [11][1300/1750]  lr: 6.7920e-05  eta: 0:04:16  time: 0.0958  data_time: 0.0003  memory: 2822  grad_norm: 0.0153  loss: 1.9607  loss_cls: 0.0365  loss_bbox: 0.0317  loss_giou: 0.1078  loss_quality: 0.0564  aux_0_loss_cls: 0.2435  aux_0_loss_bbox: 0.1000  aux_0_loss_giou: 0.3162  aux_1_loss_cls: 0.1632  aux_1_loss_bbox: 0.0492  aux_1_loss_giou: 0.1636  aux_2_loss_cls: 0.0789  aux_2_loss_bbox: 0.0414  aux_2_loss_giou: 0.1430  aux_3_loss_cls: 0.0495  aux_3_loss_bbox: 0.0402  aux_3_loss_giou: 0.1380  aux_4_loss_cls: 0.0468  aux_4_loss_bbox: 0.0352  aux_4_loss_giou: 0.1196
2026/08/09 00:35:27 - mmengine - INFO - Epoch(train) [11][1350/1750]  lr: 6.7920e-05  eta: 0:04:10  time: 0.1175  data_time: 0.0003  memory: 7157  grad_norm: 0.0157  loss: 1.9313  loss_cls: 0.0349  loss_bbox: 0.0303  loss_giou: 0.1062  loss_quality: 0.0558  aux_0_loss_cls: 0.2390  aux_0_loss_bbox: 0.0957  aux_0_loss_giou: 0.3067  aux_1_loss_cls: 0.1635  aux_1_loss_bbox: 0.0478  aux_1_loss_giou: 0.1611  aux_2_loss_cls: 0.0801  aux_2_loss_bbox: 0.0410  aux_2_loss_giou: 0.1429  aux_3_loss_cls: 0.0499  aux_3_loss_bbox: 0.0395  aux_3_loss_giou: 0.1387  aux_4_loss_cls: 0.0445  aux_4_loss_bbox: 0.0342  aux_4_loss_giou: 0.1194
2026/08/09 00:35:32 - mmengine - INFO - Epoch(train) [11][1400/1750]  lr: 6.7920e-05  eta: 0:04:04  time: 0.1023  data_time: 0.0003  memory: 2911  grad_norm: 0.0169  loss: 1.9986  loss_cls: 0.0370  loss_bbox: 0.0334  loss_giou: 0.1103  loss_quality: 0.0571  aux_0_loss_cls: 0.2448  aux_0_loss_bbox: 0.1033  aux_0_loss_giou: 0.3186  aux_1_loss_cls: 0.1654  aux_1_loss_bbox: 0.0520  aux_1_loss_giou: 0.1673  aux_2_loss_cls: 0.0804  aux_2_loss_bbox: 0.0445  aux_2_loss_giou: 0.1471  aux_3_loss_cls: 0.0499  aux_3_loss_bbox: 0.0420  aux_3_loss_giou: 0.1392  aux_4_loss_cls: 0.0460  aux_4_loss_bbox: 0.0372  aux_4_loss_giou: 0.1228
2026/08/09 00:35:38 - mmengine - INFO - Epoch(train) [11][1450/1750]  lr: 6.7920e-05  eta: 0:03:59  time: 0.1158  data_time: 0.0003  memory: 2783  grad_norm: 0.0150  loss: 1.9315  loss_cls: 0.0366  loss_bbox: 0.0305  loss_giou: 0.1027  loss_quality: 0.0550  aux_0_loss_cls: 0.2436  aux_0_loss_bbox: 0.1002  aux_0_loss_giou: 0.3090  aux_1_loss_cls: 0.1652  aux_1_loss_bbox: 0.0477  aux_1_loss_giou: 0.1578  aux_2_loss_cls: 0.0786  aux_2_loss_bbox: 0.0403  aux_2_loss_giou: 0.1378  aux_3_loss_cls: 0.0500  aux_3_loss_bbox: 0.0405  aux_3_loss_giou: 0.1378  aux_4_loss_cls: 0.0458  aux_4_loss_bbox: 0.0349  aux_4_loss_giou: 0.1176
2026/08/09 00:35:43 - mmengine - INFO - Exp name: capr_quality_final_only_train_24obj_20260808_234630
2026/08/09 00:35:43 - mmengine - INFO - Epoch(train) [11][1500/1750]  lr: 6.7920e-05  eta: 0:03:53  time: 0.0956  data_time: 0.0003  memory: 2917  grad_norm: 0.0155  loss: 1.8852  loss_cls: 0.0336  loss_bbox: 0.0312  loss_giou: 0.1009  loss_quality: 0.0529  aux_0_loss_cls: 0.2408  aux_0_loss_bbox: 0.0989  aux_0_loss_giou: 0.3044  aux_1_loss_cls: 0.1619  aux_1_loss_bbox: 0.0474  aux_1_loss_giou: 0.1514  aux_2_loss_cls: 0.0794  aux_2_loss_bbox: 0.0410  aux_2_loss_giou: 0.1332  aux_3_loss_cls: 0.0467  aux_3_loss_bbox: 0.0406  aux_3_loss_giou: 0.1324  aux_4_loss_cls: 0.0420  aux_4_loss_bbox: 0.0345  aux_4_loss_giou: 0.1120
2026/08/09 00:35:49 - mmengine - INFO - Epoch(train) [11][1550/1750]  lr: 6.7920e-05  eta: 0:03:47  time: 0.1160  data_time: 0.0003  memory: 6905  grad_norm: 0.0169  loss: 1.9262  loss_cls: 0.0353  loss_bbox: 0.0315  loss_giou: 0.1062  loss_quality: 0.0557  aux_0_loss_cls: 0.2460  aux_0_loss_bbox: 0.0980  aux_0_loss_giou: 0.3003  aux_1_loss_cls: 0.1656  aux_1_loss_bbox: 0.0481  aux_1_loss_giou: 0.1575  aux_2_loss_cls: 0.0801  aux_2_loss_bbox: 0.0407  aux_2_loss_giou: 0.1391  aux_3_loss_cls: 0.0486  aux_3_loss_bbox: 0.0401  aux_3_loss_giou: 0.1359  aux_4_loss_cls: 0.0449  aux_4_loss_bbox: 0.0348  aux_4_loss_giou: 0.1176
2026/08/09 00:35:55 - mmengine - INFO - Epoch(train) [11][1600/1750]  lr: 6.7920e-05  eta: 0:03:41  time: 0.1340  data_time: 0.0004  memory: 2981  grad_norm: 0.0168  loss: 1.9098  loss_cls: 0.0336  loss_bbox: 0.0313  loss_giou: 0.1052  loss_quality: 0.0557  aux_0_loss_cls: 0.2414  aux_0_loss_bbox: 0.0951  aux_0_loss_giou: 0.3005  aux_1_loss_cls: 0.1638  aux_1_loss_bbox: 0.0478  aux_1_loss_giou: 0.1582  aux_2_loss_cls: 0.0773  aux_2_loss_bbox: 0.0415  aux_2_loss_giou: 0.1403  aux_3_loss_cls: 0.0465  aux_3_loss_bbox: 0.0402  aux_3_loss_giou: 0.1352  aux_4_loss_cls: 0.0433  aux_4_loss_bbox: 0.0351  aux_4_loss_giou: 0.1179
2026/08/09 00:36:00 - mmengine - INFO - Epoch(train) [11][1650/1750]  lr: 6.7920e-05  eta: 0:03:35  time: 0.0960  data_time: 0.0004  memory: 2849  grad_norm: 0.0163  loss: 1.9735  loss_cls: 0.0358  loss_bbox: 0.0305  loss_giou: 0.1094  loss_quality: 0.0574  aux_0_loss_cls: 0.2491  aux_0_loss_bbox: 0.1006  aux_0_loss_giou: 0.3242  aux_1_loss_cls: 0.1660  aux_1_loss_bbox: 0.0476  aux_1_loss_giou: 0.1634  aux_2_loss_cls: 0.0802  aux_2_loss_bbox: 0.0404  aux_2_loss_giou: 0.1434  aux_3_loss_cls: 0.0466  aux_3_loss_bbox: 0.0386  aux_3_loss_giou: 0.1378  aux_4_loss_cls: 0.0455  aux_4_loss_bbox: 0.0343  aux_4_loss_giou: 0.1228
2026/08/09 00:36:05 - mmengine - INFO - Epoch(train) [11][1700/1750]  lr: 6.7920e-05  eta: 0:03:29  time: 0.0959  data_time: 0.0003  memory: 2663  grad_norm: 0.0167  loss: 2.0607  loss_cls: 0.0417  loss_bbox: 0.0335  loss_giou: 0.1125  loss_quality: 0.0585  aux_0_loss_cls: 0.2527  aux_0_loss_bbox: 0.1030  aux_0_loss_giou: 0.3156  aux_1_loss_cls: 0.1717  aux_1_loss_bbox: 0.0532  aux_1_loss_giou: 0.1704  aux_2_loss_cls: 0.0854  aux_2_loss_bbox: 0.0462  aux_2_loss_giou: 0.1523  aux_3_loss_cls: 0.0554  aux_3_loss_bbox: 0.0447  aux_3_loss_giou: 0.1483  aux_4_loss_cls: 0.0507  aux_4_loss_bbox: 0.0382  aux_4_loss_giou: 0.1267
2026/08/09 00:36:11 - mmengine - INFO - Exp name: capr_quality_final_only_train_24obj_20260808_234630
2026/08/09 00:36:11 - mmengine - INFO - Epoch(train) [11][1750/1750]  lr: 6.7920e-05  eta: 0:03:23  time: 0.1126  data_time: 0.0003  memory: 2796  grad_norm: 0.0165  loss: 2.0380  loss_cls: 0.0413  loss_bbox: 0.0315  loss_giou: 0.1087  loss_quality: 0.0570  aux_0_loss_cls: 0.2658  aux_0_loss_bbox: 0.1013  aux_0_loss_giou: 0.3222  aux_1_loss_cls: 0.1816  aux_1_loss_bbox: 0.0492  aux_1_loss_giou: 0.1659  aux_2_loss_cls: 0.0866  aux_2_loss_bbox: 0.0417  aux_2_loss_giou: 0.1452  aux_3_loss_cls: 0.0517  aux_3_loss_bbox: 0.0403  aux_3_loss_giou: 0.1397  aux_4_loss_cls: 0.0498  aux_4_loss_bbox: 0.0359  aux_4_loss_giou: 0.1228
2026/08/09 00:36:11 - mmengine - INFO - Saving checkpoint at 11 epochs
2026/08/09 00:36:18 - mmengine - INFO - Epoch(val) [11][ 50/500]    eta: 0:00:55  time: 0.1233  data_time: 0.0005  memory: 808  
2026/08/09 00:36:24 - mmengine - INFO - Epoch(val) [11][100/500]    eta: 0:00:48  time: 0.1212  data_time: 0.0002  memory: 806  
2026/08/09 00:36:31 - mmengine - INFO - Epoch(val) [11][150/500]    eta: 0:00:42  time: 0.1206  data_time: 0.0002  memory: 822  
2026/08/09 00:36:37 - mmengine - INFO - Epoch(val) [11][200/500]    eta: 0:00:36  time: 0.1209  data_time: 0.0002  memory: 822  
2026/08/09 00:36:43 - mmengine - INFO - Epoch(val) [11][250/500]    eta: 0:00:30  time: 0.1210  data_time: 0.0002  memory: 822  
2026/08/09 00:36:49 - mmengine - INFO - Epoch(val) [11][300/500]    eta: 0:00:24  time: 0.1212  data_time: 0.0002  memory: 822  
2026/08/09 00:36:55 - mmengine - INFO - Epoch(val) [11][350/500]    eta: 0:00:18  time: 0.1206  data_time: 0.0002  memory: 806  
2026/08/09 00:37:01 - mmengine - INFO - Epoch(val) [11][400/500]    eta: 0:00:12  time: 0.1212  data_time: 0.0002  memory: 808  
2026/08/09 00:37:07 - mmengine - INFO - Epoch(val) [11][450/500]    eta: 0:00:06  time: 0.1214  data_time: 0.0002  memory: 822  
2026/08/09 00:37:13 - mmengine - INFO - Epoch(val) [11][500/500]    eta: 0:00:00  time: 0.1212  data_time: 0.0002  memory: 814  
2026/08/09 00:37:14 - mmengine - INFO - Evaluating bbox...
2026/08/09 00:37:21 - mmengine - INFO - 
+----------+-------+--------+--------+-------+-------+-------+
| category | mAP   | mAP_50 | mAP_75 | mAP_s | mAP_m | mAP_l |
+----------+-------+--------+--------+-------+-------+-------+
| A1       | 0.92  | 0.99   | 0.98   | nan   | 0.89  | 0.929 |
| A2       | 0.917 | 0.989  | 0.979  | nan   | 0.883 | 0.928 |
| A3       | 0.912 | 0.99   | 0.989  | nan   | 0.895 | 0.939 |
| B4       | 0.913 | 0.99   | 0.98   | nan   | 0.899 | 0.947 |
| B5       | 0.915 | 0.989  | 0.989  | nan   | 0.905 | 0.946 |
| C6       | 0.91  | 0.99   | 0.989  | nan   | 0.904 | 0.939 |
| C7       | 0.903 | 0.99   | 0.988  | nan   | 0.901 | 0.928 |
| C8       | 0.894 | 0.99   | 0.979  | nan   | 0.892 | 0.94  |
| C9       | 0.885 | 0.99   | 0.979  | nan   | 0.885 | 0.939 |
| C10      | 0.891 | 0.99   | 0.989  | nan   | 0.89  | 0.94  |
| C11      | 0.886 | 0.99   | 0.979  | nan   | 0.885 | 0.923 |
| C12      | 0.899 | 0.993  | 0.989  | nan   | 0.899 | 0.971 |
| D13      | 0.862 | 0.989  | 0.978  | nan   | 0.862 | 0.6   |
| D14      | 0.864 | 0.99   | 0.975  | nan   | 0.864 | nan   |
| D15      | 0.852 | 0.986  | 0.965  | nan   | 0.852 | nan   |
| E16      | 0.863 | 0.989  | 0.988  | nan   | 0.863 | nan   |
| E17      | 0.852 | 0.99   | 0.978  | nan   | 0.852 | nan   |
| E18      | 0.844 | 0.989  | 0.961  | nan   | 0.844 | nan   |
| F19      | 0.825 | 0.989  | 0.96   | 0.593 | 0.825 | nan   |
| F20      | 0.827 | 0.99   | 0.96   | 0.4   | 0.827 | nan   |
| G21      | 0.799 | 0.989  | 0.949  | 0.644 | 0.807 | nan   |
| G22      | 0.797 | 0.985  | 0.936  | 0.556 | 0.805 | nan   |
| X        | 0.889 | 0.985  | 0.977  | nan   | 0.887 | 0.9   |
| Y        | 0.786 | 0.976  | 0.919  | 0.539 | 0.8   | nan   |
+----------+-------+--------+--------+-------+-------+-------+
2026/08/09 00:37:21 - mmengine - INFO - bbox_mAP_copypaste: 0.871 0.989 0.973 0.546 0.867 0.912
2026/08/09 00:37:21 - mmengine - INFO - Epoch(val) [11][500/500]    coco/A1_precision: 0.9200  coco/A1_mAP_50: 0.9900  coco/A1_mAP_75: 0.9800  coco/A1_mAP_s: nan  coco/A1_mAP_m: 0.8900  coco/A1_mAP_l: 0.9290  coco/A2_precision: 0.9170  coco/A2_mAP_50: 0.9890  coco/A2_mAP_75: 0.9790  coco/A2_mAP_s: nan  coco/A2_mAP_m: 0.8830  coco/A2_mAP_l: 0.9280  coco/A3_precision: 0.9120  coco/A3_mAP_50: 0.9900  coco/A3_mAP_75: 0.9890  coco/A3_mAP_s: nan  coco/A3_mAP_m: 0.8950  coco/A3_mAP_l: 0.9390  coco/B4_precision: 0.9130  coco/B4_mAP_50: 0.9900  coco/B4_mAP_75: 0.9800  coco/B4_mAP_s: nan  coco/B4_mAP_m: 0.8990  coco/B4_mAP_l: 0.9470  coco/B5_precision: 0.9150  coco/B5_mAP_50: 0.9890  coco/B5_mAP_75: 0.9890  coco/B5_mAP_s: nan  coco/B5_mAP_m: 0.9050  coco/B5_mAP_l: 0.9460  coco/C6_precision: 0.9100  coco/C6_mAP_50: 0.9900  coco/C6_mAP_75: 0.9890  coco/C6_mAP_s: nan  coco/C6_mAP_m: 0.9040  coco/C6_mAP_l: 0.9390  coco/C7_precision: 0.9030  coco/C7_mAP_50: 0.9900  coco/C7_mAP_75: 0.9880  coco/C7_mAP_s: nan  coco/C7_mAP_m: 0.9010  coco/C7_mAP_l: 0.9280  coco/C8_precision: 0.8940  coco/C8_mAP_50: 0.9900  coco/C8_mAP_75: 0.9790  coco/C8_mAP_s: nan  coco/C8_mAP_m: 0.8920  coco/C8_mAP_l: 0.9400  coco/C9_precision: 0.8850  coco/C9_mAP_50: 0.9900  coco/C9_mAP_75: 0.9790  coco/C9_mAP_s: nan  coco/C9_mAP_m: 0.8850  coco/C9_mAP_l: 0.9390  coco/C10_precision: 0.8910  coco/C10_mAP_50: 0.9900  coco/C10_mAP_75: 0.9890  coco/C10_mAP_s: nan  coco/C10_mAP_m: 0.8900  coco/C10_mAP_l: 0.9400  coco/C11_precision: 0.8860  coco/C11_mAP_50: 0.9900  coco/C11_mAP_75: 0.9790  coco/C11_mAP_s: nan  coco/C11_mAP_m: 0.8850  coco/C11_mAP_l: 0.9230  coco/C12_precision: 0.8990  coco/C12_mAP_50: 0.9930  coco/C12_mAP_75: 0.9890  coco/C12_mAP_s: nan  coco/C12_mAP_m: 0.8990  coco/C12_mAP_l: 0.9710  coco/D13_precision: 0.8620  coco/D13_mAP_50: 0.9890  coco/D13_mAP_75: 0.9780  coco/D13_mAP_s: nan  coco/D13_mAP_m: 0.8620  coco/D13_mAP_l: 0.6000  coco/D14_precision: 0.8640  coco/D14_mAP_50: 0.9900  coco/D14_mAP_75: 0.9750  coco/D14_mAP_s: nan  coco/D14_mAP_m: 0.8640  coco/D14_mAP_l: nan  coco/D15_precision: 0.8520  coco/D15_mAP_50: 0.9860  coco/D15_mAP_75: 0.9650  coco/D15_mAP_s: nan  coco/D15_mAP_m: 0.8520  coco/D15_mAP_l: nan  coco/E16_precision: 0.8630  coco/E16_mAP_50: 0.9890  coco/E16_mAP_75: 0.9880  coco/E16_mAP_s: nan  coco/E16_mAP_m: 0.8630  coco/E16_mAP_l: nan  coco/E17_precision: 0.8520  coco/E17_mAP_50: 0.9900  coco/E17_mAP_75: 0.9780  coco/E17_mAP_s: nan  coco/E17_mAP_m: 0.8520  coco/E17_mAP_l: nan  coco/E18_precision: 0.8440  coco/E18_mAP_50: 0.9890  coco/E18_mAP_75: 0.9610  coco/E18_mAP_s: nan  coco/E18_mAP_m: 0.8440  coco/E18_mAP_l: nan  coco/F19_precision: 0.8250  coco/F19_mAP_50: 0.9890  coco/F19_mAP_75: 0.9600  coco/F19_mAP_s: 0.5930  coco/F19_mAP_m: 0.8250  coco/F19_mAP_l: nan  coco/F20_precision: 0.8270  coco/F20_mAP_50: 0.9900  coco/F20_mAP_75: 0.9600  coco/F20_mAP_s: 0.4000  coco/F20_mAP_m: 0.8270  coco/F20_mAP_l: nan  coco/G21_precision: 0.7990  coco/G21_mAP_50: 0.9890  coco/G21_mAP_75: 0.9490  coco/G21_mAP_s: 0.6440  coco/G21_mAP_m: 0.8070  coco/G21_mAP_l: nan  coco/G22_precision: 0.7970  coco/G22_mAP_50: 0.9850  coco/G22_mAP_75: 0.9360  coco/G22_mAP_s: 0.5560  coco/G22_mAP_m: 0.8050  coco/G22_mAP_l: nan  coco/X_precision: 0.8890  coco/X_mAP_50: 0.9850  coco/X_mAP_75: 0.9770  coco/X_mAP_s: nan  coco/X_mAP_m: 0.8870  coco/X_mAP_l: 0.9000  coco/Y_precision: 0.7860  coco/Y_mAP_50: 0.9760  coco/Y_mAP_75: 0.9190  coco/Y_mAP_s: 0.5390  coco/Y_mAP_m: 0.8000  coco/Y_mAP_l: nan  coco/bbox_mAP: 0.8710  coco/bbox_mAP_50: 0.9890  coco/bbox_mAP_75: 0.9730  coco/bbox_mAP_s: 0.5460  coco/bbox_mAP_m: 0.8670  coco/bbox_mAP_l: 0.9120  data_time: 0.0002  time: 0.1212
2026/08/09 00:37:27 - mmengine - INFO - Epoch(train) [12][  50/1750]  lr: 1.8020e-05  eta: 0:03:18  time: 0.1140  data_time: 0.0009  memory: 9719  grad_norm: 0.0156  loss: 1.8750  loss_cls: 0.0355  loss_bbox: 0.0303  loss_giou: 0.1039  loss_quality: 0.0543  aux_0_loss_cls: 0.2365  aux_0_loss_bbox: 0.0916  aux_0_loss_giou: 0.2943  aux_1_loss_cls: 0.1640  aux_1_loss_bbox: 0.0445  aux_1_loss_giou: 0.1511  aux_2_loss_cls: 0.0814  aux_2_loss_bbox: 0.0387  aux_2_loss_giou: 0.1341  aux_3_loss_cls: 0.0507  aux_3_loss_bbox: 0.0381  aux_3_loss_giou: 0.1323  aux_4_loss_cls: 0.0445  aux_4_loss_bbox: 0.0334  aux_4_loss_giou: 0.1156
2026/08/09 00:37:34 - mmengine - INFO - Epoch(train) [12][ 100/1750]  lr: 1.8020e-05  eta: 0:03:12  time: 0.1427  data_time: 0.0003  memory: 9775  grad_norm: 0.0173  loss: 1.9232  loss_cls: 0.0349  loss_bbox: 0.0327  loss_giou: 0.1059  loss_quality: 0.0555  aux_0_loss_cls: 0.2420  aux_0_loss_bbox: 0.1012  aux_0_loss_giou: 0.3064  aux_1_loss_cls: 0.1619  aux_1_loss_bbox: 0.0494  aux_1_loss_giou: 0.1575  aux_2_loss_cls: 0.0783  aux_2_loss_bbox: 0.0413  aux_2_loss_giou: 0.1365  aux_3_loss_cls: 0.0464  aux_3_loss_bbox: 0.0411  aux_3_loss_giou: 0.1357  aux_4_loss_cls: 0.0429  aux_4_loss_bbox: 0.0362  aux_4_loss_giou: 0.1174
2026/08/09 00:37:39 - mmengine - INFO - Epoch(train) [12][ 150/1750]  lr: 1.8020e-05  eta: 0:03:06  time: 0.1076  data_time: 0.0003  memory: 3302  grad_norm: 0.0155  loss: 1.9965  loss_cls: 0.0369  loss_bbox: 0.0317  loss_giou: 0.1085  loss_quality: 0.0565  aux_0_loss_cls: 0.2486  aux_0_loss_bbox: 0.1014  aux_0_loss_giou: 0.3190  aux_1_loss_cls: 0.1632  aux_1_loss_bbox: 0.0510  aux_1_loss_giou: 0.1692  aux_2_loss_cls: 0.0823  aux_2_loss_bbox: 0.0434  aux_2_loss_giou: 0.1492  aux_3_loss_cls: 0.0478  aux_3_loss_bbox: 0.0406  aux_3_loss_giou: 0.1413  aux_4_loss_cls: 0.0458  aux_4_loss_bbox: 0.0362  aux_4_loss_giou: 0.1239
2026/08/09 00:37:44 - mmengine - INFO - Epoch(train) [12][ 200/1750]  lr: 1.8020e-05  eta: 0:03:00  time: 0.1069  data_time: 0.0003  memory: 3080  grad_norm: 0.0153  loss: 1.9248  loss_cls: 0.0349  loss_bbox: 0.0307  loss_giou: 0.1072  loss_quality: 0.0558  aux_0_loss_cls: 0.2408  aux_0_loss_bbox: 0.0960  aux_0_loss_giou: 0.3047  aux_1_loss_cls: 0.1642  aux_1_loss_bbox: 0.0475  aux_1_loss_giou: 0.1606  aux_2_loss_cls: 0.0781  aux_2_loss_bbox: 0.0407  aux_2_loss_giou: 0.1411  aux_3_loss_cls: 0.0472  aux_3_loss_bbox: 0.0397  aux_3_loss_giou: 0.1378  aux_4_loss_cls: 0.0437  aux_4_loss_bbox: 0.0345  aux_4_loss_giou: 0.1195
2026/08/09 00:37:50 - mmengine - INFO - Epoch(train) [12][ 250/1750]  lr: 1.8020e-05  eta: 0:02:54  time: 0.1101  data_time: 0.0003  memory: 9722  grad_norm: 0.0166  loss: 1.9151  loss_cls: 0.0353  loss_bbox: 0.0293  loss_giou: 0.1049  loss_quality: 0.0554  aux_0_loss_cls: 0.2429  aux_0_loss_bbox: 0.0977  aux_0_loss_giou: 0.3144  aux_1_loss_cls: 0.1658  aux_1_loss_bbox: 0.0463  aux_1_loss_giou: 0.1589  aux_2_loss_cls: 0.0802  aux_2_loss_bbox: 0.0378  aux_2_loss_giou: 0.1367  aux_3_loss_cls: 0.0466  aux_3_loss_bbox: 0.0369  aux_3_loss_giou: 0.1332  aux_4_loss_cls: 0.0444  aux_4_loss_bbox: 0.0324  aux_4_loss_giou: 0.1160
2026/08/09 00:37:55 - mmengine - INFO - Epoch(train) [12][ 300/1750]  lr: 1.8020e-05  eta: 0:02:48  time: 0.1039  data_time: 0.0004  memory: 2883  grad_norm: 0.0166  loss: 2.0016  loss_cls: 0.0388  loss_bbox: 0.0318  loss_giou: 0.1126  loss_quality: 0.0582  aux_0_loss_cls: 0.2477  aux_0_loss_bbox: 0.0994  aux_0_loss_giou: 0.3196  aux_1_loss_cls: 0.1656  aux_1_loss_bbox: 0.0485  aux_1_loss_giou: 0.1645  aux_2_loss_cls: 0.0847  aux_2_loss_bbox: 0.0409  aux_2_loss_giou: 0.1440  aux_3_loss_cls: 0.0515  aux_3_loss_bbox: 0.0399  aux_3_loss_giou: 0.1414  aux_4_loss_cls: 0.0498  aux_4_loss_bbox: 0.0360  aux_4_loss_giou: 0.1265
2026/08/09 00:38:01 - mmengine - INFO - Epoch(train) [12][ 350/1750]  lr: 1.8020e-05  eta: 0:02:43  time: 0.1166  data_time: 0.0003  memory: 6488  grad_norm: 0.0162  loss: 1.9585  loss_cls: 0.0363  loss_bbox: 0.0309  loss_giou: 0.1056  loss_quality: 0.0557  aux_0_loss_cls: 0.2499  aux_0_loss_bbox: 0.1013  aux_0_loss_giou: 0.3172  aux_1_loss_cls: 0.1667  aux_1_loss_bbox: 0.0476  aux_1_loss_giou: 0.1600  aux_2_loss_cls: 0.0805  aux_2_loss_bbox: 0.0408  aux_2_loss_giou: 0.1408  aux_3_loss_cls: 0.0486  aux_3_loss_bbox: 0.0402  aux_3_loss_giou: 0.1384  aux_4_loss_cls: 0.0455  aux_4_loss_bbox: 0.0348  aux_4_loss_giou: 0.1177
2026/08/09 00:38:07 - mmengine - INFO - Epoch(train) [12][ 400/1750]  lr: 1.8020e-05  eta: 0:02:37  time: 0.1137  data_time: 0.0003  memory: 2794  grad_norm: 0.0155  loss: 1.9463  loss_cls: 0.0379  loss_bbox: 0.0320  loss_giou: 0.1042  loss_quality: 0.0552  aux_0_loss_cls: 0.2448  aux_0_loss_bbox: 0.1011  aux_0_loss_giou: 0.3110  aux_1_loss_cls: 0.1652  aux_1_loss_bbox: 0.0498  aux_1_loss_giou: 0.1607  aux_2_loss_cls: 0.0783  aux_2_loss_bbox: 0.0425  aux_2_loss_giou: 0.1402  aux_3_loss_cls: 0.0478  aux_3_loss_bbox: 0.0407  aux_3_loss_giou: 0.1361  aux_4_loss_cls: 0.0465  aux_4_loss_bbox: 0.0358  aux_4_loss_giou: 0.1167
2026/08/09 00:38:13 - mmengine - INFO - Epoch(train) [12][ 450/1750]  lr: 1.8020e-05  eta: 0:02:31  time: 0.1274  data_time: 0.0003  memory: 10129  grad_norm: 0.0171  loss: 2.0001  loss_cls: 0.0377  loss_bbox: 0.0332  loss_giou: 0.1110  loss_quality: 0.0575  aux_0_loss_cls: 0.2483  aux_0_loss_bbox: 0.1037  aux_0_loss_giou: 0.3170  aux_1_loss_cls: 0.1657  aux_1_loss_bbox: 0.0501  aux_1_loss_giou: 0.1666  aux_2_loss_cls: 0.0804  aux_2_loss_bbox: 0.0426  aux_2_loss_giou: 0.1457  aux_3_loss_cls: 0.0498  aux_3_loss_bbox: 0.0419  aux_3_loss_giou: 0.1410  aux_4_loss_cls: 0.0462  aux_4_loss_bbox: 0.0374  aux_4_loss_giou: 0.1242
2026/08/09 00:38:18 - mmengine - INFO - Epoch(train) [12][ 500/1750]  lr: 1.8020e-05  eta: 0:02:25  time: 0.1064  data_time: 0.0003  memory: 3011  grad_norm: 0.0158  loss: 1.9237  loss_cls: 0.0363  loss_bbox: 0.0304  loss_giou: 0.1032  loss_quality: 0.0548  aux_0_loss_cls: 0.2440  aux_0_loss_bbox: 0.0976  aux_0_loss_giou: 0.3035  aux_1_loss_cls: 0.1646  aux_1_loss_bbox: 0.0481  aux_1_loss_giou: 0.1598  aux_2_loss_cls: 0.0793  aux_2_loss_bbox: 0.0411  aux_2_loss_giou: 0.1409  aux_3_loss_cls: 0.0476  aux_3_loss_bbox: 0.0401  aux_3_loss_giou: 0.1367  aux_4_loss_cls: 0.0454  aux_4_loss_bbox: 0.0344  aux_4_loss_giou: 0.1160
2026/08/09 00:38:24 - mmengine - INFO - Epoch(train) [12][ 550/1750]  lr: 1.8020e-05  eta: 0:02:19  time: 0.1150  data_time: 0.0003  memory: 2736  grad_norm: 0.0151  loss: 1.9078  loss_cls: 0.0325  loss_bbox: 0.0285  loss_giou: 0.1024  loss_quality: 0.0543  aux_0_loss_cls: 0.2445  aux_0_loss_bbox: 0.0981  aux_0_loss_giou: 0.3202  aux_1_loss_cls: 0.1647  aux_1_loss_bbox: 0.0453  aux_1_loss_giou: 0.1593  aux_2_loss_cls: 0.0790  aux_2_loss_bbox: 0.0376  aux_2_loss_giou: 0.1373  aux_3_loss_cls: 0.0450  aux_3_loss_bbox: 0.0369  aux_3_loss_giou: 0.1341  aux_4_loss_cls: 0.0408  aux_4_loss_bbox: 0.0323  aux_4_loss_giou: 0.1149
2026/08/09 00:38:30 - mmengine - INFO - Epoch(train) [12][ 600/1750]  lr: 1.8020e-05  eta: 0:02:13  time: 0.1204  data_time: 0.0004  memory: 2801  grad_norm: 0.0167  loss: 1.9610  loss_cls: 0.0349  loss_bbox: 0.0327  loss_giou: 0.1078  loss_quality: 0.0565  aux_0_loss_cls: 0.2500  aux_0_loss_bbox: 0.1032  aux_0_loss_giou: 0.3172  aux_1_loss_cls: 0.1678  aux_1_loss_bbox: 0.0500  aux_1_loss_giou: 0.1593  aux_2_loss_cls: 0.0798  aux_2_loss_bbox: 0.0421  aux_2_loss_giou: 0.1374  aux_3_loss_cls: 0.0473  aux_3_loss_bbox: 0.0411  aux_3_loss_giou: 0.1340  aux_4_loss_cls: 0.0434  aux_4_loss_bbox: 0.0366  aux_4_loss_giou: 0.1199
2026/08/09 00:38:35 - mmengine - INFO - Epoch(train) [12][ 650/1750]  lr: 1.8020e-05  eta: 0:02:08  time: 0.0966  data_time: 0.0004  memory: 2689  grad_norm: 0.0166  loss: 1.9738  loss_cls: 0.0388  loss_bbox: 0.0323  loss_giou: 0.1073  loss_quality: 0.0557  aux_0_loss_cls: 0.2482  aux_0_loss_bbox: 0.0999  aux_0_loss_giou: 0.3096  aux_1_loss_cls: 0.1664  aux_1_loss_bbox: 0.0488  aux_1_loss_giou: 0.1614  aux_2_loss_cls: 0.0821  aux_2_loss_bbox: 0.0418  aux_2_loss_giou: 0.1434  aux_3_loss_cls: 0.0507  aux_3_loss_bbox: 0.0413  aux_3_loss_giou: 0.1409  aux_4_loss_cls: 0.0480  aux_4_loss_bbox: 0.0364  aux_4_loss_giou: 0.1207
2026/08/09 00:38:41 - mmengine - INFO - Epoch(train) [12][ 700/1750]  lr: 1.8020e-05  eta: 0:02:02  time: 0.1139  data_time: 0.0004  memory: 2824  grad_norm: 0.0164  loss: 1.9933  loss_cls: 0.0399  loss_bbox: 0.0320  loss_giou: 0.1090  loss_quality: 0.0557  aux_0_loss_cls: 0.2538  aux_0_loss_bbox: 0.1007  aux_0_loss_giou: 0.3165  aux_1_loss_cls: 0.1688  aux_1_loss_bbox: 0.0482  aux_1_loss_giou: 0.1604  aux_2_loss_cls: 0.0851  aux_2_loss_bbox: 0.0415  aux_2_loss_giou: 0.1417  aux_3_loss_cls: 0.0524  aux_3_loss_bbox: 0.0418  aux_3_loss_giou: 0.1420  aux_4_loss_cls: 0.0481  aux_4_loss_bbox: 0.0356  aux_4_loss_giou: 0.1203
2026/08/09 00:38:45 - mmengine - INFO - Exp name: capr_quality_final_only_train_24obj_20260808_234630
2026/08/09 00:38:45 - mmengine - INFO - Epoch(train) [12][ 750/1750]  lr: 1.8020e-05  eta: 0:01:56  time: 0.0962  data_time: 0.0004  memory: 2784  grad_norm: 0.0152  loss: 1.9445  loss_cls: 0.0339  loss_bbox: 0.0305  loss_giou: 0.1073  loss_quality: 0.0561  aux_0_loss_cls: 0.2537  aux_0_loss_bbox: 0.0989  aux_0_loss_giou: 0.3166  aux_1_loss_cls: 0.1662  aux_1_loss_bbox: 0.0466  aux_1_loss_giou: 0.1577  aux_2_loss_cls: 0.0818  aux_2_loss_bbox: 0.0387  aux_2_loss_giou: 0.1357  aux_3_loss_cls: 0.0477  aux_3_loss_bbox: 0.0385  aux_3_loss_giou: 0.1335  aux_4_loss_cls: 0.0448  aux_4_loss_bbox: 0.0349  aux_4_loss_giou: 0.1215
2026/08/09 00:38:51 - mmengine - INFO - Epoch(train) [12][ 800/1750]  lr: 1.8020e-05  eta: 0:01:50  time: 0.1030  data_time: 0.0004  memory: 2615  grad_norm: 0.0180  loss: 1.9232  loss_cls: 0.0370  loss_bbox: 0.0293  loss_giou: 0.1024  loss_quality: 0.0556  aux_0_loss_cls: 0.2492  aux_0_loss_bbox: 0.0965  aux_0_loss_giou: 0.3110  aux_1_loss_cls: 0.1651  aux_1_loss_bbox: 0.0457  aux_1_loss_giou: 0.1581  aux_2_loss_cls: 0.0807  aux_2_loss_bbox: 0.0387  aux_2_loss_giou: 0.1378  aux_3_loss_cls: 0.0495  aux_3_loss_bbox: 0.0380  aux_3_loss_giou: 0.1345  aux_4_loss_cls: 0.0449  aux_4_loss_bbox: 0.0333  aux_4_loss_giou: 0.1157
2026/08/09 00:38:56 - mmengine - INFO - Epoch(train) [12][ 850/1750]  lr: 1.8020e-05  eta: 0:01:44  time: 0.0970  data_time: 0.0006  memory: 2791  grad_norm: 0.0158  loss: 1.9476  loss_cls: 0.0360  loss_bbox: 0.0320  loss_giou: 0.1062  loss_quality: 0.0555  aux_0_loss_cls: 0.2425  aux_0_loss_bbox: 0.0997  aux_0_loss_giou: 0.3111  aux_1_loss_cls: 0.1657  aux_1_loss_bbox: 0.0486  aux_1_loss_giou: 0.1599  aux_2_loss_cls: 0.0796  aux_2_loss_bbox: 0.0418  aux_2_loss_giou: 0.1411  aux_3_loss_cls: 0.0481  aux_3_loss_bbox: 0.0414  aux_3_loss_giou: 0.1388  aux_4_loss_cls: 0.0454  aux_4_loss_bbox: 0.0360  aux_4_loss_giou: 0.1183
2026/08/09 00:39:01 - mmengine - INFO - Epoch(train) [12][ 900/1750]  lr: 1.8020e-05  eta: 0:01:38  time: 0.1122  data_time: 0.0003  memory: 2633  grad_norm: 0.0153  loss: 1.9058  loss_cls: 0.0363  loss_bbox: 0.0302  loss_giou: 0.1035  loss_quality: 0.0541  aux_0_loss_cls: 0.2387  aux_0_loss_bbox: 0.0964  aux_0_loss_giou: 0.3053  aux_1_loss_cls: 0.1625  aux_1_loss_bbox: 0.0470  aux_1_loss_giou: 0.1583  aux_2_loss_cls: 0.0785  aux_2_loss_bbox: 0.0393  aux_2_loss_giou: 0.1379  aux_3_loss_cls: 0.0484  aux_3_loss_bbox: 0.0389  aux_3_loss_giou: 0.1355  aux_4_loss_cls: 0.0457  aux_4_loss_bbox: 0.0338  aux_4_loss_giou: 0.1155
2026/08/09 00:39:07 - mmengine - INFO - Epoch(train) [12][ 950/1750]  lr: 1.8020e-05  eta: 0:01:33  time: 0.1219  data_time: 0.0003  memory: 2625  grad_norm: 0.0157  loss: 1.9595  loss_cls: 0.0360  loss_bbox: 0.0323  loss_giou: 0.1066  loss_quality: 0.0554  aux_0_loss_cls: 0.2455  aux_0_loss_bbox: 0.1016  aux_0_loss_giou: 0.3082  aux_1_loss_cls: 0.1663  aux_1_loss_bbox: 0.0492  aux_1_loss_giou: 0.1600  aux_2_loss_cls: 0.0832  aux_2_loss_bbox: 0.0427  aux_2_loss_giou: 0.1413  aux_3_loss_cls: 0.0516  aux_3_loss_bbox: 0.0418  aux_3_loss_giou: 0.1391  aux_4_loss_cls: 0.0444  aux_4_loss_bbox: 0.0358  aux_4_loss_giou: 0.1185
2026/08/09 00:39:12 - mmengine - INFO - Epoch(train) [12][1000/1750]  lr: 1.8020e-05  eta: 0:01:27  time: 0.1055  data_time: 0.0003  memory: 18862  grad_norm: 0.0166  loss: 1.8812  loss_cls: 0.0347  loss_bbox: 0.0289  loss_giou: 0.1017  loss_quality: 0.0547  aux_0_loss_cls: 0.2446  aux_0_loss_bbox: 0.0973  aux_0_loss_giou: 0.3079  aux_1_loss_cls: 0.1594  aux_1_loss_bbox: 0.0450  aux_1_loss_giou: 0.1535  aux_2_loss_cls: 0.0778  aux_2_loss_bbox: 0.0378  aux_2_loss_giou: 0.1341  aux_3_loss_cls: 0.0461  aux_3_loss_bbox: 0.0372  aux_3_loss_giou: 0.1300  aux_4_loss_cls: 0.0445  aux_4_loss_bbox: 0.0325  aux_4_loss_giou: 0.1137
2026/08/09 00:39:19 - mmengine - INFO - Epoch(train) [12][1050/1750]  lr: 1.8020e-05  eta: 0:01:21  time: 0.1402  data_time: 0.0003  memory: 9665  grad_norm: 0.0156  loss: 2.0007  loss_cls: 0.0390  loss_bbox: 0.0342  loss_giou: 0.1099  loss_quality: 0.0574  aux_0_loss_cls: 0.2515  aux_0_loss_bbox: 0.1034  aux_0_loss_giou: 0.3154  aux_1_loss_cls: 0.1691  aux_1_loss_bbox: 0.0503  aux_1_loss_giou: 0.1617  aux_2_loss_cls: 0.0819  aux_2_loss_bbox: 0.0428  aux_2_loss_giou: 0.1408  aux_3_loss_cls: 0.0509  aux_3_loss_bbox: 0.0432  aux_3_loss_giou: 0.1410  aux_4_loss_cls: 0.0474  aux_4_loss_bbox: 0.0378  aux_4_loss_giou: 0.1231
2026/08/09 00:39:26 - mmengine - INFO - Epoch(train) [12][1100/1750]  lr: 1.8020e-05  eta: 0:01:15  time: 0.1264  data_time: 0.0003  memory: 19612  grad_norm: 0.0171  loss: 1.9541  loss_cls: 0.0384  loss_bbox: 0.0314  loss_giou: 0.1079  loss_quality: 0.0566  aux_0_loss_cls: 0.2420  aux_0_loss_bbox: 0.0973  aux_0_loss_giou: 0.3105  aux_1_loss_cls: 0.1678  aux_1_loss_bbox: 0.0472  aux_1_loss_giou: 0.1590  aux_2_loss_cls: 0.0837  aux_2_loss_bbox: 0.0404  aux_2_loss_giou: 0.1408  aux_3_loss_cls: 0.0533  aux_3_loss_bbox: 0.0394  aux_3_loss_giou: 0.1372  aux_4_loss_cls: 0.0469  aux_4_loss_bbox: 0.0350  aux_4_loss_giou: 0.1192
2026/08/09 00:39:31 - mmengine - INFO - Epoch(train) [12][1150/1750]  lr: 1.8020e-05  eta: 0:01:09  time: 0.1133  data_time: 0.0004  memory: 2741  grad_norm: 0.0156  loss: 1.9072  loss_cls: 0.0326  loss_bbox: 0.0296  loss_giou: 0.1039  loss_quality: 0.0546  aux_0_loss_cls: 0.2456  aux_0_loss_bbox: 0.0978  aux_0_loss_giou: 0.3092  aux_1_loss_cls: 0.1656  aux_1_loss_bbox: 0.0467  aux_1_loss_giou: 0.1573  aux_2_loss_cls: 0.0780  aux_2_loss_bbox: 0.0407  aux_2_loss_giou: 0.1395  aux_3_loss_cls: 0.0433  aux_3_loss_bbox: 0.0389  aux_3_loss_giou: 0.1351  aux_4_loss_cls: 0.0401  aux_4_loss_bbox: 0.0329  aux_4_loss_giou: 0.1157
2026/08/09 00:39:37 - mmengine - INFO - Epoch(train) [12][1200/1750]  lr: 1.8020e-05  eta: 0:01:03  time: 0.1171  data_time: 0.0003  memory: 7051  grad_norm: 0.0161  loss: 1.9034  loss_cls: 0.0354  loss_bbox: 0.0309  loss_giou: 0.1055  loss_quality: 0.0564  aux_0_loss_cls: 0.2365  aux_0_loss_bbox: 0.0945  aux_0_loss_giou: 0.2994  aux_1_loss_cls: 0.1603  aux_1_loss_bbox: 0.0472  aux_1_loss_giou: 0.1579  aux_2_loss_cls: 0.0771  aux_2_loss_bbox: 0.0408  aux_2_loss_giou: 0.1395  aux_3_loss_cls: 0.0465  aux_3_loss_bbox: 0.0401  aux_3_loss_giou: 0.1363  aux_4_loss_cls: 0.0449  aux_4_loss_bbox: 0.0352  aux_4_loss_giou: 0.1190
2026/08/09 00:39:44 - mmengine - INFO - Epoch(train) [12][1250/1750]  lr: 1.8020e-05  eta: 0:00:58  time: 0.1342  data_time: 0.0003  memory: 10077  grad_norm: 0.0181  loss: 1.9523  loss_cls: 0.0334  loss_bbox: 0.0322  loss_giou: 0.1101  loss_quality: 0.0561  aux_0_loss_cls: 0.2431  aux_0_loss_bbox: 0.0984  aux_0_loss_giou: 0.3133  aux_1_loss_cls: 0.1639  aux_1_loss_bbox: 0.0479  aux_1_loss_giou: 0.1640  aux_2_loss_cls: 0.0785  aux_2_loss_bbox: 0.0411  aux_2_loss_giou: 0.1446  aux_3_loss_cls: 0.0463  aux_3_loss_bbox: 0.0407  aux_3_loss_giou: 0.1408  aux_4_loss_cls: 0.0423  aux_4_loss_bbox: 0.0350  aux_4_loss_giou: 0.1207
2026/08/09 00:39:49 - mmengine - INFO - Epoch(train) [12][1300/1750]  lr: 1.8020e-05  eta: 0:00:52  time: 0.1071  data_time: 0.0003  memory: 19238  grad_norm: 0.0168  loss: 1.9866  loss_cls: 0.0380  loss_bbox: 0.0323  loss_giou: 0.1031  loss_quality: 0.0557  aux_0_loss_cls: 0.2490  aux_0_loss_bbox: 0.1039  aux_0_loss_giou: 0.3078  aux_1_loss_cls: 0.1869  aux_1_loss_bbox: 0.0502  aux_1_loss_giou: 0.1596  aux_2_loss_cls: 0.0834  aux_2_loss_bbox: 0.0430  aux_2_loss_giou: 0.1398  aux_3_loss_cls: 0.0506  aux_3_loss_bbox: 0.0431  aux_3_loss_giou: 0.1386  aux_4_loss_cls: 0.0474  aux_4_loss_bbox: 0.0371  aux_4_loss_giou: 0.1173
2026/08/09 00:39:55 - mmengine - INFO - Epoch(train) [12][1350/1750]  lr: 1.8020e-05  eta: 0:00:46  time: 0.1145  data_time: 0.0003  memory: 2995  grad_norm: 0.0159  loss: 2.0315  loss_cls: 0.0373  loss_bbox: 0.0316  loss_giou: 0.1099  loss_quality: 0.0566  aux_0_loss_cls: 0.2531  aux_0_loss_bbox: 0.1018  aux_0_loss_giou: 0.3271  aux_1_loss_cls: 0.1695  aux_1_loss_bbox: 0.0509  aux_1_loss_giou: 0.1724  aux_2_loss_cls: 0.0860  aux_2_loss_bbox: 0.0430  aux_2_loss_giou: 0.1499  aux_3_loss_cls: 0.0522  aux_3_loss_bbox: 0.0416  aux_3_loss_giou: 0.1448  aux_4_loss_cls: 0.0461  aux_4_loss_bbox: 0.0352  aux_4_loss_giou: 0.1225
2026/08/09 00:40:00 - mmengine - INFO - Epoch(train) [12][1400/1750]  lr: 1.8020e-05  eta: 0:00:40  time: 0.1046  data_time: 0.0003  memory: 2687  grad_norm: 0.0162  loss: 1.9925  loss_cls: 0.0362  loss_bbox: 0.0308  loss_giou: 0.1089  loss_quality: 0.0567  aux_0_loss_cls: 0.2524  aux_0_loss_bbox: 0.1004  aux_0_loss_giou: 0.3208  aux_1_loss_cls: 0.1692  aux_1_loss_bbox: 0.0495  aux_1_loss_giou: 0.1668  aux_2_loss_cls: 0.0831  aux_2_loss_bbox: 0.0419  aux_2_loss_giou: 0.1464  aux_3_loss_cls: 0.0498  aux_3_loss_bbox: 0.0398  aux_3_loss_giou: 0.1391  aux_4_loss_cls: 0.0451  aux_4_loss_bbox: 0.0346  aux_4_loss_giou: 0.1209
2026/08/09 00:40:06 - mmengine - INFO - Epoch(train) [12][1450/1750]  lr: 1.8020e-05  eta: 0:00:34  time: 0.1040  data_time: 0.0004  memory: 2884  grad_norm: 0.0159  loss: 1.9206  loss_cls: 0.0352  loss_bbox: 0.0291  loss_giou: 0.1030  loss_quality: 0.0556  aux_0_loss_cls: 0.2438  aux_0_loss_bbox: 0.0963  aux_0_loss_giou: 0.3085  aux_1_loss_cls: 0.1621  aux_1_loss_bbox: 0.0462  aux_1_loss_giou: 0.1592  aux_2_loss_cls: 0.0779  aux_2_loss_bbox: 0.0395  aux_2_loss_giou: 0.1402  aux_3_loss_cls: 0.0480  aux_3_loss_bbox: 0.0396  aux_3_loss_giou: 0.1393  aux_4_loss_cls: 0.0466  aux_4_loss_bbox: 0.0336  aux_4_loss_giou: 0.1171
2026/08/09 00:40:10 - mmengine - INFO - Epoch(train) [12][1500/1750]  lr: 1.8020e-05  eta: 0:00:29  time: 0.0965  data_time: 0.0003  memory: 2796  grad_norm: 0.0165  loss: 1.9846  loss_cls: 0.0377  loss_bbox: 0.0313  loss_giou: 0.1101  loss_quality: 0.0577  aux_0_loss_cls: 0.2478  aux_0_loss_bbox: 0.1013  aux_0_loss_giou: 0.3238  aux_1_loss_cls: 0.1658  aux_1_loss_bbox: 0.0487  aux_1_loss_giou: 0.1645  aux_2_loss_cls: 0.0794  aux_2_loss_bbox: 0.0406  aux_2_loss_giou: 0.1434  aux_3_loss_cls: 0.0484  aux_3_loss_bbox: 0.0397  aux_3_loss_giou: 0.1397  aux_4_loss_cls: 0.0470  aux_4_loss_bbox: 0.0349  aux_4_loss_giou: 0.1228
2026/08/09 00:40:16 - mmengine - INFO - Epoch(train) [12][1550/1750]  lr: 1.8020e-05  eta: 0:00:23  time: 0.1037  data_time: 0.0003  memory: 2966  grad_norm: 0.0150  loss: 1.9055  loss_cls: 0.0393  loss_bbox: 0.0317  loss_giou: 0.1032  loss_quality: 0.0549  aux_0_loss_cls: 0.2447  aux_0_loss_bbox: 0.0965  aux_0_loss_giou: 0.2918  aux_1_loss_cls: 0.1660  aux_1_loss_bbox: 0.0477  aux_1_loss_giou: 0.1533  aux_2_loss_cls: 0.0807  aux_2_loss_bbox: 0.0401  aux_2_loss_giou: 0.1328  aux_3_loss_cls: 0.0501  aux_3_loss_bbox: 0.0410  aux_3_loss_giou: 0.1339  aux_4_loss_cls: 0.0473  aux_4_loss_bbox: 0.0357  aux_4_loss_giou: 0.1151
2026/08/09 00:40:21 - mmengine - INFO - Epoch(train) [12][1600/1750]  lr: 1.8020e-05  eta: 0:00:17  time: 0.1064  data_time: 0.0003  memory: 2567  grad_norm: 0.0152  loss: 1.9520  loss_cls: 0.0381  loss_bbox: 0.0300  loss_giou: 0.1066  loss_quality: 0.0564  aux_0_loss_cls: 0.2484  aux_0_loss_bbox: 0.0967  aux_0_loss_giou: 0.3141  aux_1_loss_cls: 0.1682  aux_1_loss_bbox: 0.0462  aux_1_loss_giou: 0.1607  aux_2_loss_cls: 0.0829  aux_2_loss_bbox: 0.0397  aux_2_loss_giou: 0.1408  aux_3_loss_cls: 0.0486  aux_3_loss_bbox: 0.0387  aux_3_loss_giou: 0.1374  aux_4_loss_cls: 0.0467  aux_4_loss_bbox: 0.0336  aux_4_loss_giou: 0.1182
2026/08/09 00:40:27 - mmengine - INFO - Epoch(train) [12][1650/1750]  lr: 1.8020e-05  eta: 0:00:11  time: 0.1237  data_time: 0.0004  memory: 2682  grad_norm: 0.0168  loss: 1.9597  loss_cls: 0.0375  loss_bbox: 0.0333  loss_giou: 0.1097  loss_quality: 0.0565  aux_0_loss_cls: 0.2379  aux_0_loss_bbox: 0.0997  aux_0_loss_giou: 0.3048  aux_1_loss_cls: 0.1617  aux_1_loss_bbox: 0.0510  aux_1_loss_giou: 0.1634  aux_2_loss_cls: 0.0773  aux_2_loss_bbox: 0.0436  aux_2_loss_giou: 0.1438  aux_3_loss_cls: 0.0500  aux_3_loss_bbox: 0.0427  aux_3_loss_giou: 0.1407  aux_4_loss_cls: 0.0466  aux_4_loss_bbox: 0.0373  aux_4_loss_giou: 0.1221
2026/08/09 00:40:32 - mmengine - INFO - Epoch(train) [12][1700/1750]  lr: 1.8020e-05  eta: 0:00:05  time: 0.1062  data_time: 0.0004  memory: 3011  grad_norm: 0.0154  loss: 1.9417  loss_cls: 0.0371  loss_bbox: 0.0325  loss_giou: 0.1062  loss_quality: 0.0554  aux_0_loss_cls: 0.2455  aux_0_loss_bbox: 0.0989  aux_0_loss_giou: 0.3037  aux_1_loss_cls: 0.1627  aux_1_loss_bbox: 0.0489  aux_1_loss_giou: 0.1593  aux_2_loss_cls: 0.0809  aux_2_loss_bbox: 0.0416  aux_2_loss_giou: 0.1387  aux_3_loss_cls: 0.0506  aux_3_loss_bbox: 0.0417  aux_3_loss_giou: 0.1377  aux_4_loss_cls: 0.0461  aux_4_loss_bbox: 0.0361  aux_4_loss_giou: 0.1183
2026/08/09 00:40:38 - mmengine - INFO - Exp name: capr_quality_final_only_train_24obj_20260808_234630
2026/08/09 00:40:38 - mmengine - INFO - Epoch(train) [12][1750/1750]  lr: 1.8020e-05  eta: 0:00:00  time: 0.1046  data_time: 0.0003  memory: 2962  grad_norm: 0.0159  loss: 1.9620  loss_cls: 0.0368  loss_bbox: 0.0316  loss_giou: 0.1090  loss_quality: 0.0563  aux_0_loss_cls: 0.2487  aux_0_loss_bbox: 0.0996  aux_0_loss_giou: 0.3091  aux_1_loss_cls: 0.1667  aux_1_loss_bbox: 0.0490  aux_1_loss_giou: 0.1618  aux_2_loss_cls: 0.0813  aux_2_loss_bbox: 0.0415  aux_2_loss_giou: 0.1409  aux_3_loss_cls: 0.0507  aux_3_loss_bbox: 0.0408  aux_3_loss_giou: 0.1382  aux_4_loss_cls: 0.0448  aux_4_loss_bbox: 0.0352  aux_4_loss_giou: 0.1200
2026/08/09 00:40:38 - mmengine - INFO - Saving checkpoint at 12 epochs
2026/08/09 00:40:45 - mmengine - INFO - Epoch(val) [12][ 50/500]    eta: 0:00:54  time: 0.1218  data_time: 0.0005  memory: 808  
2026/08/09 00:40:51 - mmengine - INFO - Epoch(val) [12][100/500]    eta: 0:00:48  time: 0.1213  data_time: 0.0002  memory: 805  
2026/08/09 00:40:58 - mmengine - INFO - Epoch(val) [12][150/500]    eta: 0:00:42  time: 0.1214  data_time: 0.0002  memory: 822  
2026/08/09 00:41:04 - mmengine - INFO - Epoch(val) [12][200/500]    eta: 0:00:36  time: 0.1214  data_time: 0.0002  memory: 822  
2026/08/09 00:41:10 - mmengine - INFO - Epoch(val) [12][250/500]    eta: 0:00:30  time: 0.1214  data_time: 0.0002  memory: 822  
2026/08/09 00:41:16 - mmengine - INFO - Epoch(val) [12][300/500]    eta: 0:00:24  time: 0.1208  data_time: 0.0002  memory: 822  
2026/08/09 00:41:22 - mmengine - INFO - Epoch(val) [12][350/500]    eta: 0:00:18  time: 0.1210  data_time: 0.0002  memory: 805  
2026/08/09 00:41:28 - mmengine - INFO - Epoch(val) [12][400/500]    eta: 0:00:12  time: 0.1214  data_time: 0.0002  memory: 808  
2026/08/09 00:41:34 - mmengine - INFO - Epoch(val) [12][450/500]    eta: 0:00:06  time: 0.1213  data_time: 0.0002  memory: 822  
2026/08/09 00:41:40 - mmengine - INFO - Epoch(val) [12][500/500]    eta: 0:00:00  time: 0.1214  data_time: 0.0002  memory: 814  
2026/08/09 00:41:41 - mmengine - INFO - Evaluating bbox...
2026/08/09 00:41:48 - mmengine - INFO - 
+----------+-------+--------+--------+-------+-------+-------+
| category | mAP   | mAP_50 | mAP_75 | mAP_s | mAP_m | mAP_l |
+----------+-------+--------+--------+-------+-------+-------+
| A1       | 0.92  | 0.99   | 0.98   | nan   | 0.893 | 0.929 |
| A2       | 0.915 | 0.989  | 0.979  | nan   | 0.882 | 0.925 |
| A3       | 0.915 | 0.995  | 0.989  | nan   | 0.898 | 0.938 |
| B4       | 0.913 | 0.99   | 0.979  | nan   | 0.897 | 0.946 |
| B5       | 0.914 | 0.989  | 0.989  | nan   | 0.905 | 0.944 |
| C6       | 0.911 | 0.996  | 0.989  | nan   | 0.905 | 0.938 |
| C7       | 0.903 | 0.998  | 0.987  | nan   | 0.899 | 0.929 |
| C8       | 0.897 | 0.99   | 0.979  | nan   | 0.895 | 0.943 |
| C9       | 0.885 | 0.99   | 0.98   | nan   | 0.884 | 0.946 |
| C10      | 0.888 | 0.99   | 0.979  | nan   | 0.887 | 0.942 |
| C11      | 0.886 | 0.99   | 0.979  | nan   | 0.885 | 0.919 |
| C12      | 0.898 | 0.99   | 0.989  | nan   | 0.897 | 0.969 |
| D13      | 0.862 | 0.989  | 0.978  | nan   | 0.862 | 0.5   |
| D14      | 0.861 | 0.99   | 0.975  | nan   | 0.861 | nan   |
| D15      | 0.852 | 0.986  | 0.974  | nan   | 0.852 | nan   |
| E16      | 0.862 | 0.989  | 0.988  | nan   | 0.862 | nan   |
| E17      | 0.849 | 0.99   | 0.978  | nan   | 0.849 | nan   |
| E18      | 0.843 | 0.989  | 0.962  | nan   | 0.843 | nan   |
| F19      | 0.825 | 0.99   | 0.96   | 0.677 | 0.825 | nan   |
| F20      | 0.829 | 0.99   | 0.958  | 0.4   | 0.829 | nan   |
| G21      | 0.798 | 0.989  | 0.95   | 0.638 | 0.807 | nan   |
| G22      | 0.793 | 0.986  | 0.93   | 0.54  | 0.8   | nan   |
| X        | 0.886 | 0.985  | 0.975  | nan   | 0.885 | 0.898 |
| Y        | 0.786 | 0.974  | 0.938  | 0.552 | 0.799 | nan   |
+----------+-------+--------+--------+-------+-------+-------+
2026/08/09 00:41:48 - mmengine - INFO - bbox_mAP_copypaste: 0.870 0.989 0.973 0.562 0.867 0.905
2026/08/09 00:41:48 - mmengine - INFO - Epoch(val) [12][500/500]    coco/A1_precision: 0.9200  coco/A1_mAP_50: 0.9900  coco/A1_mAP_75: 0.9800  coco/A1_mAP_s: nan  coco/A1_mAP_m: 0.8930  coco/A1_mAP_l: 0.9290  coco/A2_precision: 0.9150  coco/A2_mAP_50: 0.9890  coco/A2_mAP_75: 0.9790  coco/A2_mAP_s: nan  coco/A2_mAP_m: 0.8820  coco/A2_mAP_l: 0.9250  coco/A3_precision: 0.9150  coco/A3_mAP_50: 0.9950  coco/A3_mAP_75: 0.9890  coco/A3_mAP_s: nan  coco/A3_mAP_m: 0.8980  coco/A3_mAP_l: 0.9380  coco/B4_precision: 0.9130  coco/B4_mAP_50: 0.9900  coco/B4_mAP_75: 0.9790  coco/B4_mAP_s: nan  coco/B4_mAP_m: 0.8970  coco/B4_mAP_l: 0.9460  coco/B5_precision: 0.9140  coco/B5_mAP_50: 0.9890  coco/B5_mAP_75: 0.9890  coco/B5_mAP_s: nan  coco/B5_mAP_m: 0.9050  coco/B5_mAP_l: 0.9440  coco/C6_precision: 0.9110  coco/C6_mAP_50: 0.9960  coco/C6_mAP_75: 0.9890  coco/C6_mAP_s: nan  coco/C6_mAP_m: 0.9050  coco/C6_mAP_l: 0.9380  coco/C7_precision: 0.9030  coco/C7_mAP_50: 0.9980  coco/C7_mAP_75: 0.9870  coco/C7_mAP_s: nan  coco/C7_mAP_m: 0.8990  coco/C7_mAP_l: 0.9290  coco/C8_precision: 0.8970  coco/C8_mAP_50: 0.9900  coco/C8_mAP_75: 0.9790  coco/C8_mAP_s: nan  coco/C8_mAP_m: 0.8950  coco/C8_mAP_l: 0.9430  coco/C9_precision: 0.8850  coco/C9_mAP_50: 0.9900  coco/C9_mAP_75: 0.9800  coco/C9_mAP_s: nan  coco/C9_mAP_m: 0.8840  coco/C9_mAP_l: 0.9460  coco/C10_precision: 0.8880  coco/C10_mAP_50: 0.9900  coco/C10_mAP_75: 0.9790  coco/C10_mAP_s: nan  coco/C10_mAP_m: 0.8870  coco/C10_mAP_l: 0.9420  coco/C11_precision: 0.8860  coco/C11_mAP_50: 0.9900  coco/C11_mAP_75: 0.9790  coco/C11_mAP_s: nan  coco/C11_mAP_m: 0.8850  coco/C11_mAP_l: 0.9190  coco/C12_precision: 0.8980  coco/C12_mAP_50: 0.9900  coco/C12_mAP_75: 0.9890  coco/C12_mAP_s: nan  coco/C12_mAP_m: 0.8970  coco/C12_mAP_l: 0.9690  coco/D13_precision: 0.8620  coco/D13_mAP_50: 0.9890  coco/D13_mAP_75: 0.9780  coco/D13_mAP_s: nan  coco/D13_mAP_m: 0.8620  coco/D13_mAP_l: 0.5000  coco/D14_precision: 0.8610  coco/D14_mAP_50: 0.9900  coco/D14_mAP_75: 0.9750  coco/D14_mAP_s: nan  coco/D14_mAP_m: 0.8610  coco/D14_mAP_l: nan  coco/D15_precision: 0.8520  coco/D15_mAP_50: 0.9860  coco/D15_mAP_75: 0.9740  coco/D15_mAP_s: nan  coco/D15_mAP_m: 0.8520  coco/D15_mAP_l: nan  coco/E16_precision: 0.8620  coco/E16_mAP_50: 0.9890  coco/E16_mAP_75: 0.9880  coco/E16_mAP_s: nan  coco/E16_mAP_m: 0.8620  coco/E16_mAP_l: nan  coco/E17_precision: 0.8490  coco/E17_mAP_50: 0.9900  coco/E17_mAP_75: 0.9780  coco/E17_mAP_s: nan  coco/E17_mAP_m: 0.8490  coco/E17_mAP_l: nan  coco/E18_precision: 0.8430  coco/E18_mAP_50: 0.9890  coco/E18_mAP_75: 0.9620  coco/E18_mAP_s: nan  coco/E18_mAP_m: 0.8430  coco/E18_mAP_l: nan  coco/F19_precision: 0.8250  coco/F19_mAP_50: 0.9900  coco/F19_mAP_75: 0.9600  coco/F19_mAP_s: 0.6770  coco/F19_mAP_m: 0.8250  coco/F19_mAP_l: nan  coco/F20_precision: 0.8290  coco/F20_mAP_50: 0.9900  coco/F20_mAP_75: 0.9580  coco/F20_mAP_s: 0.4000  coco/F20_mAP_m: 0.8290  coco/F20_mAP_l: nan  coco/G21_precision: 0.7980  coco/G21_mAP_50: 0.9890  coco/G21_mAP_75: 0.9500  coco/G21_mAP_s: 0.6380  coco/G21_mAP_m: 0.8070  coco/G21_mAP_l: nan  coco/G22_precision: 0.7930  coco/G22_mAP_50: 0.9860  coco/G22_mAP_75: 0.9300  coco/G22_mAP_s: 0.5400  coco/G22_mAP_m: 0.8000  coco/G22_mAP_l: nan  coco/X_precision: 0.8860  coco/X_mAP_50: 0.9850  coco/X_mAP_75: 0.9750  coco/X_mAP_s: nan  coco/X_mAP_m: 0.8850  coco/X_mAP_l: 0.8980  coco/Y_precision: 0.7860  coco/Y_mAP_50: 0.9740  coco/Y_mAP_75: 0.9380  coco/Y_mAP_s: 0.5520  coco/Y_mAP_m: 0.7990  coco/Y_mAP_l: nan  coco/bbox_mAP: 0.8700  coco/bbox_mAP_50: 0.9890  coco/bbox_mAP_75: 0.9730  coco/bbox_mAP_s: 0.5620  coco/bbox_mAP_m: 0.8670  coco/bbox_mAP_l: 0.9050  data_time: 0.0002  time: 0.1213
